"series","period","method","h","MASE","cov80","cov95","MSIS","time"
"N0001","YEARLY","bets",6,1.66828963335614,0.5,1,5.65240792511931,0.05
"N0001","YEARLY","ets",6,1.56677496696782,1,1,7.21176710762403,0.01
"N0002","YEARLY","bets",6,1.88295206946604,0.833333333333333,1,13.738133679164,0.03
"N0002","YEARLY","ets",6,1.69842466352281,1,1,13.1269799920837,0
"N0003","YEARLY","bets",6,0.825123274724767,1,1,14.0746085160571,0.03
"N0003","YEARLY","ets",6,0.375188663718856,1,1,9.22615518255482,0
"N0004","YEARLY","bets",6,0.461300900502476,1,1,10.6011698481668,0.03
"N0004","YEARLY","ets",6,0.868038050455112,1,1,10.7810520399276,0
"N0005","YEARLY","bets",6,1.22128258699107,1,1,8.98062199642633,0.03
"N0005","YEARLY","ets",6,1.36236482787487,1,1,9.06808688408715,0
"N0006","YEARLY","bets",6,1.2819621154764,0.833333333333333,1,6.89437346905481,0.02
"N0006","YEARLY","ets",6,0.707309212742937,1,1,8.83811840144087,0.01
"N0007","YEARLY","bets",6,0.455654079618481,1,1,7.39334471180701,0.03
"N0007","YEARLY","ets",6,0.308860682024967,1,1,9.09079500556101,0
"N0008","YEARLY","bets",6,9.1247413820359,0.166666666666667,0.833333333333333,20.2738073356912,0.04
"N0008","YEARLY","ets",6,1.20457508230115,1,1,14.0755270755006,0
"N0009","YEARLY","bets",6,2.10062988866638,0.833333333333333,1,10.6551848669236,0.0299999999999998
"N0009","YEARLY","ets",6,2.35221069760046,0.666666666666667,1,8.40891839930791,0
"N0010","YEARLY","bets",6,7.81711939317075,0.333333333333333,0.333333333333333,193.722807505627,0.03
"N0010","YEARLY","ets",6,10.0587003529612,0,0.166666666666667,358.197364828013,0
"N0011","YEARLY","bets",6,6.13293653861593,0.166666666666667,0.666666666666667,18.6418445684522,0.03
"N0011","YEARLY","ets",6,7.77973948957914,0,0.333333333333333,43.5890016446953,0
"N0012","YEARLY","bets",6,4.32116155862073,0.333333333333333,0.5,33.8584412571248,0.03
"N0012","YEARLY","ets",6,4.33866888836308,0.333333333333333,0.666666666666667,48.8484429203064,0
"N0013","YEARLY","bets",6,2.74804781446887,0.333333333333333,0.833333333333333,7.55571962322402,0.00999999999999979
"N0013","YEARLY","ets",6,2.36636420463913,0.333333333333333,0.5,34.1929928351093,0
"N0014","YEARLY","bets",6,0.532248482461128,1,1,21.8151776083728,0.0100000000000002
"N0014","YEARLY","ets",6,0.94259108134617,1,1,11.5516289771911,0
"N0015","YEARLY","bets",6,0.940149847772329,0.833333333333333,1,7.51214499860205,0.0299999999999998
"N0015","YEARLY","ets",6,1.69580537882993,0.166666666666667,0.666666666666667,11.2740906118969,0
"N0016","YEARLY","bets",6,2.32474278896229,0.5,0.5,12.8398987891476,0.04
"N0016","YEARLY","ets",6,1.92405475784082,0.5,0.666666666666667,13.0680278457509,0
"N0017","YEARLY","bets",6,1.18680778325379,1,1,13.7247724741167,0.04
"N0017","YEARLY","ets",6,1.06950031142387,1,1,9.59027541714517,0.02
"N0018","YEARLY","bets",6,5.55099723683587,0,0.333333333333333,43.8053408601226,0.0100000000000002
"N0018","YEARLY","ets",6,4.64016908039146,0,0.166666666666667,105.966557130068,0
"N0019","YEARLY","bets",6,1.07732699129533,0.833333333333333,1,7.9375113850025,0.00999999999999979
"N0019","YEARLY","ets",6,3.10455811662679,0.333333333333333,0.5,31.6819495534724,0
"N0020","YEARLY","bets",6,7.36453944995066,0.166666666666667,0.666666666666667,17.895889109549,0.02
"N0020","YEARLY","ets",6,2.01569969988239,1,1,11.4027429666499,0
"N0021","YEARLY","bets",6,0.770874724568288,1,1,9.04178374121826,0.02
"N0021","YEARLY","ets",6,2.26725291846193,0.833333333333333,1,8.78745164030091,0
"N0022","YEARLY","bets",6,11.0926404597091,0,0.333333333333333,67.2545593908534,0.02
"N0022","YEARLY","ets",6,0.971416847134518,1,1,10.7817881175422,0
"N0023","YEARLY","bets",6,1.07562543402625,1,1,10.9501325520176,0.02
"N0023","YEARLY","ets",6,0.954686134136313,1,1,10.4512212701007,0
"N0024","YEARLY","bets",6,0.812622396195691,1,1,8.45117695488907,0.0100000000000002
"N0024","YEARLY","ets",6,0.974985288650101,1,1,5.45795933621192,0
"N0025","YEARLY","bets",6,0.690572409389129,1,1,8.7507581639327,0.00999999999999979
"N0025","YEARLY","ets",6,2.82127412064429,0,0,65.3705507020269,0
"N0026","YEARLY","bets",6,7.07739165866106,0.166666666666667,0.5,46.4026416938137,0.0100000000000002
"N0026","YEARLY","ets",6,1.13533586034438,1,1,9.01206192718823,0
"N0027","YEARLY","bets",6,8.21177289539318,0.166666666666667,0.833333333333333,22.2749203329733,0.00999999999999979
"N0027","YEARLY","ets",6,12.6478659924152,0.166666666666667,0.166666666666667,277.689954559722,0
"N0028","YEARLY","bets",6,6.67523948854557,0.166666666666667,0.666666666666667,111.471489905429,0.02
"N0028","YEARLY","ets",6,6.6048896222889,0.166666666666667,0.333333333333333,143.242230789705,0
"N0029","YEARLY","bets",6,1.43753517086873,1,1,17.6569816744324,0.02
"N0029","YEARLY","ets",6,1.03555669678176,1,1,11.6031046758745,0
"N0030","YEARLY","bets",6,4.6174842569755,0,0.666666666666667,21.4429041389299,0.02
"N0030","YEARLY","ets",6,3.86315320300811,0,0.166666666666667,49.4589751317727,0
"N0031","YEARLY","bets",6,1.14563254571254,0.833333333333333,1,9.00794413570616,0.02
"N0031","YEARLY","ets",6,3.2116477612445,0,0.166666666666667,66.7510681531186,0
"N0032","YEARLY","bets",6,7.96037778353541,0,0,104.715861355029,0.0100000000000002
"N0032","YEARLY","ets",6,9.37937776286305,0,0,142.937886049559,0
"N0033","YEARLY","bets",6,1.47823900987392,1,1,15.9649418507941,0.00999999999999979
"N0033","YEARLY","ets",6,0.65982770667781,1,1,9.73236306211167,0
"N0034","YEARLY","bets",6,0.723654809015649,1,1,13.1248434168555,0.0100000000000002
"N0034","YEARLY","ets",6,1.7161993287937,1,1,8.48168594446618,0
"N0035","YEARLY","bets",6,0.600800244043195,1,1,13.2062743737645,0.00999999999999979
"N0035","YEARLY","ets",6,0.375188663718856,1,1,9.22615518255482,0
"N0036","YEARLY","bets",6,10.2075072771654,0.333333333333333,0.333333333333333,243.678185262094,0.02
"N0036","YEARLY","ets",6,8.95804509689031,0.333333333333333,0.333333333333333,207.895108586229,0
"N0037","YEARLY","bets",6,13.0107854098494,0.166666666666667,0.833333333333333,95.1893764355109,0.02
"N0037","YEARLY","ets",6,16.4786935108815,0,0,398.277222507966,0
"N0038","YEARLY","bets",6,1.63324521303184,0.333333333333333,0.5,20.1969422700771,0.02
"N0038","YEARLY","ets",6,1.56997249514666,0.333333333333333,0.5,15.896084972165,0
"N0039","YEARLY","bets",6,3.17525392920106,0.666666666666667,0.833333333333333,34.848478033401,0.02
"N0039","YEARLY","ets",6,3.53624705459514,0.5,0.666666666666667,39.8103546242395,0
"N0040","YEARLY","bets",6,5.42211152466671,0.5,0.5,74.0882084186187,0.0100000000000002
"N0040","YEARLY","ets",6,5.02896543715602,0.5,0.5,42.7751593646997,0
"N0041","YEARLY","bets",6,4.556919091136,0.333333333333333,0.833333333333333,23.491794736535,0.00999999999999979
"N0041","YEARLY","ets",6,2.92757705065496,0.166666666666667,0.166666666666667,58.3251941914625,0
"N0042","YEARLY","bets",6,4.19826941438467,0,0.5,20.0231274417181,0.0100000000000002
"N0042","YEARLY","ets",6,5.33760640652258,0,0.5,25.6588748992413,0.02
"N0043","YEARLY","bets",6,2.52059622232057,0.5,1,6.42650788145739,0.00999999999999979
"N0043","YEARLY","ets",6,2.47565352960585,0.666666666666667,1,9.5275826803566,0
"N0044","YEARLY","bets",6,1.96024988664839,0.666666666666667,1,9.36123429103366,0.02
"N0044","YEARLY","ets",6,2.32528763047549,0.166666666666667,0.166666666666667,28.0434069193029,0.00999999999999979
"N0045","YEARLY","bets",6,0.722139396449796,1,1,10.9033712075056,0.0300000000000002
"N0045","YEARLY","ets",6,3.44919569299369,0,0.166666666666667,66.4639281431122,0
"N0046","YEARLY","bets",6,3.20638916349213,0.833333333333333,1,12.4542565699259,0.02
"N0046","YEARLY","ets",6,2.32192706729134,0.833333333333333,0.833333333333333,10.8696095754839,0.00999999999999979
"N0047","YEARLY","bets",6,2.17612622577035,1,1,10.5000667300913,0.02
"N0047","YEARLY","ets",6,1.96535764821625,1,1,10.22162679699,0
"N0048","YEARLY","bets",6,1.32897712238565,0.833333333333333,1,8.19825838697227,0.0100000000000002
"N0048","YEARLY","ets",6,1.83599376190244,1,1,9.14883321779024,0
"N0049","YEARLY","bets",6,5.66278482953491,1,1,23.9174673139316,0.00999999999999979
"N0049","YEARLY","ets",6,4.36230493842773,0.333333333333333,1,13.2371982388525,0
"N0050","YEARLY","bets",6,2.05575747020134,1,1,11.5700692728168,0.0100000000000002
"N0050","YEARLY","ets",6,1.24527131880513,0.833333333333333,1,8.49757892322085,0
"N0051","YEARLY","bets",6,1.50440690668461,0.833333333333333,1,8.51902569006223,0.0299999999999998
"N0051","YEARLY","ets",6,1.39832084994368,1,1,8.08729070162485,0.02
"N0052","YEARLY","bets",6,1.31796460117342,0.833333333333333,1,9.99808999262264,0.02
"N0052","YEARLY","ets",6,1.54990533403233,0.833333333333333,1,12.4553226150934,0
"N0053","YEARLY","bets",6,4.48759656726064,0.166666666666667,0.5,19.8264475468699,0.0299999999999998
"N0053","YEARLY","ets",6,3.12112167177617,0,0,61.8044581689308,0.0100000000000002
"N0054","YEARLY","bets",6,2.97682222604574,0.5,1,9.20494207469003,0.02
"N0054","YEARLY","ets",6,3.21549831521466,0.166666666666667,0.833333333333333,9.14774738235734,0
"N0055","YEARLY","bets",6,1.30316146861123,1,1,12.3020712654963,0.02
"N0055","YEARLY","ets",6,2.92557409478034,0.833333333333333,1,16.5694850801339,0
"N0056","YEARLY","bets",6,3.51802144883671,0.5,0.666666666666667,30.3210821130743,0.0100000000000002
"N0056","YEARLY","ets",6,5.96928743205274,0,0,82.4005800442894,0
"N0057","YEARLY","bets",6,3.22788868373088,0.333333333333333,1,8.2161598239744,0.00999999999999979
"N0057","YEARLY","ets",6,5.13524571426293,0,0,148.884351889737,0.02
"N0058","YEARLY","bets",6,10.3913312024909,0,0,219.318213323909,0.0100000000000002
"N0058","YEARLY","ets",6,10.3317410219247,0,0,297.87758324922,0
"N0059","YEARLY","bets",6,5.1989809938119,0.166666666666667,0.333333333333333,28.9229167007117,0.02
"N0059","YEARLY","ets",6,6.05623906289533,0,0.166666666666667,92.2338518584307,0.00999999999999979
"N0060","YEARLY","bets",6,0.66707844210392,1,1,11.0704576583128,0.04
"N0060","YEARLY","ets",6,0.670535965245349,1,1,10.2637774180468,0
"N0061","YEARLY","bets",6,0.421955569553025,1,1,9.25666713291543,0.02
"N0061","YEARLY","ets",6,1.20326792866976,1,1,9.80316112705104,0
"N0062","YEARLY","bets",6,0.901010838878849,1,1,11.0272794389011,0.02
"N0062","YEARLY","ets",6,1.82266267822175,0.833333333333333,1,8.63732357689966,0
"N0063","YEARLY","bets",6,2.71906039634957,0.666666666666667,0.833333333333333,12.4324186049939,0.02
"N0063","YEARLY","ets",6,1.09302279784221,0.666666666666667,0.833333333333333,6.06009724843409,0
"N0064","YEARLY","bets",6,3.38449592698497,1,1,21.7879978088755,0.0100000000000002
"N0064","YEARLY","ets",6,3.10695419608394,1,1,24.9653933334887,0
"N0065","YEARLY","bets",6,1.41733261823511,0.5,0.833333333333333,10.111539166364,0.0299999999999998
"N0065","YEARLY","ets",6,1.41424928840016,0.666666666666667,0.833333333333333,10.9757999411417,0.02
"N0066","YEARLY","bets",6,5.21108765915536,0.333333333333333,1,14.5190579659598,0.0100000000000002
"N0066","YEARLY","ets",6,0.615631272436518,1,1,8.88770092201017,0
"N0067","YEARLY","bets",6,1.42379817081898,1,1,10.1031381674323,0.0299999999999998
"N0067","YEARLY","ets",6,1.37374841217921,1,1,7.85447846340452,0
"N0068","YEARLY","bets",6,2.05542694092595,1,1,9.82079579176467,0.02
"N0068","YEARLY","ets",6,2.50652331815303,0.833333333333333,1,9.97757498373248,0
"N0069","YEARLY","bets",6,3.38335230232717,0.5,0.666666666666667,25.2200525328124,0.02
"N0069","YEARLY","ets",6,3.48306998413184,0.666666666666667,0.666666666666667,19.507697956776,0
"N0070","YEARLY","bets",6,2.58971422788877,0.333333333333333,0.5,28.0265603798965,0.02
"N0070","YEARLY","ets",6,1.58116041816617,0.5,0.5,18.5100021698214,0
"N0071","YEARLY","bets",6,2.97165201565121,1,1,14.2975119965017,0.02
"N0071","YEARLY","ets",6,1.32328655851512,0.833333333333333,1,6.20249325716979,0
"N0072","YEARLY","bets",6,1.79649764150583,0.666666666666667,0.833333333333333,12.3873269813768,0.0100000000000002
"N0072","YEARLY","ets",6,1.50613782683482,0.666666666666667,1,6.99753231781819,0
"N0073","YEARLY","bets",6,7.47500933244129,0.166666666666667,1,19.3667907114129,0.0299999999999998
"N0073","YEARLY","ets",6,1.11448213780658,1,1,14.2953208758022,0
"N0074","YEARLY","bets",6,1.15168456157232,1,1,15.8510073867415,0.0100000000000002
"N0074","YEARLY","ets",6,0.76009455514744,1,1,12.163069997249,0
"N0075","YEARLY","bets",6,8.75918637521878,0.333333333333333,0.5,157.678264256201,0.0299999999999998
"N0075","YEARLY","ets",6,10.22281342087,0.166666666666667,0.333333333333333,241.660653726678,0
"N0076","YEARLY","bets",6,6.37741026943679,0,0,100.606152764599,0.02
"N0076","YEARLY","ets",6,6.78348829498009,0,0,175.537068898981,0.02
"N0077","YEARLY","bets",6,2.62670951408054,0.333333333333333,0.833333333333333,9.83606634694122,0.0300000000000002
"N0077","YEARLY","ets",6,3.18372933452348,0.333333333333333,0.833333333333333,10.2434707322266,0
"N0078","YEARLY","bets",6,1.32894829298827,0.5,0.666666666666667,10.3957001249903,0.0199999999999996
"N0078","YEARLY","ets",6,3.08534419231104,0,0,89.2216636259155,0
"N0079","YEARLY","bets",6,6.21426406571862,0.333333333333333,0.5,51.7137182133084,0.0199999999999996
"N0079","YEARLY","ets",6,4.51520771440135,0.333333333333333,0.5,31.1171959653982,0
"N0080","YEARLY","bets",6,2.94766698309539,0.5,1,12.2219075811421,0.00999999999999979
"N0080","YEARLY","ets",6,2.01099561402607,0.5,1,9.31218258933326,0
"N0081","YEARLY","bets",6,1.1301878355332,1,1,14.7731603758288,0.0300000000000002
"N0081","YEARLY","ets",6,1.09733376110794,1,1,9.99589992666293,0
"N0082","YEARLY","bets",6,6.21876310309465,0,0.5,43.7740331819492,0.00999999999999979
"N0082","YEARLY","ets",6,4.26154674278017,0,0.333333333333333,81.2501448842608,0.0200000000000005
"N0083","YEARLY","bets",6,4.03965992317588,0.166666666666667,0.5,22.6691257698609,0.0300000000000002
"N0083","YEARLY","ets",6,4.34842883658327,0.166666666666667,0.833333333333333,14.2665815429279,0
"N0084","YEARLY","bets",6,4.50205323798372,0.333333333333333,1,14.8807822421172,0.00999999999999979
"N0084","YEARLY","ets",6,1.66017503676385,0.833333333333333,0.833333333333333,14.3275770888166,0
"N0085","YEARLY","bets",6,1.09627856802705,1,1,9.79417797928902,0.00999999999999979
"N0085","YEARLY","ets",6,2.65448389197562,0.5,1,8.88701131961909,0
"N0086","YEARLY","bets",6,10.3140004062176,0,0.333333333333333,52.3441973961075,0.0100000000000007
"N0086","YEARLY","ets",6,15.4865703145312,0,0,202.219503449067,0
"N0087","YEARLY","bets",6,0.617991277699432,1,1,11.2508762737461,0.0200000000000005
"N0087","YEARLY","ets",6,0.610055742214614,1,1,11.3783173535025,0
"N0088","YEARLY","bets",6,1.02836871494027,1,1,8.04021498445725,0.0199999999999996
"N0088","YEARLY","ets",6,1.53267660655874,0.5,0.833333333333333,5.99326686392887,0
"N0089","YEARLY","bets",6,3.65658833030949,0,0.5,16.9402970993423,0.0199999999999996
"N0089","YEARLY","ets",6,2.4619335515233,0,0.333333333333333,12.0558005501292,0
"N0090","YEARLY","bets",6,3.52133839773628,0.5,1,10.9636507231596,0.0200000000000005
"N0090","YEARLY","ets",6,2.57494044937089,0.5,0.666666666666667,25.7503294624809,0
"N0091","YEARLY","bets",6,3.91721243243322,0.666666666666667,0.666666666666667,45.9493667688129,0.04
"N0091","YEARLY","ets",6,5.21520849372895,0,0.166666666666667,148.636798900177,0
"N0092","YEARLY","bets",6,10.307468727017,0,0,293.760632340482,0.0300000000000002
"N0092","YEARLY","ets",6,10.4298313041817,0,0,363.900738443692,0
"N0093","YEARLY","bets",6,2.8285072014588,0.666666666666667,1,9.16278715132528,0.0299999999999994
"N0093","YEARLY","ets",6,4.1745572142233,0.333333333333333,0.5,81.12710355301,0
"N0094","YEARLY","bets",6,14.0519479693681,0,0,306.6457356779,0.0100000000000007
"N0094","YEARLY","ets",6,15.303611226977,0,0,334.362153297725,0
"N0095","YEARLY","bets",6,3.66797019185265,0.333333333333333,1,10.6023367672527,0.0300000000000002
"N0095","YEARLY","ets",6,3.845035464715,0.166666666666667,1,10.1096109238312,0
"N0096","YEARLY","bets",6,4.27150300289385,0.166666666666667,0.666666666666667,23.3315191114247,0.0300000000000002
"N0096","YEARLY","ets",6,3.70435929875463,0.5,0.833333333333333,13.440715964385,0
"N0097","YEARLY","bets",6,0.330783447208446,1,1,9.15163351059462,0.0299999999999994
"N0097","YEARLY","ets",6,0.98299335528504,1,1,7.99798751624813,0
"N0098","YEARLY","bets",6,1.16765466550654,1,1,9.45516291048393,0.00999999999999979
"N0098","YEARLY","ets",6,1.12253224583471,1,1,8.49459913430219,0
"N0099","YEARLY","bets",6,1.03406775210003,1,1,6.53849130711754,0.04
"N0099","YEARLY","ets",6,1.02970069312314,1,1,6.00085049667696,0
"N0100","YEARLY","bets",6,3.359210986875,0.166666666666667,0.833333333333333,7.69570755056605,0.0200000000000005
"N0100","YEARLY","ets",6,3.6261679917612,0.166666666666667,0.5,25.1253675867771,0
"N0101","YEARLY","bets",6,4.57708641640353,0.166666666666667,0.666666666666667,29.6367997813211,0.0199999999999996
"N0101","YEARLY","ets",6,4.67545861781993,0.166666666666667,0.333333333333333,35.4350055364239,0
"N0102","YEARLY","bets",6,1.25125322968853,1,1,12.1508431184117,0.0300000000000002
"N0102","YEARLY","ets",6,1.10424378548157,1,1,9.56987038563934,0
"N0103","YEARLY","bets",6,0.976916928134494,1,1,14.6957424207047,0.0300000000000002
"N0103","YEARLY","ets",6,0.577781331774613,1,1,10.3757292128414,0
"N0104","YEARLY","bets",6,1.15405474704346,1,1,9.99937225827639,0.0100000000000007
"N0104","YEARLY","ets",6,0.478617473830852,1,1,8.04051903833849,0
"N0105","YEARLY","bets",6,1.96615116406005,0.833333333333333,1,9.63177073768007,0.0299999999999994
"N0105","YEARLY","ets",6,1.2821499069179,1,1,9.39631244073033,0
"N0106","YEARLY","bets",6,2.2001333549116,0.333333333333333,0.666666666666667,15.8697639637835,0.0300000000000002
"N0106","YEARLY","ets",6,2.57153500863837,0,0.5,23.5061656307865,0
"N0107","YEARLY","bets",6,0.325839849223818,1,1,14.2410442731047,0.04
"N0107","YEARLY","ets",6,0.451966248936781,1,1,12.8832841757685,0
"N0108","YEARLY","bets",6,5.34098943901606,0.5,0.5,81.8231499905129,0.0300000000000002
"N0108","YEARLY","ets",6,5.51897046967842,0.5,0.5,97.5293660640725,0
"N0109","YEARLY","bets",6,0.934644582953255,1,1,11.2062786716092,0.0299999999999994
"N0109","YEARLY","ets",6,1.32123888794361,1,1,9.21847519082724,0
"N0110","YEARLY","bets",6,4.35700289837877,0.333333333333333,0.5,103.843382950011,0.0300000000000002
"N0110","YEARLY","ets",6,5.57478007671607,0,0.166666666666667,184.580632483543,0
"N0111","YEARLY","bets",6,3.62448504187344,0.666666666666667,0.666666666666667,62.2091515494093,0.00999999999999979
"N0111","YEARLY","ets",6,3.76405693473753,0.666666666666667,0.666666666666667,74.1227738469623,0
"N0112","YEARLY","bets",6,2.40740709380689,0.5,1,9.07270938403477,0.0100000000000007
"N0112","YEARLY","ets",6,1.69142057231314,0.5,0.833333333333333,6.87249285832175,0
"N0113","YEARLY","bets",6,18.5285954051545,0,0,332.154112924027,0.00999999999999979
"N0113","YEARLY","ets",6,20.9865501683696,0,0,360.004175173344,0
"N0114","YEARLY","bets",6,3.76523275201628,0.333333333333333,1,14.8680720250058,0.00999999999999979
"N0114","YEARLY","ets",6,4.90278458328511,0.166666666666667,0.166666666666667,43.4198968362694,0
"N0115","YEARLY","bets",6,7.42916056568734,0,0,144.552199920611,0.0199999999999996
"N0115","YEARLY","ets",6,7.70976823469097,0,0,155.362072331908,0
"N0116","YEARLY","bets",6,3.54940955108518,0,0.5,16.2713325125645,0.0300000000000002
"N0116","YEARLY","ets",6,3.42188890116527,0,0.666666666666667,12.6439184999515,0
"N0117","YEARLY","bets",6,4.08238215262906,0.333333333333333,0.833333333333333,26.1179080395952,0.0199999999999996
"N0117","YEARLY","ets",6,1.90405554066769,0.666666666666667,1,8.78011622804492,0
"N0118","YEARLY","bets",6,0.828196093594631,1,1,7.60680452370593,0.0199999999999996
"N0118","YEARLY","ets",6,0.907427244120416,0.833333333333333,1,4.76318102980965,0
"N0119","YEARLY","bets",6,3.64380171399909,0.5,0.833333333333333,67.7280495074418,0.00999999999999979
"N0119","YEARLY","ets",6,3.74905751756685,0.333333333333333,0.833333333333333,66.4738076377217,0
"N0120","YEARLY","bets",6,7.14064684444842,0.166666666666667,0.5,86.8788984834132,0.0100000000000007
"N0120","YEARLY","ets",6,8.09085490224674,0.166666666666667,0.5,87.7300429947226,0
"N0121","YEARLY","bets",6,11.6931510399678,0.166666666666667,0.5,283.675496239425,0.0300000000000002
"N0121","YEARLY","ets",6,12.8749919349329,0.166666666666667,0.166666666666667,347.679646283461,0.00999999999999979
"N0122","YEARLY","bets",6,3.08981289716835,0.666666666666667,0.666666666666667,23.772487314869,0.04
"N0122","YEARLY","ets",6,3.38449445364367,0.5,0.5,31.2167237919266,0
"N0123","YEARLY","bets",6,2.57399050380624,0.5,1,8.79818528709524,0.0300000000000002
"N0123","YEARLY","ets",6,2.80790372754528,0.5,0.833333333333333,18.1135476648929,0
"N0124","YEARLY","bets",6,2.55306533446786,0.833333333333333,1,10.8053619635367,0.0300000000000002
"N0124","YEARLY","ets",6,1.00541910041569,1,1,8.18841265977692,0.0199999999999996
"N0125","YEARLY","bets",6,0.377116757102636,1,1,6.12791720231126,0.0300000000000002
"N0125","YEARLY","ets",6,0.38118608624858,1,1,4.18664202262633,0
"N0126","YEARLY","bets",6,7.17997928661519,0.166666666666667,0.5,94.5918821392317,0.0300000000000002
"N0126","YEARLY","ets",6,7.91624047022081,0.166666666666667,0.333333333333333,177.309289914022,0
"N0127","YEARLY","bets",6,2.12616915638636,0.833333333333333,1,12.0083022450813,0.0300000000000002
"N0127","YEARLY","ets",6,1.60215385783998,0.833333333333333,1,7.48347763017143,0
"N0128","YEARLY","bets",6,3.5443513282422,0.666666666666667,0.833333333333333,20.7310436609335,0.04
"N0128","YEARLY","ets",6,2.19175713015309,0.833333333333333,1,10.5240319986851,0
"N0129","YEARLY","bets",6,1.60719828669191,0.833333333333333,1,8.43266634511417,0.0300000000000002
"N0129","YEARLY","ets",6,1.13610523891516,0.833333333333333,0.833333333333333,4.93029260985966,0
"N0130","YEARLY","bets",6,8.75024142861784,0,0.5,135.273163192966,0.0300000000000002
"N0130","YEARLY","ets",6,7.60064962343291,0.166666666666667,0.5,128.187616317497,0
"N0131","YEARLY","bets",6,2.83200862515,0.5,1,8.10486831967878,0.0200000000000005
"N0131","YEARLY","ets",6,2.2978092015705,0.833333333333333,1,9.41116281661364,0
"N0132","YEARLY","bets",6,1.33257139433132,1,1,12.5251034989933,0.0300000000000002
"N0132","YEARLY","ets",6,3.65812203623726,0.5,0.833333333333333,11.7602755237085,0
"N0133","YEARLY","bets",6,6.39588093760231,0.333333333333333,0.666666666666667,93.8345716715194,0.0299999999999994
"N0133","YEARLY","ets",6,4.81981874113216,0.333333333333333,0.666666666666667,82.6935294825741,0
"N0134","YEARLY","bets",6,7.41930109994893,0,0,119.716040136196,0.0300000000000002
"N0134","YEARLY","ets",6,8.11181033869839,0,0,135.226052341222,0
"N0135","YEARLY","bets",6,3.63179263875142,0.333333333333333,0.333333333333333,58.8427122067254,0.0199999999999996
"N0135","YEARLY","ets",6,3.65136496587585,0.333333333333333,0.333333333333333,82.8508403155661,0
"N0136","YEARLY","bets",6,0.98930318561168,1,1,7.6352613476904,0.0200000000000005
"N0136","YEARLY","ets",6,0.0812917978255114,1,1,4.91963664567427,0
"N0137","YEARLY","bets",6,0.647382758566229,1,1,5.93925200021841,0.0199999999999996
"N0137","YEARLY","ets",6,0.451612164725665,1,1,4.45921125853851,0
"N0138","YEARLY","bets",6,2.39973496825704,0.833333333333333,0.833333333333333,15.4058663395524,0.04
"N0138","YEARLY","ets",6,2.19675925925926,0.666666666666667,0.833333333333333,11.5956262656827,0
"N0139","YEARLY","bets",6,2.98476421180238,0.5,1,11.3874321957976,0.00999999999999979
"N0139","YEARLY","ets",6,2.9518425032145,0.5,1,10.0123079344977,0.0199999999999996
"N0140","YEARLY","bets",6,5.83895402086939,0.333333333333333,0.5,33.8245283200566,0.0100000000000007
"N0140","YEARLY","ets",6,8.29635269038734,0.166666666666667,0.333333333333333,186.070816651445,0
"N0141","YEARLY","bets",6,4.81002665818683,0,0.166666666666667,113.263147770507,0.00999999999999979
"N0141","YEARLY","ets",6,4.79031548798741,0,0.166666666666667,97.2077257225968,0
"N0142","YEARLY","bets",6,0.336203412425018,1,1,7.57422758063681,0.0300000000000002
"N0142","YEARLY","ets",6,1.67670325264311,0.5,1,5.11429835825828,0
"N0143","YEARLY","bets",6,0.843689831111679,1,1,11.327547607511,0.00999999999999979
"N0143","YEARLY","ets",6,1.77479328918194,1,1,10.2235907387425,0
"N0144","YEARLY","bets",6,2.16594750477341,0.5,0.833333333333333,13.0711174551352,0.00999999999999979
"N0144","YEARLY","ets",6,2.3524973977334,0.333333333333333,0.666666666666667,24.8183836520008,0
"N0145","YEARLY","bets",6,2.18988601771075,0.833333333333333,1,12.9418330312477,0.0100000000000007
"N0145","YEARLY","ets",6,1.90168912385817,1,1,17.2433694694314,0
"N0146","YEARLY","bets",6,2.41419297187345,0.833333333333333,1,12.5424130248319,0.04
"N0146","YEARLY","ets",6,2.58256625932392,0.666666666666667,0.833333333333333,11.2888486196955,0
"N0147","YEARLY","bets",6,1.90722595613835,0.833333333333333,1,10.2118867740199,0.0300000000000002
"N0147","YEARLY","ets",6,1.700996378315,1,1,8.56161512155558,0
"N0148","YEARLY","bets",6,0.934440903589442,1,1,9.7025205544492,0.00999999999999979
"N0148","YEARLY","ets",6,2.22882262295374,1,1,9.17272458465074,0
"N0149","YEARLY","bets",6,1.19444714616267,1,1,9.26599894016652,0.0300000000000002
"N0149","YEARLY","ets",6,1.33387828236626,1,1,9.21448852720243,0
"N0150","YEARLY","bets",6,1.73154493289306,0.666666666666667,0.833333333333333,14.6029244438661,0.0300000000000002
"N0150","YEARLY","ets",6,1.74835451348801,0.666666666666667,0.833333333333333,12.4171811791826,0.00999999999999979
"N0151","YEARLY","bets",6,0.424954777636254,1,1,8.10244233073485,0.0300000000000002
"N0151","YEARLY","ets",6,0.433652225133549,1,1,7.95607311257378,0.0199999999999996
"N0152","YEARLY","bets",6,1.64297873121655,0.666666666666667,1,6.60774923381967,0.0200000000000005
"N0152","YEARLY","ets",6,1.73584453470604,0.666666666666667,1,6.44250233388947,0.00999999999999979
"N0153","YEARLY","bets",6,1.00351266871369,1,1,9.27612271083508,0.0300000000000002
"N0153","YEARLY","ets",6,3.67566815630148,0.166666666666667,0.333333333333333,44.8690451271219,0
"N0154","YEARLY","bets",6,5.36810604834497,0.5,0.666666666666667,97.5109006417925,0.00999999999999979
"N0154","YEARLY","ets",6,6.00881205046995,0.5,0.666666666666667,92.1715810017629,0
"N0155","YEARLY","bets",6,1.12472735702801,1,1,10.6554188833766,0.0300000000000002
"N0155","YEARLY","ets",6,0.991837302926938,1,1,11.1028953932057,0
"N0156","YEARLY","bets",6,5.48237924883321,0,1,14.2306571761475,0.0199999999999996
"N0156","YEARLY","ets",6,7.68227945118142,0,0.666666666666667,24.781360276194,0.00999999999999979
"N0157","YEARLY","bets",6,7.03165403649372,0,0.333333333333333,29.5421762607303,0.0300000000000002
"N0157","YEARLY","ets",6,8.03382233148771,0,0,111.370899469732,0
"N0158","YEARLY","bets",6,1.46431799934683,1,1,16.9149377968693,0.0300000000000002
"N0158","YEARLY","ets",6,1.09017832098516,1,1,11.8094368507019,0
"N0159","YEARLY","bets",6,8.1086313586172,0,0.5,34.1674641173662,0.04
"N0159","YEARLY","ets",6,8.7863079857682,0,0,140.830624758647,0
"N0160","YEARLY","bets",6,1.1536024358977,1,1,12.9234872054601,0.0199999999999996
"N0160","YEARLY","ets",6,1.16623920045411,1,1,11.8348751763334,0
"N0161","YEARLY","bets",6,2.22474792764706,0.833333333333333,1,10.9572839044071,0.0300000000000002
"N0161","YEARLY","ets",6,1.51534426696026,0.833333333333333,1,8.91060093639986,0
"N0162","YEARLY","bets",6,0.767458411096599,1,1,6.66264685366383,0.0300000000000002
"N0162","YEARLY","ets",6,0.655507035419699,1,1,5.184277989892,0
"N0163","YEARLY","bets",6,0.614649189127547,1,1,7.80065083820061,0.0300000000000002
"N0163","YEARLY","ets",6,0.710201729633198,1,1,6.85236258014682,0
"N0164","YEARLY","bets",6,2.10629233264311,1,1,11.6322003948159,0.0499999999999998
"N0164","YEARLY","ets",6,1.51241641290992,1,1,9.61591884652879,0
"N0165","YEARLY","bets",6,1.99569739708764,1,1,11.6613918788144,0.0299999999999994
"N0165","YEARLY","ets",6,0.589065226030983,1,1,9.18758144083123,0
"N0166","YEARLY","bets",6,0.482818418715314,1,1,12.9365003448522,0.0199999999999996
"N0166","YEARLY","ets",6,1.78118392337758,1,1,11.0741700325773,0
"N0167","YEARLY","bets",6,3.55446968987691,0.833333333333333,1,14.5186985368203,0.00999999999999979
"N0167","YEARLY","ets",6,3.25848033541453,0.833333333333333,1,13.9794852322569,0
"N0168","YEARLY","bets",6,2.81595861472341,1,1,16.3480149443518,0.0300000000000002
"N0168","YEARLY","ets",6,2.97034126987058,1,1,17.5112935782021,0
"N0169","YEARLY","bets",6,2.1364390616361,0.833333333333333,1,13.4545933646755,0.0200000000000005
"N0169","YEARLY","ets",6,1.92877387647757,0.833333333333333,1,10.6403746593437,0
"N0170","YEARLY","bets",6,5.04528914153366,0.833333333333333,1,20.2532453381006,0.0200000000000005
"N0170","YEARLY","ets",6,9.74868264869053,0,0,161.429595819503,0
"N0171","YEARLY","bets",6,4.36393788169663,0.833333333333333,1,21.0251193190974,0.00999999999999979
"N0171","YEARLY","ets",6,11.2367542768323,0,0,248.734454859851,0
"N0172","YEARLY","bets",6,13.2357372114034,0,0.166666666666667,373.704356816327,0.00999999999999979
"N0172","YEARLY","ets",6,14.5209481596046,0,0,422.718110082165,0.0199999999999996
"N0173","YEARLY","bets",6,12.2951017067169,0.166666666666667,0.166666666666667,359.785827623034,0.0300000000000002
"N0173","YEARLY","ets",6,13.2104599714059,0.166666666666667,0.166666666666667,395.411911557623,0
"N0174","YEARLY","bets",6,29.0527342015764,0,0,1037.22720391777,0.0300000000000002
"N0174","YEARLY","ets",6,28.9749888808478,0,0,1045.8462453066,0
"N0175","YEARLY","bets",6,14.0517940094903,0.166666666666667,0.166666666666667,423.672126974267,0.0100000000000007
"N0175","YEARLY","ets",6,14.8288987023733,0.166666666666667,0.166666666666667,464.944297716616,0
"N0176","YEARLY","bets",6,13.1442458723083,0,0,366.043169081445,0.00999999999999979
"N0176","YEARLY","ets",6,13.9101465863929,0,0,403.212571900701,0
"N0177","YEARLY","bets",6,2.62866424992378,0.833333333333333,1,10.2006045989928,0.00999999999999979
"N0177","YEARLY","ets",6,3.8436359645484,0.333333333333333,0.333333333333333,68.8535734572294,0.0200000000000005
"N0178","YEARLY","bets",6,0.516437166182023,1,1,6.34763132775516,0.0199999999999996
"N0178","YEARLY","ets",6,0.505868857238843,1,1,5.8646841400204,0.00999999999999979
"N0179","YEARLY","bets",6,2.2755499148949,0.833333333333333,1,9.61147361266574,0.0300000000000002
"N0179","YEARLY","ets",6,2.16345479741456,0.833333333333333,1,8.99804003844749,0
"N0180","YEARLY","bets",6,1.44285931647553,0.833333333333333,1,6.93340690682151,0.0300000000000002
"N0180","YEARLY","ets",6,1.36073222847279,0.833333333333333,1,6.23907123180291,0
"N0181","YEARLY","bets",6,5.4631965901993,0.5,0.666666666666667,77.9729826343374,0.0200000000000005
"N0181","YEARLY","ets",6,5.75457582701713,0.5,0.5,86.3894260952218,0.00999999999999979
"N0182","YEARLY","bets",6,3.31090227695536,0.833333333333333,1,15.4888522100209,0.0199999999999996
"N0182","YEARLY","ets",6,5.45168316281604,0.333333333333333,0.666666666666667,41.9206568619492,0.0100000000000007
"N0183","YEARLY","bets",6,5.02233482117503,0.5,0.666666666666667,70.3359996989618,0.0199999999999996
"N0183","YEARLY","ets",6,4.58238850774092,0.5,0.666666666666667,58.9318306161493,0.00999999999999979
"N0184","YEARLY","bets",6,1.82453784462163,1,1,13.2693264076506,0.0200000000000005
"N0184","YEARLY","ets",6,2.5831507865814,0.833333333333333,1,11.7172673512746,0.00999999999999979
"N0185","YEARLY","bets",6,3.31852940755009,1,1,15.5467978438695,0.04
"N0185","YEARLY","ets",6,6.29491968422636,0.333333333333333,0.666666666666667,38.3140773666881,0
"N0186","YEARLY","bets",6,10.8644020563455,0.166666666666667,0.333333333333333,203.089087721127,0.0200000000000005
"N0186","YEARLY","ets",6,8.81295329932719,0.333333333333333,0.333333333333333,172.207976076569,0
"N0187","YEARLY","bets",6,4.8889108607743,0.166666666666667,1,13.8897036399882,0.0199999999999996
"N0187","YEARLY","ets",6,3.87786762168442,0.666666666666667,1,14.4524650246098,0
"N0188","YEARLY","bets",6,17.5012496207449,0.166666666666667,0.166666666666667,411.966615758776,0.0199999999999996
"N0188","YEARLY","ets",6,16.2883043138064,0.166666666666667,0.166666666666667,454.008609087705,0
"N0189","YEARLY","bets",6,10.4260522913012,0.333333333333333,0.333333333333333,177.599855536244,0.00999999999999979
"N0189","YEARLY","ets",6,10.4264566274155,0.166666666666667,0.166666666666667,234.553782780037,0.0199999999999996
"N0190","YEARLY","bets",6,3.52099356023802,0.5,0.833333333333333,20.7365675046713,0.0100000000000007
"N0190","YEARLY","ets",6,4.526946514754,0.166666666666667,0.5,19.8914667901702,0.0199999999999996
"N0191","YEARLY","bets",6,3.80827958922648,0.833333333333333,1,16.7092212560233,0.00999999999999979
"N0191","YEARLY","ets",6,5.83662216793873,0.333333333333333,0.666666666666667,31.6535586653733,0.0200000000000005
"N0192","YEARLY","bets",6,1.10363075832847,1,1,7.66898436930781,0.00999999999999979
"N0192","YEARLY","ets",6,1.10054227057356,1,1,7.96768605880929,0.0200000000000005
"N0193","YEARLY","bets",6,0.630718145450913,1,1,7.32240249324741,0.0299999999999994
"N0193","YEARLY","ets",6,0.699865697378118,1,1,6.27375280115922,0
"N0194","YEARLY","bets",6,1.05089978505379,1,1,10.1749730616338,0.00999999999999979
"N0194","YEARLY","ets",6,0.774926985830411,1,1,10.8529656006364,0
"N0195","YEARLY","bets",6,3.55507389509067,0.666666666666667,0.833333333333333,21.1416404778327,0.00999999999999979
"N0195","YEARLY","ets",6,2.54912264194274,0.666666666666667,0.833333333333333,15.9495878742853,0
"N0196","YEARLY","bets",6,0.325921977733067,1,1,8.56296851264238,0.0600000000000005
"N0196","YEARLY","ets",6,0.499537622699512,1,1,7.74562207388938,0.0199999999999996
"N0197","YEARLY","bets",6,2.45286490113364,0.833333333333333,1,9.83617682491684,0.0299999999999994
"N0197","YEARLY","ets",6,3.19280264993205,0.333333333333333,0.5,33.5146233450607,0.0100000000000016
"N0198","YEARLY","bets",6,1.02093515939259,1,1,8.89279306409223,0.00999999999999979
"N0198","YEARLY","ets",6,1.10007256825425,1,1,9.49044183802533,0
"N0199","YEARLY","bets",6,2.09529238154094,0.5,0.833333333333333,11.1756090887333,0.00999999999999979
"N0199","YEARLY","ets",6,2.06455946404904,0.5,0.833333333333333,10.3142818689328,0
"N0200","YEARLY","bets",6,0.829429467802635,1,1,8.24145075000237,0.00999999999999979
"N0200","YEARLY","ets",6,0.846985468905325,1,1,7.62181806569135,0
"N0201","YEARLY","bets",6,0.473751349795488,1,1,6.96843465878373,0.0100000000000016
"N0201","YEARLY","ets",6,0.345475522446848,1,1,6.00807688383187,0.0199999999999996
"N0202","YEARLY","bets",6,2.4804009518397,0.833333333333333,0.833333333333333,24.4162476283564,0.0199999999999996
"N0202","YEARLY","ets",6,2.52756745926303,0.833333333333333,0.833333333333333,24.7282445506196,0.00999999999999979
"N0203","YEARLY","bets",6,3.94640977647849,0.5,0.5,39.2641207617858,0.0199999999999996
"N0203","YEARLY","ets",6,3.60132260919357,0.5,0.5,76.6964416924067,0.00999999999999979
"N0204","YEARLY","bets",6,3.04393672690034,0.666666666666667,1,10.9549094016107,0.0300000000000011
"N0204","YEARLY","ets",6,2.15095586574926,0.666666666666667,1,9.2235711665029,0
"N0205","YEARLY","bets",6,0.743092129408037,1,1,7.73792296176064,0.0399999999999991
"N0205","YEARLY","ets",6,0.634146976099908,1,1,7.1128679669457,0
"N0206","YEARLY","bets",6,2.16539849950034,0.833333333333333,1,9.44560233047895,0.0300000000000011
"N0206","YEARLY","ets",6,2.02007449087243,1,1,10.0146839745682,0
"N0207","YEARLY","bets",6,4.54045481191724,0.5,0.833333333333333,12.9772053770639,0.0199999999999996
"N0207","YEARLY","ets",6,4.79007559245611,0.333333333333333,0.833333333333333,19.7145151350964,0
"N0208","YEARLY","bets",6,0.808678425627564,1,1,12.6794451183243,0.0199999999999996
"N0208","YEARLY","ets",6,0.90696989933859,1,1,8.5691966540606,0
"N0209","YEARLY","bets",6,0.714052545348158,1,1,14.2498066416943,0.0199999999999996
"N0209","YEARLY","ets",6,0.626434672801313,1,1,13.7783223772209,0
"N0210","YEARLY","bets",6,2.08979799595975,1,1,14.4784936390854,0.00999999999999979
"N0210","YEARLY","ets",6,2.53463117576278,1,1,13.5288207623201,0
"N0211","YEARLY","bets",6,0.823234363368145,1,1,8.85004575726365,0.0300000000000011
"N0211","YEARLY","ets",6,1.28925682441177,0.833333333333333,1,7.09354401872631,0
"N0212","YEARLY","bets",6,0.621249798849941,1,1,8.63280725028349,0.0299999999999994
"N0212","YEARLY","ets",6,0.756513896396754,0.833333333333333,1,7.84783587424939,0
"N0213","YEARLY","bets",6,1.65308581939255,1,1,9.81593793753266,0.0299999999999994
"N0213","YEARLY","ets",6,1.98835666622612,1,1,9.36850880160355,0
"N0214","YEARLY","bets",6,0.591827824016258,1,1,16.9286591505117,0.00999999999999979
"N0214","YEARLY","ets",6,0.601616198464017,1,1,16.6121222036365,0
"N0215","YEARLY","bets",6,0.847544318609644,1,1,12.2209990668037,0.0299999999999994
"N0215","YEARLY","ets",6,1.27179610273909,1,1,9.86846469130907,0
"N0216","YEARLY","bets",6,3.79538251351591,0.5,0.833333333333333,13.5308904152462,0.0300000000000011
"N0216","YEARLY","ets",6,3.31139824333177,0.5,0.666666666666667,14.4282780677784,0
"N0217","YEARLY","bets",6,1.36002705722347,0.5,0.833333333333333,4.94918183453651,0.0299999999999994
"N0217","YEARLY","ets",6,1.42330163971205,0.166666666666667,0.833333333333333,5.30933553428889,0
"N0218","YEARLY","bets",6,1.28324358142422,0.833333333333333,1,5.0436334397972,0.00999999999999979
"N0218","YEARLY","ets",6,1.45174172914998,0.166666666666667,0.833333333333333,5.57253026772321,0
"N0219","YEARLY","bets",6,2.39974840350133,0.5,1,8.15507889854439,0.00999999999999979
"N0219","YEARLY","ets",6,2.24401052399824,0.5,1,7.17088724740902,0
"N0220","YEARLY","bets",6,4.09007761000172,0.5,0.833333333333333,17.5522996128541,0.0199999999999996
"N0220","YEARLY","ets",6,3.28035729778047,0.5,0.833333333333333,15.4620614582853,0
"N0221","YEARLY","bets",6,1.22008931251768,1,1,6.99450564567016,0.0200000000000014
"N0221","YEARLY","ets",6,1.26014123699386,0.833333333333333,1,5.56490655936091,0
"N0222","YEARLY","bets",6,1.67030790915823,0.833333333333333,0.833333333333333,17.064655429578,0.0299999999999994
"N0222","YEARLY","ets",6,2.66536510891499,0.333333333333333,0.666666666666667,36.8214761656562,0.00999999999999979
"N0223","YEARLY","bets",6,1.11231481245209,1,1,14.9132185295388,0.0300000000000011
"N0223","YEARLY","ets",6,1.92307756938116,1,1,9.25355126686797,0
"N0224","YEARLY","bets",6,1.09728946208472,1,1,12.0440953657606,0.0199999999999996
"N0224","YEARLY","ets",6,1.2899208126717,1,1,9.34790063615668,0
"N0225","YEARLY","bets",6,1.88285021243748,0.833333333333333,1,7.49032250926197,0.0199999999999996
"N0225","YEARLY","ets",6,1.91157673155561,1,1,8.20541005543534,0.00999999999999979
"N0226","YEARLY","bets",6,0.848232609149138,1,1,8.00065300761787,0.0200000000000014
"N0226","YEARLY","ets",6,0.435247853321232,1,1,5.70391827279693,0.00999999999999979
"N0227","YEARLY","bets",6,0.713095672627438,1,1,10.8679153509069,0.0199999999999996
"N0227","YEARLY","ets",6,0.616425825099859,1,1,9.31100521574701,0
"N0228","YEARLY","bets",6,1.982676235151,0.833333333333333,1,7.64945630838921,0.0300000000000011
"N0228","YEARLY","ets",6,2.00990949474651,0.833333333333333,1,7.70617287547139,0
"N0229","YEARLY","bets",6,1.8793828400741,0.833333333333333,1,7.63851259925566,0.0199999999999996
"N0229","YEARLY","ets",6,2.07537492348219,0.833333333333333,1,7.79974858626284,0
"N0230","YEARLY","bets",6,0.824325334303849,1,1,5.91497155017693,0.0199999999999996
"N0230","YEARLY","ets",6,0.825683826733879,1,1,5.56543335493466,0
"N0231","YEARLY","bets",6,2.12734807808363,0.833333333333333,1,9.06234428970226,0.0199999999999996
"N0231","YEARLY","ets",6,1.91338017708175,0.833333333333333,1,9.22146196625859,0
"N0232","YEARLY","bets",6,1.89355115982777,0.833333333333333,1,7.33124110356242,0.00999999999999979
"N0232","YEARLY","ets",6,1.90331679987773,0.833333333333333,1,7.09519324542305,0.0199999999999996
"N0233","YEARLY","bets",6,1.17128244245981,1,1,7.67135804128239,0.0300000000000011
"N0233","YEARLY","ets",6,1.30185292015457,1,1,6.96153543142626,0
"N0234","YEARLY","bets",6,0.694308598768264,1,1,6.30219500002029,0.0299999999999994
"N0234","YEARLY","ets",6,0.74740788283656,1,1,6.10565930461906,0
"N0235","YEARLY","bets",6,0.788036511364204,1,1,5.92173437106264,0.0299999999999994
"N0235","YEARLY","ets",6,0.779794929907029,1,1,5.67651828895686,0
"N0236","YEARLY","bets",6,0.679757756429889,1,1,9.17719626657893,0.00999999999999979
"N0236","YEARLY","ets",6,0.45908655704464,1,1,10.2070876603191,0
"N0237","YEARLY","bets",6,0.508657034561415,1,1,6.47149147345977,0.0299999999999994
"N0237","YEARLY","ets",6,0.537095658704264,1,1,5.83397936824144,0
"N0238","YEARLY","bets",6,0.677761491950423,1,1,7.5999890177338,0.0300000000000011
"N0238","YEARLY","ets",6,0.266646785468786,1,1,6.929149829557,0
"N0239","YEARLY","bets",6,0.73346506094739,1,1,5.53334544630573,0.0299999999999994
"N0239","YEARLY","ets",6,0.735036389316362,1,1,5.4664668519641,0
"N0240","YEARLY","bets",6,0.417676107960938,1,1,5.87363367101359,0.00999999999999979
"N0240","YEARLY","ets",6,0.445290529971222,1,1,5.55536812510778,0
"N0241","YEARLY","bets",6,11.7701761145515,0,0,276.253954032692,0.00999999999999979
"N0241","YEARLY","ets",6,11.4769661817784,0,0,263.261444312486,0.0199999999999996
"N0242","YEARLY","bets",6,0.955591112831346,1,1,8.13378721033347,0.0199999999999996
"N0242","YEARLY","ets",6,0.969154572192369,1,1,8.31717049680117,0.00999999999999979
"N0243","YEARLY","bets",6,1.1565864030699,0.833333333333333,1,5.06008880495676,0.0200000000000014
"N0243","YEARLY","ets",6,1.15219312747098,0.666666666666667,1,4.73531188859236,0.00999999999999979
"N0244","YEARLY","bets",6,1.78757221022457,0.333333333333333,1,6.11004966837474,0.0199999999999996
"N0244","YEARLY","ets",6,1.74223862649418,0.333333333333333,1,5.53329770304862,0.00999999999999979
"N0245","YEARLY","bets",6,7.06476191075503,0.333333333333333,0.333333333333333,122.100934115832,0.0300000000000011
"N0245","YEARLY","ets",6,6.79265746148728,0.333333333333333,0.333333333333333,118.438717856545,0
"N0246","YEARLY","bets",6,2.18849818081956,0.666666666666667,1,10.5991819444229,0.0199999999999996
"N0246","YEARLY","ets",6,2.20516437726462,0.666666666666667,1,10.4751561011375,0
"N0247","YEARLY","bets",6,1.73460476169322,1,1,7.81738051920533,0.0199999999999996
"N0247","YEARLY","ets",6,1.67746586996696,1,1,9.03994782805504,0
"N0248","YEARLY","bets",6,1.02857634512789,1,1,11.1901037255677,0.0200000000000014
"N0248","YEARLY","ets",6,2.42795631970093,0.666666666666667,1,8.60450314717814,0
"N0249","YEARLY","bets",6,1.28070218097087,0.666666666666667,1,6.57842794325531,0.0199999999999996
"N0249","YEARLY","ets",6,2.49178071729255,0,0,51.36095505943,0.0199999999999996
"N0250","YEARLY","bets",6,3.63039323135399,0.166666666666667,0.166666666666667,57.634239578633,0.00999999999999979
"N0250","YEARLY","ets",6,3.41530484488142,0.166666666666667,0.166666666666667,62.9913195375481,0
"N0251","YEARLY","bets",6,1.02895714700582,1,1,7.0323563199132,0.00999999999999979
"N0251","YEARLY","ets",6,1.00921205016108,0.833333333333333,1,4.36937271419086,0.0199999999999996
"N0252","YEARLY","bets",6,2.90042334669459,0.166666666666667,0.5,21.2840238166231,0.00999999999999979
"N0252","YEARLY","ets",6,1.86083186194824,0.166666666666667,0.666666666666667,12.249686796678,0.0199999999999996
"N0253","YEARLY","bets",6,2.9872356666856,0.5,0.833333333333333,8.40404374104032,0.0100000000000016
"N0253","YEARLY","ets",6,2.50421385079584,0.5,0.5,16.905509816027,0.0199999999999996
"N0254","YEARLY","bets",6,0.568112001020706,1,1,7.95385486135198,0.00999999999999979
"N0254","YEARLY","ets",6,1.23932495301434,1,1,7.15917951020188,0
"N0255","YEARLY","bets",6,1.4142907839295,0.833333333333333,1,7.0498626234479,0.0199999999999996
"N0255","YEARLY","ets",6,0.979979205976186,1,1,4.85730213248506,0
"N0256","YEARLY","bets",6,2.34971912397333,0.166666666666667,0.333333333333333,16.0759988605218,0.0300000000000011
"N0256","YEARLY","ets",6,2.53350374044477,0.166666666666667,0.166666666666667,42.722231920211,0
"N0257","YEARLY","bets",6,2.03959936916804,1,1,9.07199296443625,0.0399999999999991
"N0257","YEARLY","ets",6,1.56664408270859,0.5,1,5.67214262224842,0
"N0258","YEARLY","bets",6,2.94122235837103,0.166666666666667,0.5,14.6196836577041,0.0300000000000011
"N0258","YEARLY","ets",6,2.18437616135825,0.166666666666667,0.166666666666667,28.5595387954914,0
"N0259","YEARLY","bets",6,1.29610010938949,1,1,9.10240947151077,0.00999999999999979
"N0259","YEARLY","ets",6,1.31165071482689,0.833333333333333,1,5.3668925740739,0
"N0260","YEARLY","bets",6,1.45239975637934,1,1,12.9979242140576,0.00999999999999979
"N0260","YEARLY","ets",6,3.6907679969536,0.333333333333333,1,9.75541709420005,0
"N0261","YEARLY","bets",6,1.47692761374132,0.833333333333333,1,10.5694828822514,0.0100000000000016
"N0261","YEARLY","ets",6,1.5707166301522,0.5,1,6.64905527511876,0.0199999999999996
"N0262","YEARLY","bets",6,0.67561818101372,1,1,10.1106636078945,0.0299999999999994
"N0262","YEARLY","ets",6,0.757493141666693,1,1,5.96027327031915,0
"N0263","YEARLY","bets",6,0.851824058351869,0.666666666666667,1,3.66617450537939,0.0299999999999994
"N0263","YEARLY","ets",6,1.13490180247132,0.166666666666667,0.333333333333333,21.5724066140292,0
"N0264","YEARLY","bets",6,3.14802386529813,0,0.166666666666667,22.1891497634871,0.0200000000000014
"N0264","YEARLY","ets",6,3.30156586771715,0,0.166666666666667,88.7753557480399,0.00999999999999979
"N0265","YEARLY","bets",6,1.01593582899151,1,1,7.82557816430935,0.0399999999999991
"N0265","YEARLY","ets",6,0.905361969714446,1,1,4.26918134122606,0
"N0266","YEARLY","bets",6,1.75904142843016,0.333333333333333,1,4.5539337424062,0.0300000000000011
"N0266","YEARLY","ets",6,2.16621843124263,0,0,57.0344879705425,0
"N0267","YEARLY","bets",6,1.95743064608299,1,1,9.40607091273308,0.0199999999999996
"N0267","YEARLY","ets",6,2.3927255371946,0.5,0.666666666666667,9.93411023823114,0
"N0268","YEARLY","bets",6,0.70099764089848,1,1,5.71827750816999,0.0199999999999996
"N0268","YEARLY","ets",6,0.834564441507237,0.833333333333333,1,4.44915662260704,0
"N0269","YEARLY","bets",6,1.60802572312444,1,1,7.38332879994614,0.0199999999999996
"N0269","YEARLY","ets",6,1.4272248762111,0.333333333333333,1,4.26590545827619,0
"N0270","YEARLY","bets",6,1.95032943324417,0.166666666666667,0.333333333333333,11.144099336084,0
"N0270","YEARLY","ets",6,2.068570118118,0.166666666666667,0.166666666666667,45.8831832611992,0.00999999999999979
"N0271","YEARLY","bets",6,0.842887798971255,1,1,10.0338208829975,0.0300000000000011
"N0271","YEARLY","ets",6,0.309423893732287,1,1,12.6298685039093,0
"N0272","YEARLY","bets",6,7.11015881373199,0,0,69.5498270322778,0.0299999999999994
"N0272","YEARLY","ets",6,4.45552237182581,0,0.166666666666667,69.8445224181705,0
"N0273","YEARLY","bets",6,1.35509629297958,1,1,14.3036301819916,0.0299999999999994
"N0273","YEARLY","ets",6,2.09811644674693,0.5,1,8.05291071775649,0
"N0274","YEARLY","bets",6,0.989178454677245,1,1,11.5155249237298,0.0300000000000011
"N0274","YEARLY","ets",6,2.00166000588262,0.166666666666667,0.5,14.3852607918844,0
"N0275","YEARLY","bets",6,1.82548095057358,0.833333333333333,1,13.7334504701286,0.0199999999999996
"N0275","YEARLY","ets",6,3.56143336253365,0.333333333333333,0.5,30.8934418452421,0.00999999999999979
"N0276","YEARLY","bets",6,1.05586310872253,1,1,8.54086522212383,0.0300000000000011
"N0276","YEARLY","ets",6,0.617918328572833,1,1,4.56163465055015,0
"N0277","YEARLY","bets",6,0.57624998476135,1,1,7.22905940001528,0.0399999999999991
"N0277","YEARLY","ets",6,0.404612342835939,1,1,3.86216076024752,0
"N0278","YEARLY","bets",6,0.801557243777462,0.5,1,3.98438235023831,0.0299999999999994
"N0278","YEARLY","ets",6,0.843283648083691,0.666666666666667,1,4.15493959214466,0
"N0279","YEARLY","bets",6,1.85006547921683,0.5,1,5.66753434096159,0.0300000000000011
"N0279","YEARLY","ets",6,0.936133893155637,0.833333333333333,1,3.8450834601438,0
"N0280","YEARLY","bets",6,0.855521097959224,0.833333333333333,1,4.06898188862209,0.0199999999999996
"N0280","YEARLY","ets",6,0.240237505935368,0.833333333333333,1,2.4303076559268,0
"N0281","YEARLY","bets",6,0.796394512573277,1,1,7.03098017978717,0.00999999999999979
"N0281","YEARLY","ets",6,1.3288302329509,0.666666666666667,1,4.67024525903651,0
"N0282","YEARLY","bets",6,1.29598808892578,0.666666666666667,1,6.38686925115569,0.00999999999999979
"N0282","YEARLY","ets",6,2.15793541415685,0,0.333333333333333,18.0326947213657,0
"N0283","YEARLY","bets",6,0.702199314107316,0.833333333333333,1,3.69757381540781,0.00999999999999979
"N0283","YEARLY","ets",6,0.639803419362531,0.333333333333333,1,2.08063135650157,0
"N0284","YEARLY","bets",6,1.17391659891202,0,1,2.82391122131776,0.0300000000000011
"N0284","YEARLY","ets",6,1.52702719181279,0,0,28.4059433502526,0
"N0285","YEARLY","bets",6,0.748023967246055,1,1,8.7301557479265,0.0199999999999996
"N0285","YEARLY","ets",6,0.199178059797638,1,1,5.21597500528209,0.00999999999999979
"N0286","YEARLY","bets",6,0.268042008355642,0.833333333333333,1,3.50801456819379,0.0199999999999996
"N0286","YEARLY","ets",6,0.931568482450413,0.166666666666667,0.833333333333333,2.47486606221209,0.00999999999999979
"N0287","YEARLY","bets",6,0.341283349780907,1,1,5.36828095068725,0.0200000000000014
"N0287","YEARLY","ets",6,0.765304762837006,0.833333333333333,1,3.98345454772167,0.00999999999999979
"N0288","YEARLY","bets",6,1.84011108758201,0.833333333333333,1,6.64876479016523,0.0399999999999991
"N0288","YEARLY","ets",6,3.2673778295191,0.166666666666667,0.333333333333333,62.6855217287361,0
"N0289","YEARLY","bets",6,1.77962131077977,0.666666666666667,1,6.59034817651997,0.0200000000000014
"N0289","YEARLY","ets",6,0.553609890504949,1,1,7.12758256856657,0
"N0290","YEARLY","bets",6,5.35594370735401,0,0.666666666666667,15.6373199440097,0.0499999999999989
"N0290","YEARLY","ets",6,6.36581789607145,0,0.5,24.5191362435208,0.0300000000000011
"N0291","YEARLY","bets",6,2.02675231463468,0.666666666666667,0.833333333333333,11.8243868772269,0.0299999999999994
"N0291","YEARLY","ets",6,2.06665380961189,0.666666666666667,0.833333333333333,15.8350854199761,0.00999999999999979
"N0292","YEARLY","bets",6,3.64988702196028,0.333333333333333,1,11.0101584969152,0.0599999999999987
"N0292","YEARLY","ets",6,4.42799996959366,0.166666666666667,0.5,31.5779655421293,0
"N0293","YEARLY","bets",6,2.62654156180201,0.5,0.666666666666667,13.7228493730022,0.0299999999999994
"N0293","YEARLY","ets",6,2.25106695651111,0.333333333333333,0.5,36.3604826870431,0
"N0294","YEARLY","bets",6,4.98431328319914,0.333333333333333,0.833333333333333,15.0077703760596,0.0199999999999996
"N0294","YEARLY","ets",6,5.76789941673092,0.166666666666667,0.166666666666667,79.3163004499614,0
"N0295","YEARLY","bets",6,4.72024847232248,0.333333333333333,1,11.7899395812751,0.0199999999999996
"N0295","YEARLY","ets",6,4.96159515808229,0.333333333333333,0.5,59.5713118754193,0.0199999999999996
"N0296","YEARLY","bets",6,0.971591861075167,1,1,8.17211326535959,0.0299999999999994
"N0296","YEARLY","ets",6,0.986603624901497,0.833333333333333,1,5.02057607588983,0
"N0297","YEARLY","bets",6,5.60098483092782,0,0.166666666666667,47.4466245564152,0.0200000000000014
"N0297","YEARLY","ets",6,5.64627894594277,0.166666666666667,0.166666666666667,41.1566821399724,0.00999999999999979
"N0298","YEARLY","bets",6,8.02386966151255,0,0.166666666666667,88.7639521672788,0.0399999999999991
"N0298","YEARLY","ets",6,8.9754243483149,0,0,283.589813071649,0
"N0299","YEARLY","bets",6,1.19283058826064,1,1,15.3358868666859,0.0300000000000011
"N0299","YEARLY","ets",6,2.5247504842286,0.5,1,8.65506881225093,0
"N0300","YEARLY","bets",6,1.95973901037266,0.5,1,7.45501561782491,0.0299999999999994
"N0300","YEARLY","ets",6,1.64151675941504,0.666666666666667,1,6.66508497380698,0
"N0301","YEARLY","bets",6,4.89876777340359,0.166666666666667,0.333333333333333,48.2482044326149,0.0199999999999996
"N0301","YEARLY","ets",6,5.31220077837669,0.166666666666667,0.166666666666667,78.466009458902,0.0100000000000016
"N0302","YEARLY","bets",6,1.20831275392124,1,1,14.6707037073441,0.0199999999999996
"N0302","YEARLY","ets",6,3.65056719516571,0.166666666666667,0.666666666666667,14.5526962932997,0.0199999999999996
"N0303","YEARLY","bets",6,5.82141062613744,0.333333333333333,0.333333333333333,58.8628761294872,0.00999999999999979
"N0303","YEARLY","ets",6,6.53450499305407,0,0.333333333333333,105.056495668137,0.0199999999999996
"N0304","YEARLY","bets",6,0.737852699368993,1,1,9.80139470498289,0.00999999999999979
"N0304","YEARLY","ets",6,0.52285985619319,1,1,8.15355997197079,0.0200000000000014
"N0305","YEARLY","bets",6,3.03122653787097,0.833333333333333,1,11.9400460928835,0.00999999999999979
"N0305","YEARLY","ets",6,6.33973432751375,0,0.333333333333333,86.5620114264397,0.0199999999999996
"N0306","YEARLY","bets",6,3.56951047767581,0.333333333333333,0.333333333333333,52.4520134302983,0.0299999999999994
"N0306","YEARLY","ets",6,2.77465398546869,0.166666666666667,0.333333333333333,73.179137059241,0
"N0307","YEARLY","bets",6,0.506829156174753,1,1,11.4238974176532,0.0300000000000011
"N0307","YEARLY","ets",6,1.0176542534185,1,1,6.76086918774224,0
"N0308","YEARLY","bets",6,4.19591663279518,0.166666666666667,0.333333333333333,70.8439502418382,0.0299999999999994
"N0308","YEARLY","ets",6,2.88097787222488,0.166666666666667,0.333333333333333,73.3524348149123,0
"N0309","YEARLY","bets",6,3.75032318037064,0.166666666666667,0.5,61.6441735740528,0.0300000000000011
"N0309","YEARLY","ets",6,4.14471370855543,0.333333333333333,0.333333333333333,126.358945153039,0
"N0310","YEARLY","bets",6,5.0202601141072,0,0.5,24.553067471391,0.0199999999999996
"N0310","YEARLY","ets",6,3.88425277948037,0,0.333333333333333,41.2815757909555,0
"N0311","YEARLY","bets",6,2.85378208694881,0.333333333333333,0.833333333333333,7.90228710303344,0.0199999999999996
"N0311","YEARLY","ets",6,2.09024971031866,0.333333333333333,0.666666666666667,9.53405312662005,0
"N0312","YEARLY","bets",6,3.89328196410692,0.333333333333333,0.333333333333333,39.1280674633669,0.0300000000000011
"N0312","YEARLY","ets",6,3.1398645029421,0.333333333333333,0.333333333333333,55.0976817300927,0
"N0313","YEARLY","bets",6,2.98255798286358,0.333333333333333,1,9.23385847809409,0.0299999999999994
"N0313","YEARLY","ets",6,2.70673916091177,0.166666666666667,0.333333333333333,40.1511190752869,0
"N0314","YEARLY","bets",6,3.37416251864769,0.333333333333333,0.666666666666667,13.9736946003125,0.0299999999999994
"N0314","YEARLY","ets",6,3.31047957282101,0.333333333333333,0.5,44.7954722058453,0
"N0315","YEARLY","bets",6,0.605353671431884,1,1,10.1171432096384,0.00999999999999979
"N0315","YEARLY","ets",6,0.655429455011837,1,1,6.94976075983657,0
"N0316","YEARLY","bets",6,0.982446403269409,1,1,7.91013412814986,0.0299999999999994
"N0316","YEARLY","ets",6,1.10953143103398,0.5,0.666666666666667,5.4510473111603,0
"N0317","YEARLY","bets",6,0.458149691878646,1,1,10.2113702165581,0.0300000000000011
"N0317","YEARLY","ets",6,0.402953987031691,1,1,5.94646740728448,0
"N0318","YEARLY","bets",6,7.97085379963417,0,0.166666666666667,60.8010217969742,0.0399999999999991
"N0318","YEARLY","ets",6,9.56748418179067,0,0.166666666666667,215.916875923156,0
"N0319","YEARLY","bets",6,2.78342614583073,0.166666666666667,0.833333333333333,19.5809780235195,0.0199999999999996
"N0319","YEARLY","ets",6,2.75044550320252,0.166666666666667,0.166666666666667,55.5424054595473,0
"N0320","YEARLY","bets",6,3.83327528601298,0.166666666666667,0.333333333333333,56.9222941549375,0.0200000000000014
"N0320","YEARLY","ets",6,3.21898183160289,0.166666666666667,0.333333333333333,83.1208508402095,0
"N0321","YEARLY","bets",6,2.38177348725784,0.666666666666667,1,8.93951468433591,0.0199999999999996
"N0321","YEARLY","ets",6,3.92808379327253,0,0,91.1226199288807,0
"N0322","YEARLY","bets",6,6.23547242927237,0.333333333333333,0.5,71.2868853162833,0.0299999999999994
"N0322","YEARLY","ets",6,6.07900827313159,0.333333333333333,0.333333333333333,147.356237556193,0
"N0323","YEARLY","bets",6,5.56585195579226,0.166666666666667,0.166666666666667,81.7478729993714,0.00999999999999979
"N0323","YEARLY","ets",6,5.34122090658582,0.166666666666667,0.166666666666667,148.419530130646,0
"N0324","YEARLY","bets",6,5.03744295443482,0,0.333333333333333,25.5104076952477,0.00999999999999979
"N0324","YEARLY","ets",6,5.40301253432237,0,0,144.145067112903,0
"N0325","YEARLY","bets",6,9.87339426124415,0,0.166666666666667,248.429981308004,0.0100000000000016
"N0325","YEARLY","ets",6,10.4520390961043,0,0.166666666666667,250.772910721245,0
"N0326","YEARLY","bets",6,3.58527149676694,0.166666666666667,1,9.35079864510875,0.0199999999999996
"N0326","YEARLY","ets",6,3.99597672713742,0.166666666666667,0.5,21.0534515363078,0
"N0327","YEARLY","bets",6,4.50875586333849,0.333333333333333,1,14.1587000071348,0.0199999999999996
"N0327","YEARLY","ets",6,1.42723532534653,1,1,9.19859402277547,0
"N0328","YEARLY","bets",6,2.43961251784461,0.833333333333333,1,10.1562229338185,0.0200000000000014
"N0328","YEARLY","ets",6,3.70070033892198,0,0.666666666666667,17.5594533135407,0
"N0329","YEARLY","bets",6,1.07360104730102,1,1,11.0581063231018,0.0199999999999996
"N0329","YEARLY","ets",6,3.06765499755883,0.333333333333333,1,8.1173297437193,0
"N0330","YEARLY","bets",6,3.28653873034661,0.5,0.833333333333333,11.521094943429,0.00999999999999979
"N0330","YEARLY","ets",6,3.51995554548627,0.166666666666667,0.5,29.3127475104001,0
"N0331","YEARLY","bets",6,0.93146689005725,1,1,12.8600759777149,0.00999999999999979
"N0331","YEARLY","ets",6,0.743140058107605,1,1,8.30235424291691,0.0199999999999996
"N0332","YEARLY","bets",6,32.498425113937,0,0,854.234551368721,0.0299999999999994
"N0332","YEARLY","ets",6,31.8705737958565,0,0,877.958242690794,0
"N0333","YEARLY","bets",6,27.5065029850532,0,0,685.198682264441,0.0199999999999996
"N0333","YEARLY","ets",6,27.8581164469305,0,0,737.782188773997,0
"N0334","YEARLY","bets",6,35.0471855693891,0,0,934.591646597106,0.00999999999999979
"N0334","YEARLY","ets",6,35.109277886606,0,0,979.309603706849,0.0199999999999996
"N0335","YEARLY","bets",6,31.603226674014,0,0,832.227682327646,0.0300000000000011
"N0335","YEARLY","ets",6,33.8058182834423,0,0,921.899685809171,0
"N0336","YEARLY","bets",6,6.00217740961912,0.333333333333333,0.333333333333333,87.3016417271217,0.0399999999999991
"N0336","YEARLY","ets",6,5.08768942565556,0.333333333333333,0.333333333333333,76.1592669340482,0
"N0337","YEARLY","bets",6,4.33149366293041,0.333333333333333,0.5,32.3585217554373,0.0200000000000014
"N0337","YEARLY","ets",6,5.72131073824343,0.333333333333333,0.333333333333333,63.1872482351052,0.00999999999999979
"N0338","YEARLY","bets",6,1.82595342326792,0.5,1,5.91334192620747,0.0299999999999994
"N0338","YEARLY","ets",6,2.14687784117221,0.166666666666667,0.666666666666667,7.32665826141893,0
"N0339","YEARLY","bets",6,0.750372964912342,1,1,6.88182793501558,0.0300000000000011
"N0339","YEARLY","ets",6,0.709433769750151,1,1,6.50361645504049,0
"N0340","YEARLY","bets",6,1.45918137291065,1,1,10.5516381231659,0.0299999999999994
"N0340","YEARLY","ets",6,1.46144502493073,1,1,10.7070996373127,0
"N0341","YEARLY","bets",6,1.57996651163698,1,1,11.60514420963,0.0200000000000014
"N0341","YEARLY","ets",6,1.6979608318191,1,1,9.71945038843413,0.00999999999999979
"N0342","YEARLY","bets",6,8.2846591933711,0.166666666666667,0.166666666666667,78.4158070913402,0.0199999999999996
"N0342","YEARLY","ets",6,4.50385012155132,0.166666666666667,0.5,23.8346866423515,0.0199999999999996
"N0343","YEARLY","bets",6,2.55184966859906,1,1,17.1713216221554,0.0300000000000011
"N0343","YEARLY","ets",6,1.155,1,1,9.93742266210635,0
"N0344","YEARLY","bets",6,2.65672851836209,0.833333333333333,1,17.1300621534831,0.0299999999999994
"N0344","YEARLY","ets",6,1.17319660921621,1,1,9.92045943346594,0
"N0345","YEARLY","bets",6,0.981707725674503,1,1,8.35997683795025,0.0199999999999996
"N0345","YEARLY","ets",6,1.05706295370701,1,1,8.28982803708634,0
"N0346","YEARLY","bets",6,1.60693443179496,1,1,8.72084422126958,0.0199999999999996
"N0346","YEARLY","ets",6,1.62271489692727,1,1,9.29808817361662,0
"N0347","YEARLY","bets",6,2.82845503443204,0.333333333333333,0.5,38.1715090831208,0.00999999999999979
"N0347","YEARLY","ets",6,2.75797880696684,0.333333333333333,0.333333333333333,40.9054719062283,0
"N0348","YEARLY","bets",6,1.98188619708178,0.5,0.666666666666667,14.0847806131888,0.00999999999999979
"N0348","YEARLY","ets",6,1.85285620615476,0.5,0.666666666666667,10.1450363927708,0.0200000000000014
"N0349","YEARLY","bets",6,2.43553496941782,0.333333333333333,0.333333333333333,35.1774329106211,0.0199999999999996
"N0349","YEARLY","ets",6,2.0647712937355,0.333333333333333,0.5,18.0969757065644,0.0199999999999996
"N0350","YEARLY","bets",6,7.15771376412519,0,0,175.918877309633,0.0300000000000011
"N0350","YEARLY","ets",6,7.27259514782091,0,0,179.689721009841,0
"N0351","YEARLY","bets",6,2.94366449443808,0.833333333333333,1,14.0227802198481,0.0199999999999996
"N0351","YEARLY","ets",6,5.09126766565145,0.166666666666667,0.5,31.1521686071356,0
"N0352","YEARLY","bets",6,2.37758607327983,0.666666666666667,0.666666666666667,22.5954030340628,0.0199999999999996
"N0352","YEARLY","ets",6,2.35609974021559,0.333333333333333,0.666666666666667,35.0195282693275,0
"N0353","YEARLY","bets",6,3.44067712714007,0.5,0.666666666666667,45.0650465282382,0.0399999999999991
"N0353","YEARLY","ets",6,3.02685562449196,0.666666666666667,0.666666666666667,33.2258530734968,0
"N0354","YEARLY","bets",6,3.67815518433897,0.333333333333333,0.833333333333333,15.7495805345298,0.0299999999999994
"N0354","YEARLY","ets",6,3.36249978215647,0.166666666666667,0.833333333333333,12.1462738418352,0
"N0355","YEARLY","bets",6,5.47822169644714,0.166666666666667,0.666666666666667,26.1766271043083,0.0200000000000014
"N0355","YEARLY","ets",6,5.70135388132162,0.166666666666667,0.333333333333333,52.3718813414279,0
"N0356","YEARLY","bets",6,3.3506846261212,0.333333333333333,0.666666666666667,23.1930106001249,0.0199999999999996
"N0356","YEARLY","ets",6,3.3839233445907,0.333333333333333,0.666666666666667,23.4961034364008,0
"N0357","YEARLY","bets",6,4.84767381123075,0.333333333333333,0.5,52.1567590959061,0.0300000000000011
"N0357","YEARLY","ets",6,5.01399370607529,0.166666666666667,0.333333333333333,62.7497454226064,0
"N0358","YEARLY","bets",6,2.68110187491948,0.5,0.833333333333333,15.613698763659,0.00999999999999979
"N0358","YEARLY","ets",6,2.65461241609277,0.5,1,10.479115583767,0.0199999999999996
"N0359","YEARLY","bets",6,3.22687313689351,0.333333333333333,0.666666666666667,20.4655083115273,0.00999999999999979
"N0359","YEARLY","ets",6,3.22768042815552,0.166666666666667,0.333333333333333,59.2529453979835,0.0199999999999996
"N0360","YEARLY","bets",6,5.96010602623903,0.333333333333333,0.333333333333333,108.021470140474,0.0300000000000011
"N0360","YEARLY","ets",6,5.79931023554339,0.333333333333333,0.333333333333333,101.154821746306,0
"N0361","YEARLY","bets",6,2.94216221117624,0.5,0.833333333333333,52.9580376840022,0.0299999999999994
"N0361","YEARLY","ets",6,2.97177241817915,0.5,0.833333333333333,53.6689704806613,0
"N0362","YEARLY","bets",6,0.858230276542596,1,1,14.4678296565057,0.00999999999999979
"N0362","YEARLY","ets",6,1.36563504030119,1,1,10.6387633152697,0
"N0363","YEARLY","bets",6,0.875894119133677,1,1,13.6786585483392,0.00999999999999979
"N0363","YEARLY","ets",6,1.29936929482853,1,1,10.476524273429,0.0199999999999996
"N0364","YEARLY","bets",6,0.790901231867736,1,1,14.5800071226083,0.0199999999999996
"N0364","YEARLY","ets",6,1.29871386484552,1,1,10.5963432333615,0.00999999999999979
"N0365","YEARLY","bets",6,0.959395866656874,1,1,14.4556757731108,0.0300000000000011
"N0365","YEARLY","ets",6,1.46327482461269,1,1,10.7342138128415,0
"N0366","YEARLY","bets",6,9.64086581803261,0,0.333333333333333,82.5104449667125,0.00999999999999979
"N0366","YEARLY","ets",6,7.55267529498404,0.166666666666667,0.666666666666667,32.1405472020203,0.0199999999999996
"N0367","YEARLY","bets",6,1.27012947599149,1,1,10.9925609266503,0.0300000000000011
"N0367","YEARLY","ets",6,1.42971572466614,1,1,10.6396172462501,0
"N0368","YEARLY","bets",6,1.3778042956174,1,1,10.5220533149687,0.00999999999999979
"N0368","YEARLY","ets",6,1.45916458838694,1,1,10.2464232927543,0.0199999999999996
"N0369","YEARLY","bets",6,1.08153036326663,1,1,12.6753672957638,0.0300000000000011
"N0369","YEARLY","ets",6,1.30293088152919,1,1,10.6182425908818,0
"N0370","YEARLY","bets",6,1.14210902088117,1,1,10.0502748465427,0.0399999999999991
"N0370","YEARLY","ets",6,0.759175093630187,1,1,9.21488083683371,0
"N0371","YEARLY","bets",6,1.26018234953716,1,1,10.8331568921437,0.0300000000000011
"N0371","YEARLY","ets",6,0.68183298337274,1,1,9.38115088126413,0
"N0372","YEARLY","bets",6,0.582701526603083,1,1,13.0678057960386,0.00999999999999979
"N0372","YEARLY","ets",6,1.32767282965728,1,1,9.94352062995755,0
"N0373","YEARLY","bets",6,2.27540222255802,0.333333333333333,1,7.75065671489516,0.0100000000000016
"N0373","YEARLY","ets",6,2.27963978232377,0.333333333333333,1,7.15023465044387,0
"N0374","YEARLY","bets",6,2.06066505979917,0.833333333333333,1,9.48665860609201,0.0299999999999994
"N0374","YEARLY","ets",6,2.09326763647049,0.833333333333333,1,9.83534708493731,0
"N0375","YEARLY","bets",6,1.38736010238417,1,1,10.7477521094791,0.0299999999999994
"N0375","YEARLY","ets",6,1.68309086233073,1,1,10.4183151263353,0
"N0376","YEARLY","bets",6,2.31231186401457,0.5,1,9.68975499405527,0.0300000000000011
"N0376","YEARLY","ets",6,2.24096326859444,0.833333333333333,1,9.39365734902648,0
"N0377","YEARLY","bets",6,1.4374272232852,1,1,8.67524136372298,0.0399999999999991
"N0377","YEARLY","ets",6,1.41143773713713,1,1,9.8648400211651,0
"N0378","YEARLY","bets",6,0.8412468198502,1,1,10.5706346535128,0.0300000000000011
"N0378","YEARLY","ets",6,1.03531758318933,1,1,10.1011173313239,0
"N0379","YEARLY","bets",6,1.44233051294214,0.666666666666667,1,7.37690680201671,0.0199999999999996
"N0379","YEARLY","ets",6,1.68865444569501,0.5,0.5,23.9378391212504,0
"N0380","YEARLY","bets",6,1.34089477169315,1,1,13.1298557281398,0.0300000000000011
"N0380","YEARLY","ets",6,1.08654879894959,1,1,8.29449552564095,0
"N0381","YEARLY","bets",6,1.12367255480948,1,1,11.5219018650829,0.0399999999999991
"N0381","YEARLY","ets",6,1.02498573453026,1,1,8.21957775175768,0
"N0382","YEARLY","bets",6,0.427391311948286,1,1,12.2876642835809,0.0299999999999994
"N0382","YEARLY","ets",6,0.741952280508174,1,1,8.89650981816029,0
"N0383","YEARLY","bets",6,0.800895767648691,1,1,12.9356155400919,0.0200000000000014
"N0383","YEARLY","ets",6,0.637722175231675,1,1,9.17051440086031,0
"N0384","YEARLY","bets",6,5.8432439177612,0,0.5,16.7617789460706,0.0199999999999996
"N0384","YEARLY","ets",6,3.2377041344479,0.333333333333333,1,9.74709567213122,0
"N0385","YEARLY","bets",6,2.85888769963037,1,1,12.1938486278995,0.00999999999999979
"N0385","YEARLY","ets",6,0.85414614000899,1,1,9.52864368752346,0
"N0386","YEARLY","bets",6,1.65395096087755,0.833333333333333,1,11.3460492602825,0.00999999999999979
"N0386","YEARLY","ets",6,1.78747648287851,0.833333333333333,1,9.98094385584017,0.0199999999999996
"N0387","YEARLY","bets",6,0.571781846094589,1,1,9.88588408550604,0.0299999999999994
"N0387","YEARLY","ets",6,0.866012447202508,1,1,9.60901967364583,0
"N0388","YEARLY","bets",6,0.773663821344601,1,1,14.5311200964251,0.0199999999999996
"N0388","YEARLY","ets",6,0.62936843630474,1,1,9.69708518951608,0
"N0389","YEARLY","bets",6,2.71539425895693,1,1,14.2294006853216,0.0299999999999994
"N0389","YEARLY","ets",6,2.6506678171947,1,1,10.4904919189325,0
"N0390","YEARLY","bets",6,0.795809432130716,1,1,2.79129582774149,0.0299999999999994
"N0390","YEARLY","ets",6,0.800256412719249,1,1,2.8321579956364,0
"N0391","YEARLY","bets",6,0.689764893811081,1,1,3.66394779864198,0.00999999999999979
"N0391","YEARLY","ets",6,0.690401566991806,1,1,3.74069084442617,0.0199999999999996
"N0392","YEARLY","bets",6,1.58604220585087,0.833333333333333,1,7.02718829649104,0.0299999999999994
"N0392","YEARLY","ets",6,1.49089128566131,0.833333333333333,1,6.18357695949788,0
"N0393","YEARLY","bets",6,0.890170876212961,1,1,8.33527125754246,0.0299999999999994
"N0393","YEARLY","ets",6,0.87369420702754,1,1,8.9758647652631,0.00999999999999979
"N0394","YEARLY","bets",6,1.00424990468038,1,1,8.41783684197343,0.0500000000000007
"N0394","YEARLY","ets",6,1.01675977653631,1,1,9.17523985317602,0
"N0395","YEARLY","bets",6,0.777737449704054,1,1,7.70005846855011,0.0199999999999996
"N0395","YEARLY","ets",6,0.773809523809524,1,1,7.99024038495191,0.00999999999999979
"N0396","YEARLY","bets",6,1.20956433583556,1,1,7.94031766977158,0.0300000000000011
"N0396","YEARLY","ets",6,1.18817204301075,1,1,8.47318795845003,0
"N0397","YEARLY","bets",6,0.997690178527704,1,1,8.5255501639892,0.0199999999999996
"N0397","YEARLY","ets",6,0.955598455598456,1,1,9.44660854675109,0
"N0398","YEARLY","bets",6,0.731158570994028,1,1,10.4102008983354,0.0300000000000011
"N0398","YEARLY","ets",6,0.696969038185835,1,1,9.87732283442164,0
"N0399","YEARLY","bets",6,1.02372024647345,1,1,9.36000884485033,0.0299999999999994
"N0399","YEARLY","ets",6,1.05254770319947,1,1,5.55200917746649,0
"N0400","YEARLY","bets",6,1.01324163357525,1,1,11.093965923317,0.0299999999999994
"N0400","YEARLY","ets",6,0.928914513350616,1,1,10.1628736254197,0
"N0401","YEARLY","bets",6,0.781934811183172,1,1,7.63618455334226,0.0199999999999996
"N0401","YEARLY","ets",6,0.783687943262411,1,1,7.64133706367673,0
"N0402","YEARLY","bets",6,1.14257005003055,1,1,8.19145705662262,0.00999999999999979
"N0402","YEARLY","ets",6,1.16952264381885,1,1,9.32298504661806,0
"N0403","YEARLY","bets",6,0.604067486532246,1,1,6.84209319161911,0.00999999999999979
"N0403","YEARLY","ets",6,0.593253968253968,1,1,5.97126035060839,0
"N0404","YEARLY","bets",6,0.687674351657076,1,1,7.61901265077653,0.00999999999999979
"N0404","YEARLY","ets",6,0.693820224719101,1,1,7.88445076911366,0.0199999999999996
"N0405","YEARLY","bets",6,1.1249894154984,1,1,8.11245092590774,0.0299999999999994
"N0405","YEARLY","ets",6,1.02924493768836,1,1,6.68053974083061,0
"N0406","YEARLY","bets",6,1.27417281684747,1,1,8.34050485016079,0.0300000000000011
"N0406","YEARLY","ets",6,1.17127552803462,1,1,7.30142321066339,0
"N0407","YEARLY","bets",6,1.0928694188929,1,1,8.50061112028104,0.0299999999999994
"N0407","YEARLY","ets",6,1.02924493768836,1,1,6.68053974083061,0
"N0408","YEARLY","bets",6,1.30084416729025,1,1,8.28208967399995,0.0300000000000011
"N0408","YEARLY","ets",6,1.17127552803462,1,1,7.30142321066339,0
"N0409","YEARLY","bets",6,1.74807785314527,1,1,8.61488120471513,0.0199999999999996
"N0409","YEARLY","ets",6,1.75668678485117,0.666666666666667,1,6.46594226485833,0
"N0410","YEARLY","bets",6,3.15502215990239,1,1,15.8559150816418,0.0199999999999996
"N0410","YEARLY","ets",6,1.14386128391288,1,1,10.1399045849119,0
"N0411","YEARLY","bets",6,0.680227004392134,1,1,8.97812491374312,0.0200000000000014
"N0411","YEARLY","ets",6,0.541742304443593,1,1,9.37460653218843,0.00999999999999979
"N0412","YEARLY","bets",6,2.54577414056987,0.666666666666667,1,10.9203479467516,0.0199999999999996
"N0412","YEARLY","ets",6,2.22718931725345,0.833333333333333,1,8.55190203447025,0.0199999999999996
"N0413","YEARLY","bets",6,0.757582569043639,1,1,9.59524065631975,0.0300000000000011
"N0413","YEARLY","ets",6,1.24672848542947,1,1,9.08977340834353,0
"N0414","YEARLY","bets",6,0.531282355258476,1,1,7.71714597970453,0.0199999999999996
"N0414","YEARLY","ets",6,0.564373897707231,1,1,7.5038966735019,0.00999999999999979
"N0415","YEARLY","bets",6,0.967115536913022,1,1,8.85179103665854,0.0199999999999996
"N0415","YEARLY","ets",6,0.96721012547617,1,1,9.31604091164713,0.0100000000000016
"N0416","YEARLY","bets",6,3.96755110189269,0.666666666666667,1,14.7883290158587,0.0199999999999996
"N0416","YEARLY","ets",6,2.86402210364338,1,1,16.2873487863513,0.0199999999999996
"N0417","YEARLY","bets",6,1.06491245221205,1,1,7.14272991212205,0.0300000000000011
"N0417","YEARLY","ets",6,0.928571037176172,1,1,4.43387603865701,0
"N0418","YEARLY","bets",6,6.13784643366768,0,0,78.5609311070652,0.0299999999999976
"N0418","YEARLY","ets",6,6.53256369341441,0,0,78.4535748204395,0
"N0419","YEARLY","bets",6,2.04459572661102,0.833333333333333,1,9.74564068022303,0.0300000000000011
"N0419","YEARLY","ets",6,1.64362519201229,1,1,8.73763530546593,0
"N0420","YEARLY","bets",6,0.822950258476456,1,1,7.39056402677114,0.0300000000000011
"N0420","YEARLY","ets",6,0.832308470752658,1,1,8.36724363935637,0
"N0421","YEARLY","bets",6,2.67754756487596,0.833333333333333,1,8.91648135067207,0.0299999999999976
"N0421","YEARLY","ets",6,2.83762566925706,0.833333333333333,1,9.16422457635949,0
"N0422","YEARLY","bets",6,1.25941498926241,1,1,10.8778561684987,0.00999999999999801
"N0422","YEARLY","ets",6,0.887401377684561,1,1,9.34561147315388,0
"N0423","YEARLY","bets",6,3.31348310584706,0.5,0.666666666666667,16.286718692435,0.0100000000000016
"N0423","YEARLY","ets",6,3.29609175578279,0.5,0.666666666666667,19.9489813523544,0
"N0424","YEARLY","bets",6,2.04273314259672,0.833333333333333,1,9.36047175897588,0.0199999999999996
"N0424","YEARLY","ets",6,1.85313399408026,1,1,8.74641315453857,0.0100000000000016
"N0425","YEARLY","bets",6,1.62618923307351,1,1,11.9711437654129,0.0199999999999996
"N0425","YEARLY","ets",6,1.27948826579159,1,1,9.45704495764802,0.00999999999999801
"N0426","YEARLY","bets",6,0.960207291166616,1,1,8.39657321080733,0.0300000000000011
"N0426","YEARLY","ets",6,0.887530633253536,1,1,8.72146129369684,0
"N0427","YEARLY","bets",6,0.596159662744211,1,1,8.3410954482759,0.0199999999999996
"N0427","YEARLY","ets",6,0.576202680338012,1,1,8.56424347263145,0
"N0428","YEARLY","bets",6,2.25596931544562,0.666666666666667,0.833333333333333,13.3729005602715,0.0199999999999996
"N0428","YEARLY","ets",6,1.89815943975812,0.666666666666667,0.833333333333333,13.129374431577,0
"N0429","YEARLY","bets",6,2.1437119148734,1,1,13.4917852195326,0.0200000000000031
"N0429","YEARLY","ets",6,3.22654853798668,0.833333333333333,1,12.8193450992196,0
"N0430","YEARLY","bets",6,0.751036797341861,1,1,10.2635269769177,0.0299999999999976
"N0430","YEARLY","ets",6,0.882676350259645,1,1,9.6108008862897,0.0100000000000016
"N0431","YEARLY","bets",6,2.78484217352668,0.5,0.5,38.2070053468966,0.0199999999999996
"N0431","YEARLY","ets",6,2.65229974799466,0.5,0.5,32.4199806103033,0.0199999999999996
"N0432","YEARLY","bets",6,2.54576893742619,0.166666666666667,1,8.22134110085443,0.0100000000000016
"N0432","YEARLY","ets",6,2.80280217471331,0.166666666666667,1,8.20901878380169,0
"N0433","YEARLY","bets",6,1.98175003542182,1,1,10.2032932051427,0.00999999999999801
"N0433","YEARLY","ets",6,1.51638046434836,0.833333333333333,1,9.29578582395547,0
"N0434","YEARLY","bets",6,0.415812977114643,1,1,4.3031273787271,0.0100000000000016
"N0434","YEARLY","ets",6,0.799770345580882,0.5,0.5,7.07924795256449,0.0199999999999996
"N0435","YEARLY","bets",6,3.50760905967668,0.166666666666667,0.5,26.5079778720687,0.0199999999999996
"N0435","YEARLY","ets",6,3.85313432434469,0.166666666666667,0.5,34.0644235431939,0.0100000000000016
"N0436","YEARLY","bets",6,3.44955603681718,0.333333333333333,1,9.55985737538532,0.0199999999999996
"N0436","YEARLY","ets",6,4.52521389813235,0.166666666666667,0.5,56.0781717765691,0
"N0437","YEARLY","bets",6,1.59549692742712,0.5,1,5.58021264861419,0.0200000000000031
"N0437","YEARLY","ets",6,0.252908540322242,1,1,4.72552300612906,0.00999999999999801
"N0438","YEARLY","bets",6,0.567021310344057,1,1,4.76397422714673,0.0500000000000007
"N0438","YEARLY","ets",6,1.02430678281646,0.5,1,3.05949597649478,0.0199999999999996
"N0439","YEARLY","bets",6,0.47583877720683,1,1,9.09768396478241,0.0300000000000011
"N0439","YEARLY","ets",6,1.05432599040359,0.666666666666667,0.833333333333333,5.03628489747038,0
"N0440","YEARLY","bets",6,0.357316647152248,1,1,12.769428032739,0.0300000000000011
"N0440","YEARLY","ets",6,1.41302987130555,1,1,10.0760724820978,0
"N0441","YEARLY","bets",6,0.945397288830002,0.833333333333333,1,6.2887919052045,0.0200000000000031
"N0441","YEARLY","ets",6,1.36207892327836,0.833333333333333,1,6.13752160544123,0.00999999999999801
"N0442","YEARLY","bets",6,3.13404515607336,0.833333333333333,1,14.1906226947019,0.0300000000000011
"N0442","YEARLY","ets",6,1.45103716949383,1,1,9.41341038442461,0
"N0443","YEARLY","bets",6,1.23019873994705,0.833333333333333,0.833333333333333,11.1194543739201,0.0199999999999996
"N0443","YEARLY","ets",6,1.24318929667702,0.833333333333333,0.833333333333333,10.7235725223191,0
"N0444","YEARLY","bets",6,2.86919579423833,0.5,0.833333333333333,16.3754229173499,0.0199999999999996
"N0444","YEARLY","ets",6,3.15320234883107,0.166666666666667,0.166666666666667,70.2288887386046,0
"N0445","YEARLY","bets",6,4.63352705500293,0.166666666666667,0.833333333333333,15.5975123918647,0.0199999999999996
"N0445","YEARLY","ets",6,3.6073639792735,0.333333333333333,0.833333333333333,10.9872693903002,0
"N0446","YEARLY","bets",6,4.66037370541797,0.333333333333333,1,15.3662399889083,0.0199999999999996
"N0446","YEARLY","ets",6,2.30847185250851,0.833333333333333,1,9.12384053958556,0
"N0447","YEARLY","bets",6,3.1251821727783,0.5,1,11.4692029046495,0.0100000000000016
"N0447","YEARLY","ets",6,2.73246642771002,0.5,1,8.70011935044778,0.0199999999999996
"N0448","YEARLY","bets",6,1.528184492013,0.666666666666667,0.833333333333333,6.56303122672968,0.0300000000000011
"N0448","YEARLY","ets",6,1.24223774207615,0.666666666666667,0.666666666666667,15.4119117221102,0
"N0449","YEARLY","bets",6,1.02621020743593,1,1,7.43106031733882,0.0199999999999996
"N0449","YEARLY","ets",6,1.4301410388453,0.333333333333333,0.666666666666667,8.69887108290999,0.0100000000000016
"N0450","YEARLY","bets",6,2.23439272384326,0.166666666666667,0.666666666666667,8.31786437902451,0.0199999999999996
"N0450","YEARLY","ets",6,1.94253184801189,0.166666666666667,0.5,16.0984540746456,0.0199999999999996
"N0451","YEARLY","bets",6,3.80056493140024,0.5,1,12.4295663283344,0.0100000000000016
"N0451","YEARLY","ets",6,0.509661895527344,1,1,8.60216052300649,0.0199999999999996
"N0452","YEARLY","bets",6,1.48835529265571,1,1,14.6439237640233,0.0199999999999996
"N0452","YEARLY","ets",6,0.968798724248289,1,1,8.82716096039029,0
"N0453","YEARLY","bets",6,1.50635656609616,1,1,10.378423397191,0.0199999999999996
"N0453","YEARLY","ets",6,0.963104724171447,1,1,8.48539794237138,0
"N0454","YEARLY","bets",6,2.572147332868,0.666666666666667,1,13.8114301435919,0.0199999999999996
"N0454","YEARLY","ets",6,1.64210798195958,0.666666666666667,1,8.50402424354873,0.0100000000000016
"N0455","YEARLY","bets",6,5.98583906358096,0.166666666666667,0.666666666666667,25.1362243780988,0.0299999999999976
"N0455","YEARLY","ets",6,2.26058568897765,0.666666666666667,1,8.87967329991685,0
"N0456","YEARLY","bets",6,1.51728404059242,1,1,13.950377469342,0.0200000000000031
"N0456","YEARLY","ets",6,1.43795568769024,1,1,8.90514981206679,0.00999999999999801
"N0457","YEARLY","bets",6,1.16979314447567,0.833333333333333,1,9.14232601334333,0.0100000000000016
"N0457","YEARLY","ets",6,1.18981937251221,0.833333333333333,1,9.23046182538614,0
"N0458","YEARLY","bets",6,1.58751688018116,0.666666666666667,1,9.78652491477962,0.0199999999999996
"N0458","YEARLY","ets",6,1.83598438487103,0.5,1,9.00245688593178,0
"N0459","YEARLY","bets",6,3.71569535417426,0,0.666666666666667,12.7725373303043,0.0100000000000016
"N0459","YEARLY","ets",6,3.02920523675037,0.5,1,8.98864893749461,0.0199999999999996
"N0460","YEARLY","bets",6,2.42994836039772,0.833333333333333,1,10.9014990143147,0.0299999999999976
"N0460","YEARLY","ets",6,3.13107023970542,0.833333333333333,1,12.3331140598029,0
"N0461","YEARLY","bets",6,4.91481625413624,0.166666666666667,0.666666666666667,18.1035521925645,0.0100000000000016
"N0461","YEARLY","ets",6,1.02978153018926,1,1,8.30666174003707,0.0199999999999996
"N0462","YEARLY","bets",6,0.864379590466504,1,1,11.8492619064532,0.0199999999999996
"N0462","YEARLY","ets",6,1.61147775845249,1,1,14.4210992980746,0
"N0463","YEARLY","bets",6,0.780328917652155,1,1,9.40424330473553,0.0199999999999996
"N0463","YEARLY","ets",6,0.886781210282375,1,1,9.13417660607291,0
"N0464","YEARLY","bets",6,3.6295006803702,0.5,1,11.4237243050198,0.0300000000000011
"N0464","YEARLY","ets",6,4.53144693255782,0.166666666666667,0.166666666666667,118.295626960718,0
"N0465","YEARLY","bets",6,2.05487287241167,1,1,14.1781054878036,0.0199999999999996
"N0465","YEARLY","ets",6,0.691681188261131,1,1,10.4124293375428,0
"N0466","YEARLY","bets",6,3.777802743014,0.666666666666667,1,14.3612719742746,0.0300000000000011
"N0466","YEARLY","ets",6,2.97790765774394,0.666666666666667,1,9.53084731220132,0
"N0467","YEARLY","bets",6,4.17532284144539,0.333333333333333,1,12.4432746407444,0.0100000000000016
"N0467","YEARLY","ets",6,2.78068821742284,0.666666666666667,1,11.3565008195495,0.0199999999999996
"N0468","YEARLY","bets",6,2.91593515597485,1,1,13.2130182210488,0.00999999999999801
"N0468","YEARLY","ets",6,3.26277263600879,1,1,14.1736762070155,0.0199999999999996
"N0469","YEARLY","bets",6,1.41544713960562,1,1,10.0076282752743,0
"N0469","YEARLY","ets",6,1.24926093093093,1,1,9.73682198000203,0
"N0470","YEARLY","bets",6,0.638509725471184,1,1,8.07409032414231,0.0300000000000011
"N0470","YEARLY","ets",6,0.504291458500739,1,1,5.61291797721653,0
"N0471","YEARLY","bets",6,2.03053297111267,0.833333333333333,1,10.4464298343184,0.0299999999999976
"N0471","YEARLY","ets",6,2.35703786339351,0.333333333333333,1,7.39011936906589,0
"N0472","YEARLY","bets",6,2.32312145380014,0.5,1,8.06362283360912,0.00999999999999801
"N0472","YEARLY","ets",6,2.74749331808472,0.333333333333333,0.833333333333333,7.6555046893949,0
"N0473","YEARLY","bets",6,0.0285672942858932,1,1,5.85898673795946,0.0100000000000016
"N0473","YEARLY","ets",6,0.067857721914642,1,1,11.2355345624475,0
"N0474","YEARLY","bets",6,0.0599086360965452,1,1,6.19643014456848,0.0199999999999996
"N0474","YEARLY","ets",6,0.0617494547345033,1,1,8.62838103256599,0.0199999999999996
"N0475","YEARLY","bets",6,2.36672184825643,0.166666666666667,1,6.33260644595055,0.0300000000000011
"N0475","YEARLY","ets",6,2.10869350665672,1,1,10.8780039617139,0
"N0476","YEARLY","bets",6,3.51129858144523,0.166666666666667,1,8.27487283881747,0.0199999999999996
"N0476","YEARLY","ets",6,4.89331678791508,0.833333333333333,1,16.2290435233791,0
"N0477","YEARLY","bets",6,0.694239708731041,1,1,8.63744883323568,0.0199999999999996
"N0477","YEARLY","ets",6,0.0730609191751847,1,1,5.81997391596412,0
"N0478","YEARLY","bets",6,2.38974913333333,0.833333333333333,1,9.69229014030488,0.0100000000000016
"N0478","YEARLY","ets",6,5.35233665581378,0.166666666666667,0.5,59.3709640217184,0
"N0479","YEARLY","bets",6,3.48743506083516,0.333333333333333,1,10.9309965037077,0.00999999999999801
"N0479","YEARLY","ets",6,3.53535542111379,0.5,1,11.3323437891309,0
"N0480","YEARLY","bets",6,0.698610662462868,0.833333333333333,0.833333333333333,9.20464502131483,0.0300000000000011
"N0480","YEARLY","ets",6,0.788372110737313,0.833333333333333,0.833333333333333,10.2384315703819,0
"N0481","YEARLY","bets",6,0.674530859292089,0.833333333333333,0.833333333333333,9.03992784858923,0.0199999999999996
"N0481","YEARLY","ets",6,0.761730906088678,0.833333333333333,1,12.0489387218294,0.0100000000000016
"N0482","YEARLY","bets",6,3.62959137156465,0,0,73.6685032882074,0.0199999999999996
"N0482","YEARLY","ets",6,3.25088349998592,0,0.166666666666667,83.1600063626415,0
"N0483","YEARLY","bets",6,2.51955322629011,0.833333333333333,1,13.8667680020144,0.0300000000000011
"N0483","YEARLY","ets",6,2.80617339224758,0.5,0.833333333333333,14.217273830606,0.00999999999999801
"N0484","YEARLY","bets",6,3.49219577685888,0,0,76.6124119398544,0.0199999999999996
"N0484","YEARLY","ets",6,3.16440167617173,0,0.166666666666667,80.9336946235749,0.0100000000000016
"N0485","YEARLY","bets",6,2.72536617743526,0.833333333333333,1,10.4718015885918,0.0199999999999996
"N0485","YEARLY","ets",6,1.19609610958613,0.833333333333333,0.833333333333333,7.33620932477846,0
"N0486","YEARLY","bets",6,2.43308446277186,0.833333333333333,0.833333333333333,16.8258153380988,0.0100000000000016
"N0486","YEARLY","ets",6,2.32490072012332,0.833333333333333,0.833333333333333,15.5352311578734,0.0199999999999996
"N0487","YEARLY","bets",6,2.18637323988058,0.5,1,5.61065669800706,0.00999999999999801
"N0487","YEARLY","ets",6,2.18117042518032,0.666666666666667,1,6.35209173104276,0.0200000000000031
"N0488","YEARLY","bets",6,0.568227893278865,1,1,8.87086156208386,0.00999999999999801
"N0488","YEARLY","ets",6,0.333228058800924,1,1,11.3691579844163,0
"N0489","YEARLY","bets",6,3.16214665405725,0.5,0.666666666666667,19.1994919564607,0.0199999999999996
"N0489","YEARLY","ets",6,3.49187259436772,0.5,0.666666666666667,28.7977629394615,0.0100000000000016
"N0490","YEARLY","bets",6,3.21503083839612,0.833333333333333,0.833333333333333,12.4334637108083,0.0399999999999991
"N0490","YEARLY","ets",6,3.78046636300304,0.833333333333333,1,14.6048453167031,0
"N0491","YEARLY","bets",6,6.48857622140908,0,0,144.365933420415,0.0300000000000011
"N0491","YEARLY","ets",6,6.42766900523328,0,0,126.545737302613,0
"N0492","YEARLY","bets",6,2.0734891043284,0.5,1,5.37742274944023,0.00999999999999801
"N0492","YEARLY","ets",6,2.19272992584768,0.5,1,5.93970298776718,0.0199999999999996
"N0493","YEARLY","bets",6,2.2063555108982,0.5,1,7.00745255081959,0.0100000000000016
"N0493","YEARLY","ets",6,1.89673319471421,1,1,9.99465155948984,0.0199999999999996
"N0494","YEARLY","bets",6,2.44261384231245,0.166666666666667,0.833333333333333,10.1257588786487,0.0300000000000011
"N0494","YEARLY","ets",6,2.0530166156172,0.666666666666667,1,6.76455956889425,0.0199999999999996
"N0495","YEARLY","bets",6,1.18993236837671,1,1,6.32219946632969,0.00999999999999801
"N0495","YEARLY","ets",6,0.750179690389059,1,1,8.84685306534572,0
"N0496","YEARLY","bets",6,2.56852842980094,0.5,0.833333333333333,7.67665077805345,0.00999999999999801
"N0496","YEARLY","ets",6,2.44127388090378,0.666666666666667,1,9.12231963020695,0
"N0497","YEARLY","bets",6,1.02743138502871,1,1,6.47324923240511,0.0100000000000016
"N0497","YEARLY","ets",6,0.537666373257622,1,1,9.02021613189701,0
"N0498","YEARLY","bets",6,1.07254150108332,1,1,9.5485029940132,0.0199999999999996
"N0498","YEARLY","ets",6,1.83471776777719,0.833333333333333,1,7.41414565969386,0.0100000000000016
"N0499","YEARLY","bets",6,3.62964793944216,0.833333333333333,1,12.2485441798735,0.0299999999999976
"N0499","YEARLY","ets",6,3.2913717898126,1,1,16.9836113451855,0
"N0500","YEARLY","bets",6,1.71157944271182,1,1,11.0617904639161,0.0300000000000011
"N0500","YEARLY","ets",6,2.38832447832712,1,1,14.3951195824018,0
"N0501","YEARLY","bets",6,1.01736578455068,1,1,10.829441662066,0.0399999999999991
"N0501","YEARLY","ets",6,1.77514508512235,1,1,12.1042419313296,0
"N0502","YEARLY","bets",6,1.09917953910808,1,1,13.9326503921182,0.0100000000000016
"N0502","YEARLY","ets",6,0.585877292050424,1,1,9.42258908118317,0.0199999999999996
"N0503","YEARLY","bets",6,13.8980307149494,0,0,337.127245770501,0.0300000000000011
"N0503","YEARLY","ets",6,12.7113943248891,0,0.166666666666667,324.771442714195,0
"N0504","YEARLY","bets",6,1.35125589483763,1,1,11.6066386037959,0.00999999999999801
"N0504","YEARLY","ets",6,1.31920364545739,1,1,14.3577653367012,0.0199999999999996
"N0505","YEARLY","bets",6,2.25304467904403,0.166666666666667,0.833333333333333,10.1485438913909,0.0100000000000016
"N0505","YEARLY","ets",6,2.39607931650446,0.5,1,8.68610217138188,0
"N0506","YEARLY","bets",6,1.31988503677438,0.833333333333333,1,5.55045305371925,0.0300000000000011
"N0506","YEARLY","ets",6,1.2845574389241,0.833333333333333,1,6.86204166279109,0
"N0507","YEARLY","bets",6,1.95859318784424,1,1,12.9795162026762,0.00999999999999801
"N0507","YEARLY","ets",6,1.06178153319811,1,1,9.70889044680903,0
"N0508","YEARLY","bets",6,3.55630369082803,0.166666666666667,0.5,23.7919300728819,0.0100000000000016
"N0508","YEARLY","ets",6,2.28141766512612,0.166666666666667,0.333333333333333,31.2271372637188,0
"N0509","YEARLY","bets",6,2.84489365382211,0.5,0.833333333333333,17.5664152344441,0.0199999999999996
"N0509","YEARLY","ets",6,3.96763597574422,0.333333333333333,0.333333333333333,71.3588287007159,0.0100000000000016
"N0510","YEARLY","bets",6,1.0085448109315,1,1,11.9281642171884,0.0199999999999996
"N0510","YEARLY","ets",6,1.56072383642298,1,1,9.87377965060111,0.00999999999999801
"N0511","YEARLY","bets",6,3.75782234461857,0.833333333333333,1,13.8571944954508,0.0200000000000031
"N0511","YEARLY","ets",6,3.67059645148565,0.333333333333333,0.666666666666667,12.5977891932142,0.00999999999999801
"N0512","YEARLY","bets",6,0.367116742336091,1,1,6.12580601261512,0.0300000000000011
"N0512","YEARLY","ets",6,0.665107747084348,1,1,5.40701498973361,0
"N0513","YEARLY","bets",6,5.17930641816948,0.166666666666667,0.333333333333333,98.0816980957189,0.0199999999999996
"N0513","YEARLY","ets",6,4.78339922482734,0.166666666666667,0.333333333333333,125.768000042599,0.0199999999999996
"N0514","YEARLY","bets",6,1.46887889652181,1,1,13.8222879887123,0.0100000000000016
"N0514","YEARLY","ets",6,3.10768171883271,0.666666666666667,1,10.3038279825748,0
"N0515","YEARLY","bets",6,3.69237959612181,0.5,1,10.5162922118612,0.0299999999999976
"N0515","YEARLY","ets",6,1.12135907979782,1,1,6.96194553140966,0
"N0516","YEARLY","bets",6,4.08241868990127,0.166666666666667,0.5,20.1848855023727,0.0300000000000011
"N0516","YEARLY","ets",6,2.00468336895627,0.333333333333333,1,5.78792983513571,0
"N0517","YEARLY","bets",6,4.97438431270414,0.666666666666667,1,14.606179951942,0
"N0517","YEARLY","ets",6,5.81026291881882,0.666666666666667,1,19.5044761832131,0.0100000000000016
"N0518","YEARLY","bets",6,1.40969888329388,0.666666666666667,0.833333333333333,7.68919989889029,0.00999999999999801
"N0518","YEARLY","ets",6,0.617741490408495,0.833333333333333,1,4.54636411623043,0
"N0519","YEARLY","bets",6,0.652304347298703,1,1,14.9205990166588,0.00999999999999801
"N0519","YEARLY","ets",6,1.2254914789505,1,1,9.16971828614213,0
"N0520","YEARLY","bets",6,2.53239682503091,0.333333333333333,0.833333333333333,15.6187282997008,0.0100000000000016
"N0520","YEARLY","ets",6,2.12270474556479,0.666666666666667,0.833333333333333,13.0949870897786,0.0199999999999996
"N0521","YEARLY","bets",6,2.31737049904597,1,1,14.9591247971683,0.0199999999999996
"N0521","YEARLY","ets",6,2.71222633004699,0.666666666666667,1,9.91904217702591,0.0100000000000016
"N0522","YEARLY","bets",6,2.43854126990677,0.666666666666667,1,9.58689363492299,0.0199999999999996
"N0522","YEARLY","ets",6,1.98323296099161,0.833333333333333,1,9.31483684737493,0
"N0523","YEARLY","bets",6,3.93799691939443,0.333333333333333,0.833333333333333,18.7850996029847,0.0199999999999996
"N0523","YEARLY","ets",6,4.29801813549248,0.166666666666667,0.5,29.7913409111613,0
"N0524","YEARLY","bets",6,1.7582119056078,0.833333333333333,1,9.01305841595168,0.0199999999999996
"N0524","YEARLY","ets",6,2.19327934661489,0.666666666666667,1,9.15012672469956,0.0199999999999996
"N0525","YEARLY","bets",6,2.38738828474572,0.666666666666667,1,10.2290437742322,0.0100000000000016
"N0525","YEARLY","ets",6,2.05908865304798,0.833333333333333,0.833333333333333,11.4489975438252,0.0199999999999996
"N0526","YEARLY","bets",6,0.953809425681132,1,1,11.1185479354473,0.00999999999999801
"N0526","YEARLY","ets",6,1.4399509227366,1,1,9.70751191700143,0.0200000000000031
"N0527","YEARLY","bets",6,0.869767805381604,1,1,14.4800450641526,0.00999999999999801
"N0527","YEARLY","ets",6,0.726336948609152,1,1,13.1911850898411,0
"N0528","YEARLY","bets",6,2.04950533701719,1,1,11.6014323173687,0.0100000000000016
"N0528","YEARLY","ets",6,1.64360587002096,1,1,10.867575272467,0
"N0529","YEARLY","bets",6,0.165178394138694,1,1,3.38813395688641,0.0199999999999996
"N0529","YEARLY","ets",6,0.313717904235913,1,1,8.30411352579712,0.0100000000000016
"N0530","YEARLY","bets",6,1.97206736341529,0.833333333333333,1,8.95618613184944,0.0199999999999996
"N0530","YEARLY","ets",6,2.34929456420876,1,1,11.4703744592723,0
"N0531","YEARLY","bets",6,0.666867750918948,1,1,4.16312130368755,0.0199999999999996
"N0531","YEARLY","ets",6,0.0779742918316375,1,1,11.470241200704,0.0100000000000016
"N0532","YEARLY","bets",6,1.71095460889583,0.666666666666667,1,5.32938251666647,0.0199999999999996
"N0532","YEARLY","ets",6,1.89401341396386,0.5,0.833333333333333,7.09904610653704,0
"N0533","YEARLY","bets",6,0.976865265212863,1,1,9.35440816532231,0.0300000000000011
"N0533","YEARLY","ets",6,0.681625419962429,1,1,13.1193196070255,0
"N0534","YEARLY","bets",6,4.59569257270578,0.166666666666667,0.5,75.684023256045,0.0200000000000031
"N0534","YEARLY","ets",6,5.88453194379637,0,0.166666666666667,180.329922654332,0
"N0535","YEARLY","bets",6,0.895913492583378,1,1,9.1145225536522,0.0299999999999976
"N0535","YEARLY","ets",6,1.60991071173918,1,1,11.929421749848,0
"N0536","YEARLY","bets",6,1.63293339973484,1,1,9.16461346922087,0.0300000000000011
"N0536","YEARLY","ets",6,1.09917217174277,1,1,11.6175327665383,0
"N0537","YEARLY","bets",6,0.837397210162942,1,1,6.86233207007936,0.0300000000000011
"N0537","YEARLY","ets",6,0.574019297925141,1,1,8.38878317055794,0
"N0538","YEARLY","bets",6,0.906931095546828,1,1,4.6834781531265,0.00999999999999801
"N0538","YEARLY","ets",6,0.329609616566791,1,1,10.3037453503035,0
"N0539","YEARLY","bets",6,3.63197180535627,0.833333333333333,1,15.0072317592895,0.0300000000000011
"N0539","YEARLY","ets",6,2.10518719742798,1,1,9.45929350910833,0
"N0540","YEARLY","bets",6,6.43746733941558,0.5,0.5,46.2563578973053,0.0399999999999991
"N0540","YEARLY","ets",6,5.83776778704547,0.5,1,18.0588971886501,0
"N0541","YEARLY","bets",6,0.127951670402891,1,1,5.65387652272115,0.0300000000000011
"N0541","YEARLY","ets",6,0.240850519522151,1,1,7.20009660245306,0
"N0542","YEARLY","bets",6,1.658390209402,1,1,13.4473662110743,0.0200000000000031
"N0542","YEARLY","ets",6,0.470527351561567,1,1,8.91861052970763,0
"N0543","YEARLY","bets",6,0.200251730927443,1,1,3.39736665779697,0.0199999999999996
"N0543","YEARLY","ets",6,0.348059183922519,1,1,3.39415967014587,0
"N0544","YEARLY","bets",6,0.222061860139971,1,1,3.42167380570229,0.0199999999999996
"N0544","YEARLY","ets",6,0.401933227879197,1,1,3.07680132025692,0
"N0545","YEARLY","bets",6,0.544192685098029,1,1,15.5916350752139,0.0100000000000016
"N0545","YEARLY","ets",6,0.241865556988393,1,1,11.7760193787553,0
"N0546","YEARLY","bets",6,0.207958825676313,1,1,4.38932161634063,0.00999999999999801
"N0546","YEARLY","ets",6,0.0833877782746632,1,1,4.84789021019809,0
"N0547","YEARLY","bets",6,1.4932882678103,1,1,13.9037237051264,0.0100000000000016
"N0547","YEARLY","ets",6,1.40397207334107,1,1,11.4808735554673,0
"N0548","YEARLY","bets",6,1.08592632833857,1,1,7.52700698217258,0.0399999999999991
"N0548","YEARLY","ets",6,0.885870374418895,1,1,7.96970596230416,0
"N0549","YEARLY","bets",6,0.51315553796104,1,1,12.6720675976612,0.0300000000000011
"N0549","YEARLY","ets",6,0.515713427566953,1,1,9.98124279921216,0
"N0550","YEARLY","bets",6,1.34793966532153,0.833333333333333,0.833333333333333,14.5028886629221,0.0200000000000031
"N0550","YEARLY","ets",6,1.37560530996766,0.833333333333333,0.833333333333333,15.5352919750917,0.00999999999999801
"N0551","YEARLY","bets",6,6.52112143394273,0.333333333333333,0.333333333333333,37.7545969984757,0.0199999999999996
"N0551","YEARLY","ets",6,3.85415642969754,0.333333333333333,0.666666666666667,29.403383615861,0.0100000000000016
"N0552","YEARLY","bets",6,2.81701834374688,1,1,11.2012375969948,0.0199999999999996
"N0552","YEARLY","ets",6,5.30456536820766,0.166666666666667,0.5,62.4561803316168,0
"N0553","YEARLY","bets",6,3.79886430496706,0.5,1,11.6742636857729,0.0300000000000011
"N0553","YEARLY","ets",6,6.83711700367926,0,0.333333333333333,129.873509317545,0
"N0554","YEARLY","bets",6,3.47715405073701,0.333333333333333,0.666666666666667,11.7134372046007,0.00999999999999801
"N0554","YEARLY","ets",6,3.08973297182768,0.333333333333333,0.666666666666667,11.9966435899785,0.0199999999999996
"N0555","YEARLY","bets",6,0.641499956109635,0.833333333333333,1,13.8754729657961,0.0300000000000011
"N0555","YEARLY","ets",6,0.28980290922721,1,1,16.2412081016267,0
"N0556","YEARLY","bets",6,3.52072986360696,1,1,14.1616358501126,0.0199999999999996
"N0556","YEARLY","ets",6,3.4428425356755,0.5,0.666666666666667,13.9053547603457,0
"N0557","YEARLY","bets",6,8.84761103183741,0,0,75.5881221880669,0.0199999999999996
"N0557","YEARLY","ets",6,4.76946124754624,0,0.666666666666667,18.8695706440698,0
"N0558","YEARLY","bets",6,2.5114348558774,0.5,1,9.94982167881489,0.0200000000000031
"N0558","YEARLY","ets",6,2.52921012451167,0.5,0.833333333333333,9.17660854006151,0
"N0559","YEARLY","bets",6,0.794663931467134,1,1,16.4398806979329,0.0100000000000016
"N0559","YEARLY","ets",6,2.1141223212092,1,1,9.77845344150345,0
"N0560","YEARLY","bets",6,0.786591987804787,1,1,7.49096700991544,0.0399999999999991
"N0560","YEARLY","ets",6,1.07632719573345,1,1,14.904145937435,0
"N0561","YEARLY","bets",6,2.61374565027613,0.833333333333333,1,9.28498060257597,0.0300000000000011
"N0561","YEARLY","ets",6,3.28900542920944,0.5,0.5,57.8007574617365,0
"N0562","YEARLY","bets",6,2.58731597033208,0.833333333333333,1,9.57960728261374,0.0299999999999976
"N0562","YEARLY","ets",6,2.77096443368954,0.5,0.833333333333333,16.8399058010714,0
"N0563","YEARLY","bets",6,2.46708635630005,0.833333333333333,1,10.1194834742409,0.0300000000000011
"N0563","YEARLY","ets",6,3.8896295138783,0.5,0.5,69.6227419417911,0
"N0564","YEARLY","bets",6,3.39163927608272,0.666666666666667,1,12.0849981527248,0.0100000000000016
"N0564","YEARLY","ets",6,4.42770910310651,0.5,1,13.0246541452708,0
"N0565","YEARLY","bets",6,0.945198976737336,1,1,11.1967124799455,0.0299999999999976
"N0565","YEARLY","ets",6,1.13345945746666,1,1,11.493576758312,0
"N0566","YEARLY","bets",6,1.63487225275262,1,1,11.3299081442289,0.0300000000000011
"N0566","YEARLY","ets",6,0.687645687645688,1,1,8.97177120937486,0
"N0567","YEARLY","bets",6,3.95747028541613,1,1,19.6108708793905,0.0199999999999996
"N0567","YEARLY","ets",6,2.06484327339209,1,1,11.3662749924814,0
"N0568","YEARLY","bets",6,3.66487540120345,1,1,18.9781568115071,0.0199999999999996
"N0568","YEARLY","ets",6,2.23197985017018,1,1,18.4060806257481,0
"N0569","YEARLY","bets",6,1.63334641802086,1,1,13.5093350135376,0.0300000000000011
"N0569","YEARLY","ets",6,2.3965126228656,1,1,11.6709336251481,0
"N0570","YEARLY","bets",6,1.20300377902061,1,1,9.98516131287496,0.0299999999999976
"N0570","YEARLY","ets",6,0.722242995892339,1,1,7.49199403663541,0
"N0571","YEARLY","bets",6,3.36467331410186,0.833333333333333,1,12.0451830887667,0.0300000000000011
"N0571","YEARLY","ets",6,4.08532635076707,1,1,14.5490670170858,0
"N0572","YEARLY","bets",6,0.860903826830243,1,1,12.8404755267065,0.0100000000000016
"N0572","YEARLY","ets",6,1.41085166996493,1,1,8.72074346047405,0
"N0573","YEARLY","bets",6,1.55874642030729,1,1,12.1722266730191,0.00999999999999801
"N0573","YEARLY","ets",6,2.4791098886025,1,1,15.5421430691715,0
"N0574","YEARLY","bets",6,5.38491654786592,0,0.5,68.9819553462109,0.00999999999999801
"N0574","YEARLY","ets",6,2.40850084183062,0.666666666666667,0.833333333333333,41.7166343719645,0
"N0575","YEARLY","bets",6,3.85007494434422,1,1,21.4603097126658,0.0100000000000016
"N0575","YEARLY","ets",6,2.2008223372614,0.833333333333333,1,10.0134941023421,0
"N0576","YEARLY","bets",6,4.88576201845616,0.666666666666667,1,17.0209370824706,0.0199999999999996
"N0576","YEARLY","ets",6,6.88520550795255,0.333333333333333,0.333333333333333,74.7542367031358,0
"N0577","YEARLY","bets",6,0.999381779485535,0.666666666666667,1,9.18532196343395,0.0199999999999996
"N0577","YEARLY","ets",6,1.44409930736366,0.666666666666667,1,14.0884751707056,0
"N0578","YEARLY","bets",6,1.50157519511495,1,1,9.996426501426,0.0199999999999996
"N0578","YEARLY","ets",6,2.39926150514472,1,1,11.9648076706678,0
"N0579","YEARLY","bets",6,3.27925820532472,1,1,20.2876335461065,0.0199999999999996
"N0579","YEARLY","ets",6,1.21890297543767,1,1,12.3557377760568,0
"N0580","YEARLY","bets",6,0.408713767467975,1,1,12.6095779488636,0.0100000000000016
"N0580","YEARLY","ets",6,4.37354740103805,0.166666666666667,0.666666666666667,25.8195091290173,0.0199999999999996
"N0581","YEARLY","bets",6,0.884765423380033,1,1,13.5495532250656,0.00999999999999801
"N0581","YEARLY","ets",6,1.45292482589834,1,1,9.31241145458233,0.0200000000000031
"N0582","YEARLY","bets",6,1.06362383130498,1,1,12.418082262032,0.00999999999999801
"N0582","YEARLY","ets",6,1.58689355076496,1,1,10.3763501963607,0.0199999999999996
"N0583","YEARLY","bets",6,0.638969108529245,1,1,7.41395188775128,0.0100000000000016
"N0583","YEARLY","ets",6,0.310151654795332,1,1,4.67267371815766,0.0199999999999996
"N0584","YEARLY","bets",6,1.14926592959281,1,1,13.7626039019672,0.0199999999999996
"N0584","YEARLY","ets",6,0.735376539823673,1,1,23.4272212988266,0.0100000000000016
"N0585","YEARLY","bets",6,2.58376517271926,0.666666666666667,1,9.18605859751517,0.0299999999999976
"N0585","YEARLY","ets",6,3.1003970478462,0.5,1,9.97836591152449,0
"N0586","YEARLY","bets",6,0.292508877702118,1,1,9.02413086197181,0.0300000000000011
"N0586","YEARLY","ets",6,1.04860215414398,0.833333333333333,1,4.95104273078916,0
"N0587","YEARLY","bets",6,3.5008969379565,0.5,1,12.3459095022161,0.0399999999999991
"N0587","YEARLY","ets",6,1.81516824707324,0.833333333333333,1,8.86457943941108,0
"N0588","YEARLY","bets",6,3.41976883833259,0.5,1,11.6414215828553,0.0100000000000016
"N0588","YEARLY","ets",6,3.84019081461746,0,0,95.1415806160988,0.0199999999999996
"N0589","YEARLY","bets",6,0.836548008144441,1,1,6.46274996951766,0.0300000000000011
"N0589","YEARLY","ets",6,1.44075033322943,0.833333333333333,1,5.48574672048533,0
"N0590","YEARLY","bets",6,0.692086746847961,1,1,11.835657565973,0.0199999999999996
"N0590","YEARLY","ets",6,0.724366663889217,1,1,9.4492390705106,0
"N0591","YEARLY","bets",6,4.05932243088659,0.833333333333333,1,15.7044568835885,0.0199999999999996
"N0591","YEARLY","ets",6,4.67105485562372,0,0,107.587105443094,0
"N0592","YEARLY","bets",6,2.27904381220981,0.666666666666667,1,7.602959497974,0.0300000000000011
"N0592","YEARLY","ets",6,0.688978962923332,1,1,5.19410929381561,0
"N0593","YEARLY","bets",6,1.45774081442114,1,1,12.9694380254655,0.0299999999999976
"N0593","YEARLY","ets",6,2.38237656899096,0.833333333333333,1,9.27610044337942,0
"N0594","YEARLY","bets",6,0.669282227597001,1,1,11.8723121417038,0.0100000000000016
"N0594","YEARLY","ets",6,1.36895321760381,1,1,9.89176863356515,0
"N0595","YEARLY","bets",6,2.76395745830344,1,1,12.4500496436235,0.0199999999999996
"N0595","YEARLY","ets",6,4.46696071509532,0.833333333333333,1,16.391404967862,0
"N0596","YEARLY","bets",6,1.55440287600675,0.833333333333333,1,5.18621821072153,0.0199999999999996
"N0596","YEARLY","ets",6,0.914925728099025,0.833333333333333,0.833333333333333,5.83410832334818,0
"N0597","YEARLY","bets",6,1.67468689385732,1,1,11.3607228159329,0.0200000000000031
"N0597","YEARLY","ets",6,1.70151353001326,1,1,11.2801345151068,0
"N0598","YEARLY","bets",6,1.70675057335175,1,1,13.3461247243464,0.0199999999999996
"N0598","YEARLY","ets",6,1.72014583342494,1,1,13.4408413638456,0.0100000000000016
"N0599","YEARLY","bets",6,4.19058711088056,0,0.666666666666667,21.4601756940714,0.0399999999999991
"N0599","YEARLY","ets",6,1.6661025884634,0.666666666666667,0.833333333333333,10.5422734159817,0
"N0600","YEARLY","bets",6,3.22856187589672,1,1,20.2691463067692,0.0299999999999976
"N0600","YEARLY","ets",6,1.32225287120217,1,1,10.1085697525124,0
"N0601","YEARLY","bets",6,8.70168678808509,0.333333333333333,1,25.6226775822491,0.0100000000000016
"N0601","YEARLY","ets",6,0.82004252386311,1,1,11.2700276623543,0.0199999999999996
"N0602","YEARLY","bets",6,2.24920705035812,0.833333333333333,1,14.3113149295828,0.0300000000000011
"N0602","YEARLY","ets",6,7.47567765989166,0,0,211.395788079489,0
"N0603","YEARLY","bets",6,2.17369023401877,1,1,11.717365842398,0.0200000000000031
"N0603","YEARLY","ets",6,1.86110898823117,1,1,9.66888640873531,0
"N0604","YEARLY","bets",6,0.849765833962241,1,1,10.0683869068025,0.0199999999999996
"N0604","YEARLY","ets",6,2.88238954281749,0.333333333333333,1,7.7362017472551,0
"N0605","YEARLY","bets",6,3.78122519943212,0.666666666666667,1,14.2431518976825,0.0199999999999996
"N0605","YEARLY","ets",6,6.36559699770466,0.333333333333333,0.833333333333333,16.6035683020024,0
"N0606","YEARLY","bets",6,4.25750615029489,0.666666666666667,1,14.8287464122662,0.0300000000000011
"N0606","YEARLY","ets",6,5.63427687300288,0.5,1,17.4777828539294,0
"N0607","YEARLY","bets",6,1.05970725787837,1,1,7.83154426509052,0.0199999999999996
"N0607","YEARLY","ets",6,0.997859783943154,1,1,9.0485493577569,0.0100000000000016
"N0608","YEARLY","bets",6,1.684051762106,1,1,9.43663179664053,0.0399999999999991
"N0608","YEARLY","ets",6,2.67879194711661,1,1,12.7986729496269,0
"N0609","YEARLY","bets",6,0.621900915129257,1,1,12.0316868747885,0.0300000000000011
"N0609","YEARLY","ets",6,0.626263770445484,1,1,8.26089421396751,0
"N0610","YEARLY","bets",6,1.14888017610394,1,1,9.85958686619314,0.0200000000000031
"N0610","YEARLY","ets",6,1.06712166886901,1,1,7.13247978886002,0.00999999999999801
"N0611","YEARLY","bets",6,4.9703302073805,0.166666666666667,0.666666666666667,13.7060127579748,0.0199999999999996
"N0611","YEARLY","ets",6,6.76590814022092,0,0.166666666666667,52.7616965628931,0.0100000000000016
"N0612","YEARLY","bets",6,2.56549588402551,0.833333333333333,1,14.7670970686558,0.0399999999999991
"N0612","YEARLY","ets",6,3.24127605331263,0.5,0.5,23.1918134514442,0
"N0613","YEARLY","bets",6,1.65131205604519,0.833333333333333,1,8.1316495966948,0.0100000000000016
"N0613","YEARLY","ets",6,0.803013485836769,1,1,9.0465879328549,0.0199999999999996
"N0614","YEARLY","bets",6,3.29770272078354,0.833333333333333,1,14.4278034641974,0.00999999999999801
"N0614","YEARLY","ets",6,1.33426917122577,0.833333333333333,1,9.04288018686006,0.0199999999999996
"N0615","YEARLY","bets",6,0.67686083563669,1,1,6.20845005081617,0.0300000000000011
"N0615","YEARLY","ets",6,0.639769452449568,1,1,5.98419502666645,0
"N0616","YEARLY","bets",6,0.671376268088187,1,1,9.6872084773323,0.0100000000000016
"N0616","YEARLY","ets",6,0.225105062401615,1,1,8.85788288686029,0
"N0617","YEARLY","bets",6,1.69655015916934,1,1,6.71268145743572,0.0299999999999976
"N0617","YEARLY","ets",6,1.42022807716893,1,1,7.1701636038721,0
"N0618","YEARLY","bets",6,0.338858747238088,1,1,10.997191332025,0.0300000000000011
"N0618","YEARLY","ets",6,2.41087919227254,0.833333333333333,1,8.38436201568733,0
"N0619","YEARLY","bets",6,0.518978640193722,1,1,9.9479873201206,0.0100000000000016
"N0619","YEARLY","ets",6,2.67369095119356,0.666666666666667,1,7.94110186287275,0
"N0620","YEARLY","bets",6,0.528649372830782,1,1,9.89353817493978,0.0199999999999996
"N0620","YEARLY","ets",6,0.247423984757028,1,1,8.83877424655124,0
"N0621","YEARLY","bets",6,0.62560593164386,1,1,8.92131590607896,0.0199999999999996
"N0621","YEARLY","ets",6,1.36289414062182,1,1,6.55014036054466,0
"N0622","YEARLY","bets",6,0.205549745645038,1,1,10.7771803809189,0.0199999999999996
"N0622","YEARLY","ets",6,0.191296923997914,1,1,7.39765682785568,0
"N0623","YEARLY","bets",6,1.37618385298048,0.833333333333333,1,8.85856173006214,0.0199999999999996
"N0623","YEARLY","ets",6,1.52607297956726,0.5,1,5.27112730560292,0
"N0624","YEARLY","bets",6,1.34435419054258,1,1,14.7460225177764,0.0100000000000016
"N0624","YEARLY","ets",6,1.78296178846423,1,1,8.70507494843431,0
"N0625","YEARLY","bets",6,2.43209078696939,0.833333333333333,1,12.513414287092,0.00999999999999801
"N0625","YEARLY","ets",6,5.62705897948088,0,0.666666666666667,47.5818063941483,0
"N0626","YEARLY","bets",6,1.49152181693167,1,1,12.7010733617768,0.00999999999999801
"N0626","YEARLY","ets",6,2.07693893597969,1,1,9.94155434912259,0
"N0627","YEARLY","bets",6,1.38927141278545,1,1,11.3983859959092,0.0100000000000016
"N0627","YEARLY","ets",6,1.01184304512892,1,1,8.2918094355203,0.0199999999999996
"N0628","YEARLY","bets",6,1.96271735523639,0.5,1,7.37438321447338,0.0300000000000011
"N0628","YEARLY","ets",6,2.14537385680619,0.333333333333333,1,6.33585704553129,0
"N0629","YEARLY","bets",6,4.5042822847653,0.166666666666667,0.166666666666667,53.8389950600272,0.0299999999999976
"N0629","YEARLY","ets",6,4.13066672593729,0.166666666666667,0.166666666666667,99.1174543215348,0
"N0630","YEARLY","bets",6,0.909655997296843,1,1,5.36766555524221,0.0300000000000011
"N0630","YEARLY","ets",6,1.32604787345436,0.333333333333333,1,3.86645888482066,0
"N0631","YEARLY","bets",6,2.70729337573741,0.666666666666667,0.833333333333333,12.2629505541659,0.0199999999999996
"N0631","YEARLY","ets",6,3.98401825819367,0,0.666666666666667,11.5834974110348,0.0100000000000016
"N0632","YEARLY","bets",6,0.461301929378067,1,1,5.03707026567202,0.0299999999999976
"N0632","YEARLY","ets",6,0.461683041592334,1,1,4.55312450168198,0
"N0633","YEARLY","bets",6,0.606784551757875,1,1,6.49375552626235,0.0300000000000011
"N0633","YEARLY","ets",6,0.439814203808716,1,1,5.66996255555985,0
"N0634","YEARLY","bets",6,0.744480635681315,1,1,6.95840818338325,0.0100000000000016
"N0634","YEARLY","ets",6,0.5144545528916,0.833333333333333,1,3.99623447078352,0
"N0635","YEARLY","bets",6,0.547799895657311,0.833333333333333,1,3.82169640903664,0.0199999999999996
"N0635","YEARLY","ets",6,0.58359160528391,0.833333333333333,1,3.49095632752106,0
"N0636","YEARLY","bets",6,0.665294195005822,0.833333333333333,1,3.4763558469144,0.0299999999999976
"N0636","YEARLY","ets",6,0.662393162393162,0.833333333333333,1,3.24957946781141,0
"N0637","YEARLY","bets",6,1.17579544277138,0.666666666666667,1,4.82553024416022,0.0300000000000011
"N0637","YEARLY","ets",6,1.04709751245446,0.666666666666667,1,3.90069895549612,0
"N0638","YEARLY","bets",6,0.65502553937004,0.833333333333333,1,4.12090644022399,0.0199999999999996
"N0638","YEARLY","ets",6,0.682548371319885,0.833333333333333,1,3.79739811447495,0
"N0639","YEARLY","bets",6,0.811216624862583,1,1,4.22871398663365,0.0199999999999996
"N0639","YEARLY","ets",6,0.668793642754775,0.666666666666667,1,3.63505065531107,0
"N0640","YEARLY","bets",6,0.98575947644648,0.333333333333333,1,3.3774753294465,0.0300000000000011
"N0640","YEARLY","ets",6,0.933654840968291,0.5,1,3.12576889882041,0
"N0641","YEARLY","bets",6,1.39515276416435,0.166666666666667,1,3.4499158532526,0.0300000000000011
"N0641","YEARLY","ets",6,1.48119883673779,0,0.5,5.59844415916207,0
"N0642","YEARLY","bets",6,0.698731135699042,0.833333333333333,1,3.3498559501029,0.0399999999999991
"N0642","YEARLY","ets",6,0.64415313840411,0.833333333333333,1,3.15887147658075,0
"N0643","YEARLY","bets",6,0.71610287643931,0.833333333333333,1,4.70741110755254,0.0300000000000011
"N0643","YEARLY","ets",6,1.00499865474126,0.666666666666667,1,4.08428925478011,0
"N0644","YEARLY","bets",6,1.16399443788396,0.5,1,4.180864260799,0.0199999999999996
"N0644","YEARLY","ets",6,1.16688654353562,0.5,0.666666666666667,5.83486041781006,0.0100000000000016
"N0645","YEARLY","bets",6,1.04080901487424,0.5,1,3.70087523020422,0.0199999999999996
"N0645","YEARLY","ets",6,1.0722252769659,0.5,0.833333333333333,5.38245844756029,0.0199999999999996
"N0646","QUARTERLY","bets",8,0.550332702079029,1,1,7.30063634973214,0.0500000000000007
"N0646","QUARTERLY","ets",8,0.718417385595087,1,1,6.45973981109606,0.0299999999999976
"N0647","QUARTERLY","bets",8,0.354434762638293,1,1,3.2315606985054,0.0700000000000003
"N0647","QUARTERLY","ets",8,0.364694521637111,1,1,2.74197999583671,0.0299999999999976
"N0648","QUARTERLY","bets",8,0.796941331454546,1,1,4.12703701127035,0.0600000000000023
"N0648","QUARTERLY","ets",8,0.836858682013248,0.875,1,3.17479478089543,0.0299999999999976
"N0649","QUARTERLY","bets",8,1.04559736822052,0.875,0.875,11.5825666985236,0.0600000000000023
"N0649","QUARTERLY","ets",8,0.873137749372947,0.75,0.875,7.16171879022336,0.0399999999999991
"N0650","QUARTERLY","bets",8,1.56370850114366,0.625,0.875,5.67038665941735,0.0599999999999987
"N0650","QUARTERLY","ets",8,1.79469062414104,0,0.5,8.15221050065851,0.0300000000000011
"N0651","QUARTERLY","bets",8,0.293140325705419,1,1,6.119817322948,0.0600000000000023
"N0651","QUARTERLY","ets",8,0.314927907153535,1,1,5.68271569835822,0.0299999999999976
"N0652","QUARTERLY","bets",8,0.90052036326718,1,1,5.31403259628721,0.0600000000000023
"N0652","QUARTERLY","ets",8,0.571138663194908,1,1,3.85766291345189,0.0299999999999976
"N0653","QUARTERLY","bets",8,0.548505422468724,1,1,5.50855538876148,0.0700000000000003
"N0653","QUARTERLY","ets",8,0.761835691236098,1,1,6.34482248187725,0.0300000000000011
"N0654","QUARTERLY","bets",8,0.442197576848766,1,1,6.15527724359882,0.0599999999999987
"N0654","QUARTERLY","ets",8,0.547051414924781,1,1,5.44942885765414,0.0300000000000011
"N0655","QUARTERLY","bets",8,1.1117584301017,0.875,1,5.0329841879194,0.0599999999999987
"N0655","QUARTERLY","ets",8,0.641130317330301,0.875,1,3.85784285815622,0.0300000000000011
"N0656","QUARTERLY","bets",8,2.12208670689646,0,0.125,24.6441871564617,0.0500000000000007
"N0656","QUARTERLY","ets",8,2.29435080772792,0,0,50.7778804869816,0.0300000000000011
"N0657","QUARTERLY","bets",8,0.498769984208242,1,1,3.6636229767641,0.0700000000000003
"N0657","QUARTERLY","ets",8,0.680239521899908,0.5,1,2.0783188175335,0.0300000000000011
"N0658","QUARTERLY","bets",8,4.06034785009957,0.375,0.5,80.6718966329214,0.0599999999999987
"N0658","QUARTERLY","ets",8,4.17310173759515,0.25,0.5,87.8966577786594,0.0300000000000011
"N0659","QUARTERLY","bets",8,0.619335731512742,1,1,4.58865038990686,0.0599999999999987
"N0659","QUARTERLY","ets",8,0.768059866113958,0.875,1,3.78853133897752,0.0300000000000011
"N0660","QUARTERLY","bets",8,0.548601115481879,1,1,6.23114782916878,0.0599999999999987
"N0660","QUARTERLY","ets",8,0.459285426789042,1,1,3.61748182449024,0.0300000000000011
"N0661","QUARTERLY","bets",8,0.545564753196695,1,1,5.64690940484351,0.0700000000000003
"N0661","QUARTERLY","ets",8,0.414129901470818,1,1,3.41275578167755,0.0300000000000011
"N0662","QUARTERLY","bets",8,0.456223922264964,0.875,1,3.12278544879156,0.0700000000000003
"N0662","QUARTERLY","ets",8,0.416840671249166,0.875,1,3.10977628824239,0.0300000000000011
"N0663","QUARTERLY","bets",8,0.696876534286131,0.875,0.875,6.29797254557674,0.0599999999999987
"N0663","QUARTERLY","ets",8,0.70739784914792,0.875,0.875,5.62934769833323,0.0199999999999996
"N0664","QUARTERLY","bets",8,2.07346430843202,0.375,0.875,7.4783582655474,0.0599999999999987
"N0664","QUARTERLY","ets",8,2.18219701572627,0.375,0.875,7.792011379484,0.0300000000000011
"N0665","QUARTERLY","bets",8,1.12371579875199,1,1,4.41504533177202,0.0500000000000007
"N0665","QUARTERLY","ets",8,1.16738975912666,0.25,0.875,4.53188835794293,0.0399999999999991
"N0666","QUARTERLY","bets",8,1.92060338061195,0.75,1,7.15068423468958,0.0700000000000003
"N0666","QUARTERLY","ets",8,0.789655157306144,1,1,5.45140993449217,0.0300000000000011
"N0667","QUARTERLY","bets",8,0.199194978315982,1,1,5.37711776599843,0.0700000000000003
"N0667","QUARTERLY","ets",8,0.277730563030653,1,1,5.19325802217359,0.0100000000000016
"N0668","QUARTERLY","bets",8,2.01612240904217,0.375,0.625,11.0138895129798,0.0599999999999987
"N0668","QUARTERLY","ets",8,2.09841470541818,0.375,0.625,21.8435581683718,0.0300000000000011
"N0669","QUARTERLY","bets",8,0.829715323930978,0.875,1,5.69572681131013,0.0599999999999987
"N0669","QUARTERLY","ets",8,0.958437844344087,0.875,1,4.92661407736606,0.0300000000000011
"N0670","QUARTERLY","bets",8,5.00529198007786,0,0.125,118.315695484847,0.0799999999999983
"N0670","QUARTERLY","ets",8,5.0192349108617,0,0.125,127.472783373779,0.0300000000000011
"N0671","QUARTERLY","bets",8,0.680216879086777,0.875,1,3.14368623911615,0.0600000000000023
"N0671","QUARTERLY","ets",8,0.596434489008662,0.875,1,3.06107564813255,0.00999999999999801
"N0672","QUARTERLY","bets",8,1.97902514002048,0.5,0.625,15.7772148351482,0.0800000000000018
"N0672","QUARTERLY","ets",8,2.10853680364069,0.5,0.75,15.7812304052673,0.00999999999999801
"N0673","QUARTERLY","bets",8,2.49613279707008,0.375,0.625,19.0780609873686,0.0600000000000023
"N0673","QUARTERLY","ets",8,2.57480848909609,0.375,0.5,24.638120002657,0.0199999999999996
"N0674","QUARTERLY","bets",8,0.57989153953062,0.875,1,5.12550282054255,0.0600000000000023
"N0674","QUARTERLY","ets",8,0.730217439858084,1,1,4.23448597148363,0.0399999999999991
"N0675","QUARTERLY","bets",8,1.26814471813673,0.375,1,4.38994925234656,0.0599999999999987
"N0675","QUARTERLY","ets",8,1.60934470656105,0.25,0.5,4.52987917370945,0.0300000000000011
"N0676","QUARTERLY","bets",8,5.95022598109295,0,0.125,73.5883837372033,0.0600000000000023
"N0676","QUARTERLY","ets",8,5.74343768634352,0,0,90.4894758790173,0.0299999999999976
"N0677","QUARTERLY","bets",8,0.319070087560877,0.875,1,5.02693752839525,0.0799999999999983
"N0677","QUARTERLY","ets",8,0.746972935695283,0.875,1,4.61210899639331,0.0199999999999996
"N0678","QUARTERLY","bets",8,0.660526865427123,1,1,5.21165041983701,0.0500000000000007
"N0678","QUARTERLY","ets",8,1.27431121847409,0.625,1,3.9875690529597,0.0299999999999976
"N0679","QUARTERLY","bets",8,0.955479291804507,1,1,5.5892321800228,0.0599999999999987
"N0679","QUARTERLY","ets",8,1.18443119936772,1,1,5.21155663866006,0.0300000000000011
"N0680","QUARTERLY","bets",8,0.762918715643048,1,1,7.72505420217226,0.0599999999999987
"N0680","QUARTERLY","ets",8,0.577246176983235,1,1,6.92059897163105,0.0399999999999991
"N0681","QUARTERLY","bets",8,0.604609536149479,0.75,1,4.20261416153455,0.0899999999999999
"N0681","QUARTERLY","ets",8,0.545294915633706,0.625,0.875,3.19733758898678,0.0300000000000011
"N0682","QUARTERLY","bets",8,0.236225491676953,1,1,3.95704972541121,0.0700000000000003
"N0682","QUARTERLY","ets",8,0.226341398632911,1,1,3.60686865460107,0.0399999999999991
"N0683","QUARTERLY","bets",8,1.26092938225251,0.25,0.5,7.21416019408837,0.0599999999999987
"N0683","QUARTERLY","ets",8,1.05391444109233,0.125,0.5,9.18280714935632,0.0300000000000011
"N0684","QUARTERLY","bets",8,1.47995605183885,0.25,0.875,4.4281665110696,0.0700000000000003
"N0684","QUARTERLY","ets",8,1.31018919339082,0.375,0.625,5.87789987543664,0.0299999999999976
"N0685","QUARTERLY","bets",8,0.75253043802103,0.875,1,6.48333009549007,0.0599999999999987
"N0685","QUARTERLY","ets",8,0.643031799035366,0.75,1,3.73937838853953,0.0200000000000031
"N0686","QUARTERLY","bets",8,1.38699900820308,0.75,1,7.22928692827451,0.0500000000000007
"N0686","QUARTERLY","ets",8,1.44987183742373,0.75,1,6.40232207541811,0.0300000000000011
"N0687","QUARTERLY","bets",8,4.90692282423591,0.125,0.375,117.29429590603,0.0599999999999987
"N0687","QUARTERLY","ets",8,4.70122970837053,0.25,0.375,121.263358944616,0.0199999999999996
"N0688","QUARTERLY","bets",8,1.24928625033679,0.875,1,5.48243667947497,0.0599999999999987
"N0688","QUARTERLY","ets",8,1.23562867635613,0.875,1,5.38464455802241,0.0199999999999996
"N0689","QUARTERLY","bets",8,0.330558206895056,1,1,4.33730337966476,0.0700000000000003
"N0689","QUARTERLY","ets",8,0.849500643780895,0.625,1,2.83700853948436,0.0299999999999976
"N0690","QUARTERLY","bets",8,0.347978338062964,1,1,4.58826893430635,0.0600000000000023
"N0690","QUARTERLY","ets",8,0.514112092094497,0.875,1,4.17471048039456,0.0500000000000007
"N0691","QUARTERLY","bets",8,0.851286911123878,0.875,1,5.26024653551014,0.199999999999999
"N0691","QUARTERLY","ets",8,0.702160049503316,0.875,1,3.95946877975146,0.0299999999999976
"N0692","QUARTERLY","bets",8,0.598988809284625,0.875,1,5.26718917565994,0.0399999999999991
"N0692","QUARTERLY","ets",8,1.12922787232879,0.75,0.875,5.4009829375232,0.0199999999999996
"N0693","QUARTERLY","bets",8,1.02035854562397,0.875,1,4.2351674245491,0.0599999999999987
"N0693","QUARTERLY","ets",8,0.785175487798739,0.875,1,2.94156463329885,0.0300000000000011
"N0694","QUARTERLY","bets",8,1.59939915502122,0.625,0.875,6.93405993618435,0.0500000000000007
"N0694","QUARTERLY","ets",8,1.22646097284922,0.625,1,5.31033202085315,0.0399999999999991
"N0695","QUARTERLY","bets",8,1.23749708287039,0.625,0.875,9.70272992942855,0.0700000000000003
"N0695","QUARTERLY","ets",8,1.14988505127559,0.625,0.625,12.1745406266349,0.0100000000000016
"N0696","QUARTERLY","bets",8,0.656055348734778,1,1,6.67767722387344,0.0399999999999991
"N0696","QUARTERLY","ets",8,1.03156930983387,0.875,1,4.76561342592559,0.0399999999999991
"N0697","QUARTERLY","bets",8,0.915262978255373,0.875,0.875,11.7398601035215,0.0600000000000023
"N0697","QUARTERLY","ets",8,1.25667077402738,0.875,0.875,11.8605044849595,0.0299999999999976
"N0698","QUARTERLY","bets",8,0.454449727964606,1,1,5.02302271799211,0.0600000000000023
"N0698","QUARTERLY","ets",8,0.520850255463556,1,1,4.92880231471959,0.0199999999999996
"N0699","QUARTERLY","bets",8,3.85847328137768,0.125,0.25,56.2010482424152,0.0500000000000007
"N0699","QUARTERLY","ets",8,4.22624136100932,0.125,0.125,86.8952391310466,0.0300000000000011
"N0700","QUARTERLY","bets",8,1.36030428214399,0.625,1,5.50596364823279,0.0599999999999987
"N0700","QUARTERLY","ets",8,1.4529199810837,0.625,0.875,6.55422371813161,0.0199999999999996
"N0701","QUARTERLY","bets",8,0.338097737065017,1,1,6.37034964046398,0.0500000000000007
"N0701","QUARTERLY","ets",8,0.291592263122281,1,1,5.78065890899602,0.0299999999999976
"N0702","QUARTERLY","bets",8,0.617526649162687,0.875,1,6.22910552773405,0.0700000000000003
"N0702","QUARTERLY","ets",8,0.65721665298018,0.875,1,4.25421747388451,0.0300000000000011
"N0703","QUARTERLY","bets",8,1.03804984629619,1,1,5.31306204856158,0.0599999999999987
"N0703","QUARTERLY","ets",8,1.03226181872011,1,1,5.28173936115748,0.0100000000000016
"N0704","QUARTERLY","bets",8,0.707348649605783,0.875,1,5.78977219629075,0.0599999999999987
"N0704","QUARTERLY","ets",8,0.880789429512375,0.875,0.875,4.62302287458602,0.0300000000000011
"N0705","QUARTERLY","bets",8,0.838646846903404,0.75,0.875,5.76651703531141,0.0700000000000003
"N0705","QUARTERLY","ets",8,1.1125093002179,0.75,0.75,4.90889778785982,0.00999999999999801
"N0706","QUARTERLY","bets",8,0.690257817258992,1,1,5.28538861999005,0.0599999999999987
"N0706","QUARTERLY","ets",8,1.35779349363751,0.5,0.875,4.64514825375495,0.0199999999999996
"N0707","QUARTERLY","bets",8,0.557782010420848,0.875,1,5.14836641511094,0.0599999999999987
"N0707","QUARTERLY","ets",8,0.756043844305748,0.875,1,4.73830331981539,0.0300000000000011
"N0708","QUARTERLY","bets",8,5.61935938996241,0,0,125.69120673682,0.0599999999999987
"N0708","QUARTERLY","ets",8,5.61798225226387,0,0,132.522497768344,0.0200000000000031
"N0709","QUARTERLY","bets",8,0.798660167553568,1,1,5.26422065858971,0.0500000000000007
"N0709","QUARTERLY","ets",8,0.952230543173891,0.75,1,4.50074915638962,0.0300000000000011
"N0710","QUARTERLY","bets",8,0.593511841449563,1,1,4.2109058863443,0.0399999999999991
"N0710","QUARTERLY","ets",8,0.730404930794745,1,1,3.20361686130014,0.0399999999999991
"N0711","QUARTERLY","bets",8,0.563681144612906,0.875,0.875,6.66062172963034,0.0600000000000023
"N0711","QUARTERLY","ets",8,0.593364052138819,0.875,0.875,5.13963171836157,0.00999999999999801
"N0712","QUARTERLY","bets",8,1.7591220388673,0.5,0.625,16.2121003295977,0.0700000000000003
"N0712","QUARTERLY","ets",8,1.69943408840322,0.5,0.625,16.918052277444,0.0300000000000011
"N0713","QUARTERLY","bets",8,0.632512060181584,1,1,5.82024996102732,0.0399999999999991
"N0713","QUARTERLY","ets",8,0.761102061440408,1,1,6.42919221623236,0.0399999999999991
"N0714","QUARTERLY","bets",8,0.381005505180865,1,1,3.07003349703642,0.0600000000000023
"N0714","QUARTERLY","ets",8,0.408350863957828,0.625,0.75,2.69276759656123,0.0299999999999976
"N0715","QUARTERLY","bets",8,0.907831085817611,1,1,7.48647665095026,0.0600000000000023
"N0715","QUARTERLY","ets",8,1.38192515657606,0.875,0.875,6.94369905216921,0.0199999999999996
"N0716","QUARTERLY","bets",8,1.98802992154131,0.375,0.875,8.3764066493235,0.0700000000000003
"N0716","QUARTERLY","ets",8,1.38125884339774,0.875,0.875,7.48173226339855,0.0300000000000011
"N0717","QUARTERLY","bets",8,0.400662823259533,1,1,5.9785636240485,0.0599999999999987
"N0717","QUARTERLY","ets",8,0.74093388729451,1,1,4.2962244107004,0.0300000000000011
"N0718","QUARTERLY","bets",8,1.14800577019128,0.875,1,6.37874538436961,0.0599999999999987
"N0718","QUARTERLY","ets",8,1.78274330876798,0.5,0.75,6.39214165000376,0.0300000000000011
"N0719","QUARTERLY","bets",8,0.988860827130311,1,1,5.70704080523926,0.0700000000000003
"N0719","QUARTERLY","ets",8,2.00360026740458,0.5,0.75,9.59826127177588,0.0300000000000011
"N0720","QUARTERLY","bets",8,0.523018985057985,1,1,5.05003116629322,0.0599999999999987
"N0720","QUARTERLY","ets",8,0.708077880475843,1,1,4.79493519521473,0.0300000000000011
"N0721","QUARTERLY","bets",8,0.523723206736005,1,1,5.21680643731638,0.0599999999999987
"N0721","QUARTERLY","ets",8,0.620243059015534,0.875,1,3.68283853060081,0.0199999999999996
"N0722","QUARTERLY","bets",8,1.40694397255963,0.5,0.75,7.43692368064184,0.0399999999999991
"N0722","QUARTERLY","ets",8,2.07824964713077,0.125,0.375,28.025000961209,0.0300000000000011
"N0723","QUARTERLY","bets",8,0.969204233431748,0.75,0.75,7.36262665507294,0.0500000000000007
"N0723","QUARTERLY","ets",8,0.762896574265641,0.625,0.875,4.38445556930278,0.0300000000000011
"N0724","QUARTERLY","bets",8,0.847465071775339,0.875,1,5.19179622920252,0.0500000000000007
"N0724","QUARTERLY","ets",8,0.879839203006205,0.875,1,4.80836247259843,0.0300000000000011
"N0725","QUARTERLY","bets",8,0.473722040742661,1,1,5.06609951660333,0.0399999999999991
"N0725","QUARTERLY","ets",8,0.461948428560232,1,1,4.67792740042003,0.0300000000000011
"N0726","QUARTERLY","bets",8,1.21471746854486,0.5,0.875,6.68417956539337,0.0700000000000003
"N0726","QUARTERLY","ets",8,1.98440202491451,0.5,0.5,11.4694478879372,0.0299999999999976
"N0727","QUARTERLY","bets",8,1.49578886916711,0.625,1,5.36260475217826,0.0600000000000023
"N0727","QUARTERLY","ets",8,1.78804653400701,0.625,1,5.54028130326257,0.0199999999999996
"N0728","QUARTERLY","bets",8,0.954979626396051,0.875,1,5.44138197133234,0.0500000000000007
"N0728","QUARTERLY","ets",8,1.04342328637516,0.875,1,6.42981651871955,0.0300000000000011
"N0729","QUARTERLY","bets",8,0.790505316212222,1,1,6.81147571375198,0.0399999999999991
"N0729","QUARTERLY","ets",8,0.824296947631966,1,1,5.77444424339528,0.0300000000000011
"N0730","QUARTERLY","bets",8,0.699912350775992,0.75,1,3.58892146173956,0.0700000000000003
"N0730","QUARTERLY","ets",8,0.704658838799366,0.75,1,3.74198297809905,0.0300000000000011
"N0731","QUARTERLY","bets",8,0.283210769522828,1,1,5.08562160421125,0.0599999999999987
"N0731","QUARTERLY","ets",8,0.224646271154995,1,1,4.83808835916901,0.0299999999999976
"N0732","QUARTERLY","bets",8,1.36542204160912,0.625,1,4.63254781145668,0.0600000000000023
"N0732","QUARTERLY","ets",8,1.90192198308855,0.25,0.375,21.2044214250939,0.0200000000000031
"N0733","QUARTERLY","bets",8,3.1464420222635,0.625,1,11.8118512302053,0.0600000000000023
"N0733","QUARTERLY","ets",8,6.13676017123613,0,0.125,36.5981055573136,0.0300000000000011
"N0734","QUARTERLY","bets",8,1.07304457583931,0.375,0.375,12.1640660443962,0.0700000000000003
"N0734","QUARTERLY","ets",8,0.872745981153876,0.375,0.375,9.35175655208272,0.00999999999999801
"N0735","QUARTERLY","bets",8,0.633531030622029,0.75,0.875,3.14476083428795,0.0799999999999983
"N0735","QUARTERLY","ets",8,0.646857421100988,0.625,0.75,4.28163064857602,0.0300000000000011
"N0736","QUARTERLY","bets",8,2.28670714470506,0.125,0.125,32.3397908192318,0.0799999999999983
"N0736","QUARTERLY","ets",8,2.32872804463219,0.125,0.25,46.7077910168481,0.0300000000000011
"N0737","QUARTERLY","bets",8,3.29088301334655,0,0,44.0136135130975,0.0599999999999952
"N0737","QUARTERLY","ets",8,2.56962700088695,0,0,37.2775470201986,0.0300000000000011
"N0738","QUARTERLY","bets",8,0.541583584522268,1,1,5.63409717479106,0.0599999999999952
"N0738","QUARTERLY","ets",8,0.569684752967404,1,1,6.27504211875676,0.0200000000000031
"N0739","QUARTERLY","bets",8,2.27496173462774,0.25,0.25,22.3367152330982,0.0600000000000023
"N0739","QUARTERLY","ets",8,1.78521589137777,0.25,0.25,27.8030218444774,0.0399999999999991
"N0740","QUARTERLY","bets",8,0.532435904508,0.875,1,3.44878005289429,0.0500000000000043
"N0740","QUARTERLY","ets",8,0.802712388311135,0.75,0.875,8.85727151649036,0.0300000000000011
"N0741","QUARTERLY","bets",8,0.402748420796643,1,1,6.34159161953184,0.0799999999999983
"N0741","QUARTERLY","ets",8,0.419057343926696,1,1,4.51190429810471,0.0300000000000011
"N0742","QUARTERLY","bets",8,0.355650759997777,1,1,5.22743250994954,0.0499999999999972
"N0742","QUARTERLY","ets",8,0.532018610570102,1,1,5.16256120770233,0.0300000000000011
"N0743","QUARTERLY","bets",8,0.595344863451725,0.75,1,5.55706675487147,0.0600000000000023
"N0743","QUARTERLY","ets",8,1.26140787800962,0.5,0.75,8.03071511200338,0.029999999999994
"N0744","QUARTERLY","bets",8,1.88770000778901,0.75,0.875,12.7881108910555,0.0600000000000023
"N0744","QUARTERLY","ets",8,1.57286008162907,0.875,1,8.21279312456305,0.0300000000000011
"N0745","QUARTERLY","bets",8,2.84050811570439,0.125,0.75,9.75623948052708,0.0700000000000003
"N0745","QUARTERLY","ets",8,3.65999297749371,0.125,0.125,75.8079506899169,0.0399999999999991
"N0746","QUARTERLY","bets",8,1.6622182991703,0.75,0.875,9.40731200920693,0.0700000000000003
"N0746","QUARTERLY","ets",8,1.39445295491461,0.75,0.875,9.71794326472719,0.00999999999999801
"N0747","QUARTERLY","bets",8,4.7775028970138,0.125,0.125,121.283436452185,0.0600000000000023
"N0747","QUARTERLY","ets",8,4.13175524800315,0.125,0.125,114.815924020217,0.0200000000000031
"N0748","QUARTERLY","bets",8,3.80391223903955,0.25,0.5,39.0569204467661,0.0600000000000023
"N0748","QUARTERLY","ets",8,3.80391246277079,0,0.25,56.2088443460272,0.0300000000000011
"N0749","QUARTERLY","bets",8,0.389712985093551,1,1,5.80068443810308,0.0599999999999952
"N0749","QUARTERLY","ets",8,0.434656467268327,1,1,5.54529197642899,0.0200000000000031
"N0750","QUARTERLY","bets",8,0.381913470170029,1,1,5.92485307683117,0.0500000000000043
"N0750","QUARTERLY","ets",8,0.751790139102648,1,1,5.05367436142505,0.029999999999994
"N0751","QUARTERLY","bets",8,0.444075979444732,1,1,5.46745999955245,0.0600000000000023
"N0751","QUARTERLY","ets",8,0.429097924090442,1,1,5.5353119937228,0.0300000000000011
"N0752","QUARTERLY","bets",8,0.625985254226143,0.625,1,2.49423238507312,0.0700000000000003
"N0752","QUARTERLY","ets",8,0.530053506821978,0.875,1,2.55449008819819,0.0300000000000011
"N0753","QUARTERLY","bets",8,2.22204116316143,0.125,1,5.88288343501792,0.0499999999999972
"N0753","QUARTERLY","ets",8,2.28914189575323,0,0.375,11.0448440580925,0.0200000000000031
"N0754","QUARTERLY","bets",8,0.722066364847735,1,1,3.472727286581,0.0600000000000023
"N0754","QUARTERLY","ets",8,0.341907068242271,0.75,1,2.73466659000448,0.0399999999999991
"N0755","QUARTERLY","bets",8,0.83848034739089,0.875,1,5.21001479163839,0.0500000000000043
"N0755","QUARTERLY","ets",8,1.5072924967721,0.125,0.75,14.0319458777035,0.0300000000000011
"N0756","QUARTERLY","bets",8,1.05020369920892,0.25,0.625,4.31231860147182,0.0399999999999991
"N0756","QUARTERLY","ets",8,0.811548689991572,0.625,0.875,2.6669127056829,0.0200000000000031
"N0757","QUARTERLY","bets",8,2.87970086998249,0.125,0.25,34.1350396288082,0.0499999999999972
"N0757","QUARTERLY","ets",8,1.93950250188253,0.25,0.5,22.8019519362609,0.0300000000000011
"N0758","QUARTERLY","bets",8,0.575841394908402,0.625,1,3.28967551956177,0.0700000000000003
"N0758","QUARTERLY","ets",8,0.672434095432607,0.625,0.875,2.93149890433637,0.0300000000000011
"N0759","QUARTERLY","bets",8,2.86359651585884,0.25,0.625,23.2100168564945,0.0600000000000023
"N0759","QUARTERLY","ets",8,2.45300217367405,0.25,0.5,37.5239454603558,0.00999999999999801
"N0760","QUARTERLY","bets",8,1.1750348610916,1,1,5.8513060532316,0.0600000000000023
"N0760","QUARTERLY","ets",8,0.343557735908405,1,1,4.8926409806313,0.0200000000000031
"N0761","QUARTERLY","bets",8,1.31077207589649,0.75,1,6.5343357079808,0.0499999999999972
"N0761","QUARTERLY","ets",8,1.03005684754424,0.875,1,6.41637013512337,0.0200000000000031
"N0762","QUARTERLY","bets",8,3.26040575337198,0.5,0.75,24.8775243131282,0.0600000000000023
"N0762","QUARTERLY","ets",8,3.36604796001414,0.375,0.5,47.3533202571873,0.019999999999996
"N0763","QUARTERLY","bets",8,1.59812497558096,0.75,0.75,9.39746509508939,0.0600000000000023
"N0763","QUARTERLY","ets",8,1.19992982784754,0.75,0.75,8.07618370676695,0.00999999999999801
"N0764","QUARTERLY","bets",8,0.787551003484609,0.875,0.875,5.01739218781788,0.0599999999999952
"N0764","QUARTERLY","ets",8,1.50394280348999,0.25,0.75,10.100373580124,0.0300000000000011
"N0765","QUARTERLY","bets",8,1.91842024974021,0,0.375,25.7662993827878,0.0599999999999952
"N0765","QUARTERLY","ets",8,1.82447382777533,0.125,0.25,41.1867537292495,0.0200000000000031
"N0766","QUARTERLY","bets",8,1.97223273145658,0.25,0.5,32.999226747859,0.0500000000000043
"N0766","QUARTERLY","ets",8,1.70454571673344,0.25,0.5,27.9993324604675,0.029999999999994
"N0767","QUARTERLY","bets",8,1.15988140816877,1,1,6.19144476843667,0.0600000000000023
"N0767","QUARTERLY","ets",8,1.13090058628489,0.875,1,6.97540084364069,0.00999999999999801
"N0768","QUARTERLY","bets",8,0.557586219632525,1,1,8.06448320144045,0.0600000000000023
"N0768","QUARTERLY","ets",8,1.20739961107995,0.75,0.875,5.41872482850248,0.0300000000000011
"N0769","QUARTERLY","bets",8,0.45179472742918,1,1,4.67479824104,0.0700000000000003
"N0769","QUARTERLY","ets",8,0.435138354506519,1,1,3.77126084995612,0.00999999999999801
"N0770","QUARTERLY","bets",8,0.544349039925187,1,1,6.03956713059399,0.0399999999999991
"N0770","QUARTERLY","ets",8,0.482853538182767,1,1,5.57205965890026,0.0399999999999991
"N0771","QUARTERLY","bets",8,6.37066557704589,0.125,0.5,158.348488765274,0.0500000000000043
"N0771","QUARTERLY","ets",8,6.2443925786523,0,0.375,188.172373221588,0.0300000000000011
"N0772","QUARTERLY","bets",8,1.31628365178796,0.375,0.875,4.63640314772752,0.0399999999999991
"N0772","QUARTERLY","ets",8,1.50417498112583,0.125,0.125,17.3671313995178,0.0300000000000011
"N0773","QUARTERLY","bets",8,0.868859080837189,1,1,5.83955827880197,0.0599999999999952
"N0773","QUARTERLY","ets",8,0.72181906017863,0.75,1,3.55547720921201,0.0200000000000031
"N0774","QUARTERLY","bets",8,1.44528084147079,0.625,0.875,5.97616262320205,0.0600000000000023
"N0774","QUARTERLY","ets",8,1.42371226445417,0.75,0.875,6.42776661133014,0.029999999999994
"N0775","QUARTERLY","bets",8,0.488909053381336,1,1,4.17535329511494,0.0600000000000023
"N0775","QUARTERLY","ets",8,0.188106176265758,1,1,3.36978485338089,0.00999999999999801
"N0776","QUARTERLY","bets",8,1.61233545632092,0.625,0.75,16.8507337075634,0.0500000000000043
"N0776","QUARTERLY","ets",8,1.47427555632907,0.625,1,5.98189747542213,0.0300000000000011
"N0777","QUARTERLY","bets",8,1.10196204469896,0.625,1,5.0693264948914,0.0499999999999972
"N0777","QUARTERLY","ets",8,1.15143582217538,0.625,1,4.66424768974723,0.0300000000000011
"N0778","QUARTERLY","bets",8,5.87380933185185,0,0,71.8789391816141,0.0600000000000023
"N0778","QUARTERLY","ets",8,2.28428163063119,0.25,0.75,13.7155515754101,0.0399999999999991
"N0779","QUARTERLY","bets",8,0.298632424629215,1,1,5.4456518610718,0.0700000000000003
"N0779","QUARTERLY","ets",8,0.333760581417312,1,1,6.05208473590903,0.0200000000000031
"N0780","QUARTERLY","bets",8,0.333690005313316,1,1,4.55458983817612,0.0600000000000023
"N0780","QUARTERLY","ets",8,0.246222633665777,1,1,4.80445448492811,0.0300000000000011
"N0781","QUARTERLY","bets",8,0.871219350989958,0.25,0.875,3.51582031492162,0.0799999999999983
"N0781","QUARTERLY","ets",8,0.835264116142257,0.25,0.875,2.90445934531298,0.0300000000000011
"N0782","QUARTERLY","bets",8,0.732555577480468,0.875,1,4.88832950537919,0.0599999999999952
"N0782","QUARTERLY","ets",8,0.743569016796681,0.75,1,4.39295020208459,0.0200000000000031
"N0783","QUARTERLY","bets",8,0.264637194133157,0.875,1,4.56488382289849,0.0600000000000023
"N0783","QUARTERLY","ets",8,1.00538121221833,0.5,0.875,3.49555308916758,0.0399999999999991
"N0784","QUARTERLY","bets",8,0.646613330817201,1,1,5.18198273904696,0.0600000000000023
"N0784","QUARTERLY","ets",8,0.706069658433381,1,1,5.43508401697587,0.00999999999999801
"N0785","QUARTERLY","bets",8,0.644551160932546,0.625,0.75,6.10104010925153,0.0599999999999952
"N0785","QUARTERLY","ets",8,0.632197580130948,0.625,0.875,3.57661033770749,0.0300000000000011
"N0786","QUARTERLY","bets",8,0.541514217380085,1,1,5.0819228310574,0.100000000000001
"N0786","QUARTERLY","ets",8,0.591937858400307,1,1,4.99007731140466,0.0300000000000011
"N0787","QUARTERLY","bets",8,0.26572579567673,0.875,1,3.11117402757416,0.0700000000000003
"N0787","QUARTERLY","ets",8,0.553616674860706,0.75,0.875,4.58823868219001,0.0300000000000011
"N0788","QUARTERLY","bets",8,0.564598725408121,1,1,5.60347575360375,0.0700000000000003
"N0788","QUARTERLY","ets",8,1.07201749216473,0.625,1,4.0001303150683,0.0300000000000011
"N0789","QUARTERLY","bets",8,0.324179545217342,1,1,4.82511124135868,0.0799999999999983
"N0789","QUARTERLY","ets",8,0.556468416292084,1,1,3.22604593609647,0.0300000000000011
"N0790","QUARTERLY","bets",8,0.843808452064376,0.875,1,8.00502234004316,0.0599999999999952
"N0790","QUARTERLY","ets",8,0.786617594134395,0.875,1,8.10266583211967,0.0300000000000011
"N0791","QUARTERLY","bets",8,1.08363318177504,0.875,1,6.65004547299466,0.0799999999999983
"N0791","QUARTERLY","ets",8,1.33718287134778,0.875,1,5.96959358429912,0.0300000000000011
"N0792","QUARTERLY","bets",8,0.756819481595645,1,1,5.4831158971735,0.0600000000000023
"N0792","QUARTERLY","ets",8,0.804872455211129,0.875,1,4.02760509326093,0.0399999999999991
"N0793","QUARTERLY","bets",8,1.06145290310111,0.875,1,4.86901310698078,0.0600000000000023
"N0793","QUARTERLY","ets",8,1.42921875691565,0.375,0.625,12.6693660153507,0.0300000000000011
"N0794","QUARTERLY","bets",8,0.439187273719449,1,1,3.99919234866637,0.0399999999999991
"N0794","QUARTERLY","ets",8,0.605895589364742,1,1,3.97412060840815,0.0300000000000011
"N0795","QUARTERLY","bets",8,0.604338573617311,1,1,7.193652479585,0.0499999999999972
"N0795","QUARTERLY","ets",8,0.536927276770515,1,1,4.26593501516701,0.00999999999999801
"N0796","QUARTERLY","bets",8,0.783718811195262,1,1,7.04816114237294,0.0500000000000043
"N0796","QUARTERLY","ets",8,0.81550218105346,0.875,1,4.7838193987314,0.029999999999994
"N0797","QUARTERLY","bets",8,0.549810747240169,1,1,4.94641193317834,0.0600000000000023
"N0797","QUARTERLY","ets",8,0.533335585750441,1,1,3.48166685288618,0.0300000000000011
"N0798","QUARTERLY","bets",8,4.76773900309298,0,0.25,85.5586563152224,0.0500000000000043
"N0798","QUARTERLY","ets",8,5.45477369172406,0,0,127.304724825648,0.0300000000000011
"N0799","QUARTERLY","bets",8,3.16402792796824,0.625,0.75,79.3537935580868,0.0499999999999972
"N0799","QUARTERLY","ets",8,3.10364403986035,0.625,0.75,77.290336681359,0.0300000000000011
"N0800","QUARTERLY","bets",8,0.650075685748758,1,1,8.69899809821758,0.0600000000000023
"N0800","QUARTERLY","ets",8,1.07998958413058,0.875,1,5.6212525173313,0.0399999999999991
"N0801","QUARTERLY","bets",8,2.34239070008282,0.125,0.625,32.2816574323539,0.0500000000000043
"N0801","QUARTERLY","ets",8,2.08068132917088,0.125,0.125,36.2723094040377,0.0300000000000011
"N0802","QUARTERLY","bets",8,3.920885837387,0,0.625,15.209185573245,0.0399999999999991
"N0802","QUARTERLY","ets",8,4.05171531331981,0,0.125,62.9887274902254,0.0300000000000011
"N0803","QUARTERLY","bets",8,6.26682102343539,0,0,53.5208842544464,0.0700000000000003
"N0803","QUARTERLY","ets",8,5.23832040679153,0,0.375,61.1740582403852,0.0399999999999991
"N0804","QUARTERLY","bets",8,0.412026466714039,1,1,5.7116010995497,0.0700000000000003
"N0804","QUARTERLY","ets",8,0.515771455105903,1,1,5.11805349080022,0.0399999999999991
"N0805","QUARTERLY","bets",8,5.80172485539523,0.125,0.125,111.841835332634,0.0500000000000043
"N0805","QUARTERLY","ets",8,6.07695436622442,0,0.125,186.227565742194,0.029999999999994
"N0806","QUARTERLY","bets",8,4.21922002287286,0.75,0.875,79.8855872149735,0.0600000000000023
"N0806","QUARTERLY","ets",8,2.75012343816012,0.75,0.875,72.9249762165268,0.0300000000000011
"N0807","QUARTERLY","bets",8,0.99249313766825,0.875,0.875,9.22230537634903,0.0599999999999952
"N0807","QUARTERLY","ets",8,0.904160745857812,0.75,0.875,11.3616260068267,0.0200000000000031
"N0808","QUARTERLY","bets",8,0.939567909186406,0.75,1,4.98973245567938,0.0799999999999983
"N0808","QUARTERLY","ets",8,1.23515793613818,0.625,1,4.38989810098234,0.0300000000000011
"N0809","QUARTERLY","bets",8,1.06544058658133,0.875,1,9.05539179445994,0.0500000000000043
"N0809","QUARTERLY","ets",8,1.20624699623611,0.625,0.875,8.02655245123787,0.029999999999994
"N0810","QUARTERLY","bets",8,0.355783763015445,1,1,5.72892569876812,0.0600000000000023
"N0810","QUARTERLY","ets",8,0.356234539479488,1,1,5.20310062221692,0.0499999999999972
"N0811","QUARTERLY","bets",8,0.341763709308499,1,1,4.01607166076479,0.0500000000000043
"N0811","QUARTERLY","ets",8,0.323278315310188,1,1,3.37358454281482,0.0300000000000011
"N0812","QUARTERLY","bets",8,0.763440204591121,1,1,5.44224495491,0.0499999999999972
"N0812","QUARTERLY","ets",8,0.515375297536732,1,1,5.13567671263563,0.0300000000000011
"N0813","QUARTERLY","bets",8,0.563194803930285,1,1,5.52206252263199,0.0599999999999952
"N0813","QUARTERLY","ets",8,0.603127626786215,1,1,4.62220972876238,0.0200000000000031
"N0814","QUARTERLY","bets",8,0.609831393302609,1,1,5.6011948586148,0.0500000000000043
"N0814","QUARTERLY","ets",8,0.686566211291955,1,1,5.65438395381474,0.0300000000000011
"N0815","QUARTERLY","bets",8,0.542674852217093,1,1,6.64481574443896,0.0600000000000023
"N0815","QUARTERLY","ets",8,0.610425223485619,1,1,5.67452627325132,0.00999999999999801
"N0816","QUARTERLY","bets",8,0.441347563093447,1,1,6.11755301306118,0.0599999999999952
"N0816","QUARTERLY","ets",8,0.567383469435142,1,1,5.50802081477612,0.0200000000000031
"N0817","QUARTERLY","bets",8,0.883058448760074,0.75,1,5.80664846105242,0.0500000000000043
"N0817","QUARTERLY","ets",8,0.875046282497255,0.875,1,5.56309358318233,0.029999999999994
"N0818","QUARTERLY","bets",8,1.30065911117365,0.75,1,6.03387971628463,0.0600000000000023
"N0818","QUARTERLY","ets",8,1.4193133835529,0.75,1,5.99960372131867,0.0300000000000011
"N0819","QUARTERLY","bets",8,4.32154203992958,0.125,1,14.0718923289231,0.0600000000000023
"N0819","QUARTERLY","ets",8,2.48591949839646,0.5,0.875,8.39163177200177,0.0200000000000031
"N0820","QUARTERLY","bets",8,1.42948427414732,0.875,1,7.02920357415676,0.0700000000000003
"N0820","QUARTERLY","ets",8,1.26591454130238,0.875,0.875,6.53320519799812,0.0300000000000011
"N0821","QUARTERLY","bets",8,3.11594293041646,0.375,0.625,44.5964525672761,0.0599999999999952
"N0821","QUARTERLY","ets",8,3.4788306700913,0.125,0.375,71.9194727730512,0.0500000000000043
"N0822","QUARTERLY","bets",8,2.86430531840688,0.25,0.625,24.3317308465654,0.0799999999999983
"N0822","QUARTERLY","ets",8,2.72637180732363,0.25,0.625,23.927276194604,0.0399999999999991
"N0823","QUARTERLY","bets",8,1.3730704066182,0.125,0.875,4.41259118305186,0.100000000000001
"N0823","QUARTERLY","ets",8,1.46605097382181,0.125,0.125,17.2642528708899,0.0399999999999991
"N0824","QUARTERLY","bets",8,0.625438061936677,0.875,1,4.87470914629058,0.0899999999999963
"N0824","QUARTERLY","ets",8,0.588445740104696,0.875,1,3.80011030867902,0.0300000000000011
"N0825","QUARTERLY","bets",8,0.990776083420418,0.875,1,5.76429384167513,0.0799999999999983
"N0825","QUARTERLY","ets",8,2.08186169361403,0.25,0.375,31.4417504535902,0.0300000000000011
"N0826","QUARTERLY","bets",8,1.82722349382441,0.375,0.75,6.48711933399813,0.0700000000000003
"N0826","QUARTERLY","ets",8,0.793581182504967,0.875,0.875,4.10383222795961,0.00999999999999801
"N0827","QUARTERLY","bets",8,0.0700997309736815,1,1,7.81374679616617,0.0599999999999952
"N0827","QUARTERLY","ets",8,0.293810157947927,1,1,6.35116944308245,0.0200000000000031
"N0828","QUARTERLY","bets",8,4.48587955128716,0,0.25,38.9992190359458,0.0600000000000023
"N0828","QUARTERLY","ets",8,5.43383683731531,0,0.125,104.19965284475,0.0399999999999991
"N0829","QUARTERLY","bets",8,1.12685183285284,0.625,1,5.47583009312626,0.0600000000000023
"N0829","QUARTERLY","ets",8,1.11007764267344,0.625,1,4.81010151496343,0.0300000000000011
"N0830","QUARTERLY","bets",8,0.309006577288152,0.875,1,2.60193440708809,0.0700000000000003
"N0830","QUARTERLY","ets",8,0.449197129548535,0.625,0.75,2.77949780059282,0.0300000000000011
"N0831","QUARTERLY","bets",8,1.99538594034722,0.5,0.875,6.37721549072475,0.0799999999999983
"N0831","QUARTERLY","ets",8,1.72690393273831,0.75,1,6.13952197386483,0.00999999999999801
"N0832","QUARTERLY","bets",8,0.920120626447391,0.875,1,9.09691339543968,0.0399999999999991
"N0832","QUARTERLY","ets",8,1.44637803096191,0.875,1,7.81913490385769,0.0399999999999991
"N0833","QUARTERLY","bets",8,1.79595506529765,0.5,1,5.81036461688669,0.0500000000000043
"N0833","QUARTERLY","ets",8,1.77389756165486,0.625,1,6.05031380037229,0.0499999999999972
"N0834","QUARTERLY","bets",8,2.77981982405126,0.5,0.625,37.3406244673038,0.0600000000000023
"N0834","QUARTERLY","ets",8,3.264470213481,0.375,0.5,59.2662273663611,0.0300000000000011
"N0835","QUARTERLY","bets",8,1.15010666775654,1,1,5.58332153030829,0.0599999999999952
"N0835","QUARTERLY","ets",8,1.95316274393058,0,0.5,15.91818662466,0.0300000000000011
"N0836","QUARTERLY","bets",8,0.485345304718627,1,1,5.2503751926721,0.0599999999999952
"N0836","QUARTERLY","ets",8,0.491723641597697,0.875,1,4.53949648474928,0.0300000000000011
"N0837","QUARTERLY","bets",8,2.64329909732365,0.25,0.875,6.35535747664031,0.0399999999999991
"N0837","QUARTERLY","ets",8,2.96327825083995,0.25,0.375,29.2242207188677,0.019999999999996
"N0838","QUARTERLY","bets",8,2.01985568510384,0.625,0.75,18.3506070186447,0.0600000000000023
"N0838","QUARTERLY","ets",8,3.11980013946295,0,0.125,49.6175942809911,0.0300000000000011
"N0839","QUARTERLY","bets",8,2.74215316189236,0.5,0.5,56.0529060104812,0.0599999999999952
"N0839","QUARTERLY","ets",8,2.82340269666364,0.5,0.5,62.6666597137302,0.0300000000000011
"N0840","QUARTERLY","bets",8,0.485528355725884,1,1,6.24154514417829,0.0799999999999983
"N0840","QUARTERLY","ets",8,0.463530621479844,1,1,5.79726328357291,0.0300000000000011
"N0841","QUARTERLY","bets",8,2.86514746411483,0.625,0.875,34.5098594430319,0.0799999999999983
"N0841","QUARTERLY","ets",8,2.70321713364972,0.5,0.875,35.0641403990194,0.0300000000000011
"N0842","QUARTERLY","bets",8,1.17678992006935,1,1,5.90166253502201,0.0700000000000003
"N0842","QUARTERLY","ets",8,1.35820826085202,0.5,1,5.11293963095336,0.0300000000000011
"N0843","QUARTERLY","bets",8,0.863020517950014,0.75,0.875,4.85373341858284,0.0500000000000043
"N0843","QUARTERLY","ets",8,0.806209988146342,0.625,0.75,5.58633701576965,0.0499999999999972
"N0844","QUARTERLY","bets",8,2.75169031260698,0.625,0.875,50.9451723472544,0.0700000000000003
"N0844","QUARTERLY","ets",8,2.74924776270409,0.625,0.875,50.9448759157108,0.0399999999999991
"N0845","QUARTERLY","bets",8,0.42257577555822,0.875,1,4.64377035045725,0.0600000000000023
"N0845","QUARTERLY","ets",8,0.444347692425633,0.875,1,4.08101724426827,0.00999999999999801
"N0846","QUARTERLY","bets",8,0.413904199567219,1,1,5.22811376830294,0.0599999999999952
"N0846","QUARTERLY","ets",8,0.576873854357009,1,1,4.68524595372671,0.0200000000000031
"N0847","QUARTERLY","bets",8,0.455145114661214,1,1,6.71742956392173,0.0599999999999952
"N0847","QUARTERLY","ets",8,0.407345219680195,1,1,6.09897983187176,0.0200000000000031
"N0848","QUARTERLY","bets",8,3.1669898694065,0.375,0.75,71.4930401359234,0.0600000000000023
"N0848","QUARTERLY","ets",8,3.12560340324655,0.375,0.875,72.0632170664234,0.0499999999999972
"N0849","QUARTERLY","bets",8,0.742289036778199,0.875,0.875,7.28074111342165,0.0600000000000023
"N0849","QUARTERLY","ets",8,0.816495090440484,0.75,0.875,4.2834569460199,0.0300000000000011
"N0850","QUARTERLY","bets",8,0.78918715023691,0.875,1,5.71932421231079,0.100000000000001
"N0850","QUARTERLY","ets",8,0.856134300964875,0.75,1,4.55042536965717,0.0300000000000011
"N0851","QUARTERLY","bets",8,0.730488441998922,0.75,1,3.9594889969936,0.0600000000000023
"N0851","QUARTERLY","ets",8,0.873338644800442,0.625,1,3.36409883152691,0.0399999999999991
"N0852","QUARTERLY","bets",8,0.321630601195154,1,1,5.37962547755088,0.0700000000000003
"N0852","QUARTERLY","ets",8,0.565686914731692,1,1,5.21014982917917,0.0399999999999991
"N0853","QUARTERLY","bets",8,1.23592115397362,1,1,5.56850565590936,0.0499999999999972
"N0853","QUARTERLY","ets",8,1.59289953439152,0.625,0.875,6.96900775764597,0.0300000000000011
"N0854","QUARTERLY","bets",8,1.0120917392398,0.625,0.875,6.02979906029423,0.0599999999999952
"N0854","QUARTERLY","ets",8,0.949531966199871,0.625,0.875,4.78371174898017,0.0500000000000043
"N0855","QUARTERLY","bets",8,1.42234897813366,0.75,1,5.71395726427372,0.0600000000000023
"N0855","QUARTERLY","ets",8,1.55797075494596,0.625,1,5.27735087557736,0.019999999999996
"N0856","QUARTERLY","bets",8,1.26038746601875,0.875,1,5.95122101954076,0.0600000000000023
"N0856","QUARTERLY","ets",8,0.637714548712688,1,1,3.9762968398005,0.0300000000000011
"N0857","QUARTERLY","bets",8,0.455220406773088,1,1,5.64760035235025,0.0700000000000003
"N0857","QUARTERLY","ets",8,0.732214424068441,1,1,4.50770301274714,0.0300000000000011
"N0858","QUARTERLY","bets",8,0.788064980697405,0.75,1,3.34418749765548,0.0799999999999983
"N0858","QUARTERLY","ets",8,0.91686349710262,0.375,1,2.87436376794906,0.0300000000000011
"N0859","QUARTERLY","bets",8,0.138480602482475,1,1,1.29369364080373,0.0599999999999952
"N0859","QUARTERLY","ets",8,0.0935062856183323,1,1,1.30082147627625,0.0300000000000011
"N0860","QUARTERLY","bets",8,0.105798602124607,1,1,1.3705120706554,0.0700000000000003
"N0860","QUARTERLY","ets",8,0.0776561666027951,1,1,1.3058356677666,0.0600000000000023
"N0861","QUARTERLY","bets",8,0.5610977025126,1,1,2.20524078414966,0.0499999999999972
"N0861","QUARTERLY","ets",8,0.440574235083067,0.875,1,1.8280107091523,0.0500000000000043
"N0862","QUARTERLY","bets",8,0.846538622588894,1,1,6.70781240189075,0.0600000000000023
"N0862","QUARTERLY","ets",8,0.794347216944505,1,1,7.08076453701199,0.0499999999999972
"N0863","QUARTERLY","bets",8,0.406227958028559,1,1,5.88859035315621,0.0600000000000023
"N0863","QUARTERLY","ets",8,0.49252467136866,1,1,5.65562963906196,0.0399999999999991
"N0864","QUARTERLY","bets",8,0.511061425049966,1,1,6.10063269650748,0.0600000000000023
"N0864","QUARTERLY","ets",8,0.564510361589327,1,1,6.09239089147335,0.0499999999999972
"N0865","QUARTERLY","bets",8,0.518230876749853,1,1,5.11870095878006,0.0600000000000023
"N0865","QUARTERLY","ets",8,0.590789948521142,0.875,1,5.11036119660582,0.0300000000000011
"N0866","QUARTERLY","bets",8,0.142396419687014,1,1,5.7018236709717,0.0700000000000003
"N0866","QUARTERLY","ets",8,0.181979695566735,1,1,5.93388725319356,0.0399999999999991
"N0867","QUARTERLY","bets",8,0.783381630403798,0.75,1,4.56440123628423,0.0700000000000003
"N0867","QUARTERLY","ets",8,0.919213365517202,0.75,1,4.64061619208876,0.00999999999999801
"N0868","QUARTERLY","bets",8,2.28450580678054,0.25,0.875,7.43597646641521,0.0599999999999952
"N0868","QUARTERLY","ets",8,2.11400700790668,0.375,0.875,6.19220579469753,0.0200000000000031
"N0869","QUARTERLY","bets",8,0.598488491065777,1,1,5.42571431155759,0.0600000000000023
"N0869","QUARTERLY","ets",8,0.697920106808386,1,1,6.85250609615871,0.0499999999999972
"N0870","QUARTERLY","bets",8,1.05355037666698,1,1,6.06502683454171,0.0800000000000054
"N0870","QUARTERLY","ets",8,0.751907106538455,1,1,7.12320313489337,0.00999999999999801
"N0871","QUARTERLY","bets",8,0.610557420603446,1,1,5.87286574564416,0.0600000000000023
"N0871","QUARTERLY","ets",8,0.510063856451633,1,1,6.70883984027776,0.0300000000000011
"N0872","QUARTERLY","bets",8,0.306503109607367,1,1,5.47273912492627,0.0700000000000003
"N0872","QUARTERLY","ets",8,0.374499261136586,1,1,5.8214308858495,0.0300000000000011
"N0873","QUARTERLY","bets",8,0.582202504936706,1,1,5.26090673855452,0.0499999999999972
"N0873","QUARTERLY","ets",8,0.574376252593769,1,1,4.48536188686075,0.0300000000000011
"N0874","QUARTERLY","bets",8,1.54748501626696,0.375,1,5.37611353525324,0.0600000000000023
"N0874","QUARTERLY","ets",8,1.54525401997093,0.375,1,5.88219136451484,0.029999999999994
"N0875","QUARTERLY","bets",8,0.453404780038436,1,1,3.59286314414667,0.0800000000000054
"N0875","QUARTERLY","ets",8,0.382221477034071,0.875,1,2.6492520892578,0.029999999999994
"N0876","QUARTERLY","bets",8,0.469308697035682,0.75,1,3.67673464021731,0.0600000000000023
"N0876","QUARTERLY","ets",8,0.488787227242234,0.875,1,3.17525059244634,0.0300000000000011
"N0877","QUARTERLY","bets",8,0.52363833811442,1,1,6.29353006027938,0.0799999999999983
"N0877","QUARTERLY","ets",8,0.48869173045725,1,1,6.62680518609562,0.00999999999999801
"N0878","QUARTERLY","bets",8,3.35129345730025,0.125,0.375,37.0873381905602,0.0799999999999983
"N0878","QUARTERLY","ets",8,2.50410958800859,0.25,0.375,24.2543913498205,0.0300000000000011
"N0879","QUARTERLY","bets",8,0.519526771323901,1,1,4.74460648962051,0.0899999999999963
"N0879","QUARTERLY","ets",8,0.505700414609349,1,1,3.36866861645643,0.0500000000000043
"N0880","QUARTERLY","bets",8,0.637918303729348,1,1,3.6930629600117,0.100000000000001
"N0880","QUARTERLY","ets",8,0.400335820747716,1,1,2.80297247818097,0.0300000000000011
"N0881","QUARTERLY","bets",8,0.334964688726729,1,1,4.53431367574806,0.0799999999999983
"N0881","QUARTERLY","ets",8,0.288621150442304,1,1,3.14859940816818,0.00999999999999801
"N0882","QUARTERLY","bets",8,0.727872486258794,0.875,1,4.63801840949386,0.0799999999999983
"N0882","QUARTERLY","ets",8,1.00209077676642,0.75,0.875,4.08490691239177,0.0300000000000011
"N0883","QUARTERLY","bets",8,0.934237672571832,0.875,1,5.39569868405126,0.0599999999999952
"N0883","QUARTERLY","ets",8,1.22316503479929,0.625,1,4.67585129232799,0.0300000000000011
"N0884","QUARTERLY","bets",8,0.661222561981187,1,1,5.17563015111594,0.0599999999999952
"N0884","QUARTERLY","ets",8,0.697388895250959,0.875,1,5.01582757153183,0.0500000000000043
"N0885","QUARTERLY","bets",8,1.96559104215458,0.625,0.875,5.91262554889254,0.0600000000000023
"N0885","QUARTERLY","ets",8,1.64268815517615,0.625,1,5.71424231348381,0.0499999999999972
"N0886","QUARTERLY","bets",8,2.31281519042905,0.125,0.875,7.85139435481973,0.0399999999999991
"N0886","QUARTERLY","ets",8,2.3658440347929,0,0.75,16.3000875765722,0.0300000000000011
"N0887","QUARTERLY","bets",8,0.714609250004088,1,1,5.36895491333156,0.149999999999999
"N0887","QUARTERLY","ets",8,0.526826911851887,0.875,1,3.94817977258492,0.0700000000000003
"N0888","QUARTERLY","bets",8,0.313640288337147,1,1,4.93831629321399,0.119999999999997
"N0888","QUARTERLY","ets",8,0.299296371651407,1,1,4.51702061503572,0.0700000000000003
"N0889","QUARTERLY","bets",8,0.936954989391697,0.75,1,5.55799369750383,0.149999999999999
"N0889","QUARTERLY","ets",8,0.85459424215563,0.75,1,5.18995567492476,0.0399999999999991
"N0890","QUARTERLY","bets",8,0.544145837666063,1,1,5.21172993405277,0.0700000000000003
"N0890","QUARTERLY","ets",8,0.534006676532868,1,1,4.99848984023652,0.0399999999999991
"N0891","QUARTERLY","bets",8,2.40468154481055,0.25,0.5,24.3396870859748,0.0600000000000023
"N0891","QUARTERLY","ets",8,2.38842399517695,0.25,0.5,27.4975641817373,0.0399999999999991
"N0892","QUARTERLY","bets",8,0.222617816914693,1,1,5.54460730720712,0.0600000000000023
"N0892","QUARTERLY","ets",8,0.27265637723227,1,1,4.56684791548313,0.0300000000000011
"N0893","QUARTERLY","bets",8,0.327638095808826,1,1,6.22895508462173,0.0600000000000023
"N0893","QUARTERLY","ets",8,0.289773238517103,1,1,5.58083894955973,0.0300000000000011
"N0894","QUARTERLY","bets",8,0.361535155985171,1,1,6.38211264214065,0.0599999999999952
"N0894","QUARTERLY","ets",8,0.301480456135682,1,1,5.16796753551413,0.0200000000000031
"N0895","QUARTERLY","bets",8,0.372281628305835,1,1,7.17799140450551,0.0599999999999952
"N0895","QUARTERLY","ets",8,0.118694838108466,1,1,9.87094060128608,0.0200000000000031
"N0896","QUARTERLY","bets",8,0.401087347856868,1,1,5.38679377104626,0.0700000000000003
"N0896","QUARTERLY","ets",8,0.380461937997279,1,1,5.60964096502709,0.0300000000000011
"N0897","QUARTERLY","bets",8,0.292744090108793,1,1,5.66713931395859,0.0600000000000023
"N0897","QUARTERLY","ets",8,0.354687154874169,1,1,5.87363649323977,0.0399999999999991
"N0898","QUARTERLY","bets",8,0.318360175082442,1,1,4.51078558816933,0.0800000000000054
"N0898","QUARTERLY","ets",8,0.283599409518792,1,1,4.73304043858421,0.029999999999994
"N0899","QUARTERLY","bets",8,0.439809155873435,1,1,5.27949905971491,0.0600000000000023
"N0899","QUARTERLY","ets",8,0.42398196535862,1,1,5.94413411750931,0.0300000000000011
"N0900","QUARTERLY","bets",8,0.404466720952127,1,1,5.05292390495803,0.0800000000000054
"N0900","QUARTERLY","ets",8,0.381989694133024,1,1,5.16198009034072,0.0300000000000011
"N0901","QUARTERLY","bets",8,2.86616949078186,0.125,0.25,34.8238960575755,0.0599999999999952
"N0901","QUARTERLY","ets",8,2.81615923041176,0.125,0.25,27.7483556911471,0.0500000000000043
"N0902","QUARTERLY","bets",8,1.13007786150949,0.875,1,4.77228523489259,0.0799999999999983
"N0902","QUARTERLY","ets",8,1.26492550534482,0.75,1,5.12683986997638,0.0300000000000011
"N0903","QUARTERLY","bets",8,0.416144932945356,1,1,5.63403649644039,0.0599999999999952
"N0903","QUARTERLY","ets",8,0.411509750503629,1,1,5.49008532650145,0.0300000000000011
"N0904","QUARTERLY","bets",8,0.61939276957178,0.875,1,5.37908599832396,0.0799999999999983
"N0904","QUARTERLY","ets",8,0.712524605372876,1,1,6.06256322715708,0.0200000000000031
"N0905","QUARTERLY","bets",8,1.15943202149745,0.75,1,5.50547897672036,0.0800000000000054
"N0905","QUARTERLY","ets",8,1.20017142473945,0.75,0.875,6.07315853260024,0.029999999999994
"N0906","QUARTERLY","bets",8,0.314933561754455,1,1,4.98347975880542,0.0600000000000023
"N0906","QUARTERLY","ets",8,0.314944223531924,1,1,5.08909713024837,0.0300000000000011
"N0907","QUARTERLY","bets",8,0.50547131011616,1,1,5.82084619646736,0.0800000000000054
"N0907","QUARTERLY","ets",8,0.483506767948794,1,1,5.49470604892701,0.00999999999999801
"N0908","QUARTERLY","bets",8,0.710377011617648,1,1,5.2317855309027,0.0799999999999983
"N0908","QUARTERLY","ets",8,0.611316953234608,1,1,5.5855523712562,0.0300000000000011
"N0909","QUARTERLY","bets",8,0.618130097010544,1,1,5.31296864105015,0.0599999999999952
"N0909","QUARTERLY","ets",8,0.580858174985835,1,1,5.61114961317276,0.0300000000000011
"N0910","QUARTERLY","bets",8,0.681549615600217,1,1,6.3440084268697,0.100000000000001
"N0910","QUARTERLY","ets",8,0.686751262671215,1,1,6.69037135800309,0.0300000000000011
"N0911","QUARTERLY","bets",8,0.524323941989104,1,1,5.55305981717149,0.0599999999999952
"N0911","QUARTERLY","ets",8,0.344122929447518,1,1,5.8851731851288,0.0300000000000011
"N0912","QUARTERLY","bets",8,0.307672086563805,1,1,5.77801506761067,0.0600000000000023
"N0912","QUARTERLY","ets",8,0.266547736285187,1,1,5.24817719296504,0.0499999999999972
"N0913","QUARTERLY","bets",8,0.276610740133908,1,1,5.08900167848922,0.0600000000000023
"N0913","QUARTERLY","ets",8,0.266010850224802,1,1,5.31397015009699,0.00999999999999801
"N0914","QUARTERLY","bets",8,0.466259430469507,1,1,6.16884653385751,0.100000000000001
"N0914","QUARTERLY","ets",8,0.469486840153419,1,1,6.50454943572975,0.0300000000000011
"N0915","QUARTERLY","bets",8,1.58046732203567,0.75,0.75,26.9853576142917,0.0599999999999952
"N0915","QUARTERLY","ets",8,1.57571827936206,0.75,0.75,22.5685469212703,0.0300000000000011
"N0916","QUARTERLY","bets",8,0.265900902102286,1,1,5.43523381494667,0.0799999999999983
"N0916","QUARTERLY","ets",8,0.380167126228669,1,1,5.24799905518907,0.0300000000000011
"N0917","QUARTERLY","bets",8,0.477993506062684,1,1,5.49145516969931,0.0700000000000003
"N0917","QUARTERLY","ets",8,0.452416172296678,1,1,5.54679532641429,0.0300000000000011
"N0918","QUARTERLY","bets",8,0.67622011408171,1,1,4.95055320353718,0.0600000000000023
"N0918","QUARTERLY","ets",8,0.674491428051389,1,1,4.74102161134872,0.0499999999999972
"N0919","QUARTERLY","bets",8,2.55786944173827,0.25,0.75,15.2143391285341,0.0600000000000023
"N0919","QUARTERLY","ets",8,2.51847550675676,0.25,0.75,13.1250065992446,0.0499999999999972
"N0920","QUARTERLY","bets",8,3.27068619851196,0.25,0.375,77.4538945294109,0.0600000000000023
"N0920","QUARTERLY","ets",8,3.17093722246218,0.25,0.375,82.1191792512702,0.0399999999999991
"N0921","QUARTERLY","bets",8,2.17757614100686,0.25,0.875,6.88761622312592,0.0700000000000003
"N0921","QUARTERLY","ets",8,2.21898899333848,0.25,0.875,6.85840857401263,0.0300000000000011
"N0922","QUARTERLY","bets",8,1.87923403596345,0.5,0.75,12.9385651399824,0.0700000000000003
"N0922","QUARTERLY","ets",8,1.15791698239593,0.75,0.875,7.64295965031121,0.0300000000000011
"N0923","QUARTERLY","bets",8,2.89654404020006,0,0.625,18.9552907790442,0.0499999999999972
"N0923","QUARTERLY","ets",8,2.7461977208465,0,0.125,46.2317766052555,0.0300000000000011
"N0924","QUARTERLY","bets",8,0.852614179185004,1,1,6.10445199390447,0.0600000000000023
"N0924","QUARTERLY","ets",8,0.809998331995772,1,1,5.49586692474014,0.019999999999996
"N0925","QUARTERLY","bets",8,1.79652943926789,0.5,0.75,8.22186738725855,0.0600000000000023
"N0925","QUARTERLY","ets",8,1.65832477241089,0.5,1,5.87298498145916,0.0200000000000031
"N0926","QUARTERLY","bets",8,1.56833604852608,0.75,1,6.52302533683848,0.0700000000000003
"N0926","QUARTERLY","ets",8,1.32251253438968,0.875,1,5.43281000530477,0.0300000000000011
"N0927","QUARTERLY","bets",8,3.71613253740423,0.125,0.25,40.3280736543069,0.0700000000000003
"N0927","QUARTERLY","ets",8,1.12009592172786,0.75,1,4.64455041820081,0.00999999999999801
"N0928","QUARTERLY","bets",8,1.53685969603648,0.5,0.875,6.34880051665023,0.0399999999999991
"N0928","QUARTERLY","ets",8,0.703687880566583,1,1,5.07683715392815,0.0399999999999991
"N0929","QUARTERLY","bets",8,2.88318624704952,0,0.375,24.9787764425948,0.0700000000000003
"N0929","QUARTERLY","ets",8,2.64400144457656,0,0.5,18.2804568003528,0.0399999999999991
"N0930","QUARTERLY","bets",8,0.609261015532352,1,1,5.91677242917098,0.0600000000000023
"N0930","QUARTERLY","ets",8,0.824293089733056,1,1,5.31686589636695,0.00999999999999801
"N0931","QUARTERLY","bets",8,1.65939447115705,0.75,1,6.4483108734532,0.0599999999999952
"N0931","QUARTERLY","ets",8,0.655318689795537,0.75,0.875,4.64005503196862,0.0300000000000011
"N0932","QUARTERLY","bets",8,1.11875513341989,0.75,1,5.50969411312717,0.0799999999999983
"N0932","QUARTERLY","ets",8,1.17081469537232,1,1,6.47543436530703,0.0300000000000011
"N0933","QUARTERLY","bets",8,0.306269646706772,1,1,4.28046368718599,0.0799999999999983
"N0933","QUARTERLY","ets",8,0.808528006607576,0.5,1,2.39409244844687,0.0300000000000011
"N0934","QUARTERLY","bets",8,0.681674415703955,1,1,3.75880042404654,0.0799999999999983
"N0934","QUARTERLY","ets",8,0.805486367344852,0.75,1,3.02079714805881,0.0300000000000011
"N0935","QUARTERLY","bets",8,0.998411679240563,1,1,4.40520367758879,0.0599999999999952
"N0935","QUARTERLY","ets",8,0.785292894517144,1,1,4.15304724989738,0.0500000000000043
"N0936","QUARTERLY","bets",8,0.60823174091466,1,1,7.94906680561537,0.0799999999999983
"N0936","QUARTERLY","ets",8,0.639773290204623,0.75,1,2.94547510656887,0.0300000000000011
"N0937","QUARTERLY","bets",8,1.57453905021227,0.5,0.75,5.70458019874681,0.0599999999999952
"N0937","QUARTERLY","ets",8,0.623619640053419,0.75,0.875,4.89269119051947,0.0500000000000043
"N0938","QUARTERLY","bets",8,0.351085502423466,1,1,3.65398539819769,0.0700000000000003
"N0938","QUARTERLY","ets",8,0.184942547874485,1,1,3.27341747651982,0.0300000000000011
"N0939","QUARTERLY","bets",8,1.25316691238546,0.625,1,4.2814726615429,0.0799999999999983
"N0939","QUARTERLY","ets",8,1.40958411482801,0.5,0.75,8.87328181051464,0.0500000000000043
"N0940","QUARTERLY","bets",8,0.181664892373064,1,1,3.08267887682028,0.0600000000000023
"N0940","QUARTERLY","ets",8,0.314798617809704,1,1,2.48591693845175,0.029999999999994
"N0941","QUARTERLY","bets",8,0.578745236697207,0.625,1,1.86633857930573,0.0600000000000023
"N0941","QUARTERLY","ets",8,0.587166259993502,0.625,0.75,4.49665133857421,0.0399999999999991
"N0942","QUARTERLY","bets",8,0.955282898286942,0.875,0.875,4.69246582440594,0.0700000000000003
"N0942","QUARTERLY","ets",8,1.34577812836266,0.5,0.875,4.23582758475305,0.0499999999999972
"N0943","QUARTERLY","bets",8,0.469203278036257,1,1,4.79326882107317,0.0800000000000054
"N0943","QUARTERLY","ets",8,0.323177912206029,1,1,4.7498562283078,0.0499999999999972
"N0944","QUARTERLY","bets",8,2.10725450124486,0.125,0.625,8.81063754390803,0.0600000000000023
"N0944","QUARTERLY","ets",8,2.63036704628984,0,0.125,48.4928665128837,0.0300000000000011
"N0945","QUARTERLY","bets",8,0.61636259600724,0.75,1,3.21224279901899,0.0600000000000023
"N0945","QUARTERLY","ets",8,0.601511661705496,0.875,1,4.16831269120434,0.0399999999999991
"N0946","QUARTERLY","bets",8,0.531600686421612,1,1,4.18984330635666,0.0700000000000003
"N0946","QUARTERLY","ets",8,0.801699253844121,1,1,4.46731135550449,0.0300000000000011
"N0947","QUARTERLY","bets",8,1.10638654397141,1,1,4.66438988968022,0.0599999999999952
"N0947","QUARTERLY","ets",8,1.27450364407539,1,1,5.39793333032892,0.0600000000000023
"N0948","QUARTERLY","bets",8,0.35444125449845,1,1,3.36089885864097,0.0700000000000003
"N0948","QUARTERLY","ets",8,0.222626471147948,1,1,2.07112848151533,0.0300000000000011
"N0949","QUARTERLY","bets",8,0.353892111984642,1,1,4.33116671888315,0.0799999999999983
"N0949","QUARTERLY","ets",8,0.339682828625508,1,1,3.26323991739768,0.0300000000000011
"N0950","QUARTERLY","bets",8,0.419405367557575,0.875,0.875,4.16017283839111,0.0700000000000003
"N0950","QUARTERLY","ets",8,0.846780665934049,0.875,0.875,4.36192581914116,0.0399999999999991
"N0951","QUARTERLY","bets",8,1.93037551228651,0.25,1,4.82047402688829,0.0600000000000023
"N0951","QUARTERLY","ets",8,1.8812573827691,0.25,0.375,24.3204866017171,0.0200000000000031
"N0952","QUARTERLY","bets",8,1.46176691304573,0.375,1,4.2932618921495,0.0600000000000023
"N0952","QUARTERLY","ets",8,2.77474450059864,0,0,63.5048053476145,0.0300000000000011
"N0953","QUARTERLY","bets",8,0.116756330472035,1,1,3.13381063581473,0.0599999999999952
"N0953","QUARTERLY","ets",8,0.195962455436815,1,1,1.74561752188604,0.170000000000002
"N0954","QUARTERLY","bets",8,1.29221556971569,0.625,1,4.51448243882584,0.0499999999999972
"N0954","QUARTERLY","ets",8,1.43921188138633,0.125,0.875,4.64197733902756,0.0399999999999991
"N0955","QUARTERLY","bets",8,0.403181368112705,0.875,1,2.56587626487266,0.0799999999999983
"N0955","QUARTERLY","ets",8,0.580990505083909,0.875,1,2.63023128331048,0.0500000000000043
"N0956","QUARTERLY","bets",8,0.33029366967922,0.875,1,2.34491725896248,0.0599999999999952
"N0956","QUARTERLY","ets",8,0.584107842096199,0.5,0.875,2.10212035271559,0.0300000000000011
"N0957","QUARTERLY","bets",8,0.330376424587553,1,1,4.10317466592568,0.0399999999999991
"N0957","QUARTERLY","ets",8,0.657757785803328,1,1,3.45019939210023,0.0499999999999972
"N0958","QUARTERLY","bets",8,0.198518398445353,1,1,5.81424262375723,0.0399999999999991
"N0958","QUARTERLY","ets",8,0.319255801446126,1,1,4.44190461354127,0.0499999999999972
"N0959","QUARTERLY","bets",8,0.929110969022484,0.625,1,5.61453958072443,0.0600000000000023
"N0959","QUARTERLY","ets",8,0.715685679126339,1,1,4.53897599746104,0.0200000000000031
"N0960","QUARTERLY","bets",8,0.365904658131953,1,1,3.92530817729529,0.0499999999999972
"N0960","QUARTERLY","ets",8,0.689641931253629,0.625,0.75,4.1640397878473,0.0500000000000043
"N0961","QUARTERLY","bets",8,0.290671026896774,1,1,3.69988484182004,0.0799999999999983
"N0961","QUARTERLY","ets",8,0.33875295995501,1,1,3.87160871420495,0.0300000000000011
"N0962","QUARTERLY","bets",8,0.490566864426545,0.875,1,2.89576244122393,0.0700000000000003
"N0962","QUARTERLY","ets",8,0.439157146104697,0.875,1,2.67282083580177,0.0300000000000011
"N0963","QUARTERLY","bets",8,0.568886900215415,0.875,1,3.38335645614281,0.0500000000000043
"N0963","QUARTERLY","ets",8,0.465452193540592,0.875,1,2.24841361739466,0.029999999999994
"N0964","QUARTERLY","bets",8,1.08655036321903,0.625,1,3.73365637969587,0.0800000000000054
"N0964","QUARTERLY","ets",8,1.03937680246467,0.5,0.75,5.48858527824213,0.00999999999999801
"N0965","QUARTERLY","bets",8,0.713149623258589,0.875,1,3.06834237612317,0.0599999999999952
"N0965","QUARTERLY","ets",8,0.929184976174992,0.25,1,2.45761934225159,0.0300000000000011
"N0966","QUARTERLY","bets",8,4.00220276427333,0.125,0.5,26.7322721026291,0.0700000000000003
"N0966","QUARTERLY","ets",8,2.24904476623441,0.375,0.625,13.8177765220204,0.00999999999999801
"N0967","QUARTERLY","bets",8,0.841546459064331,0.375,0.5,10.4973508715996,0.0600000000000023
"N0967","QUARTERLY","ets",8,0.766582689129531,0.375,0.5,13.1510230803551,0.019999999999996
"N0968","QUARTERLY","bets",8,0.274380774167766,1,1,3.05695724330425,0.0600000000000023
"N0968","QUARTERLY","ets",8,0.0487636596679544,1,1,3.6354158903954,0.0399999999999991
"N0969","QUARTERLY","bets",8,1.03286845814388,0.875,1,5.22559424935185,0.0700000000000003
"N0969","QUARTERLY","ets",8,0.492580942176552,1,1,3.96672287947323,0.0300000000000011
"N0970","QUARTERLY","bets",8,0.157666771233937,1,1,2.24795697716066,0.0599999999999952
"N0970","QUARTERLY","ets",8,0.140359554411899,1,1,1.74722425786254,0.0300000000000011
"N0971","QUARTERLY","bets",8,0.284884792170852,1,1,3.15686386710441,0.0399999999999991
"N0971","QUARTERLY","ets",8,0.300493982595641,1,1,2.17863761822775,0.0399999999999991
"N0972","QUARTERLY","bets",8,0.401638259556049,1,1,4.43116252975259,0.0600000000000023
"N0972","QUARTERLY","ets",8,0.570087080667059,0.875,1,3.35874877851525,0.0200000000000031
"N0973","QUARTERLY","bets",8,0.489555352465585,1,1,3.69366596147811,0.0600000000000023
"N0973","QUARTERLY","ets",8,0.791895457904232,0.5,0.625,8.29207489314372,0.0300000000000011
"N0974","QUARTERLY","bets",8,0.475086053125425,1,1,3.88995052571975,0.0799999999999983
"N0974","QUARTERLY","ets",8,0.479504872311006,1,1,2.85972296678884,0.0300000000000011
"N0975","QUARTERLY","bets",8,0.117533533473436,1,1,3.18844064108719,0.0599999999999952
"N0975","QUARTERLY","ets",8,0.407135370109295,1,1,1.83225026804788,0.0200000000000031
"N0976","QUARTERLY","bets",8,0.919944836878067,0.75,0.875,7.02106583559315,0.0600000000000023
"N0976","QUARTERLY","ets",8,1.01778214306725,0.5,0.75,8.73518575373275,0.0399999999999991
"N0977","QUARTERLY","bets",8,0.706242151864206,1,1,3.51504496661443,0.0500000000000043
"N0977","QUARTERLY","ets",8,0.964784918586007,0.75,1,3.36335009862217,0.0300000000000011
"N0978","QUARTERLY","bets",8,0.571298255531391,1,1,5.62228769352803,0.0500000000000043
"N0978","QUARTERLY","ets",8,0.557350638537027,1,1,5.50777113302318,0.0399999999999991
"N0979","QUARTERLY","bets",8,0.402835923387635,1,1,5.49401331183248,0.0700000000000003
"N0979","QUARTERLY","ets",8,0.532495547361197,1,1,4.42745802921389,0.0300000000000011
"N0980","QUARTERLY","bets",8,1.24547870567593,0.875,1,5.58635705586747,0.0599999999999952
"N0980","QUARTERLY","ets",8,0.956941828395554,1,1,5.56254938571128,0.0300000000000011
"N0981","QUARTERLY","bets",8,1.86585642338919,0.625,0.75,12.8959416337277,0.0500000000000043
"N0981","QUARTERLY","ets",8,1.88894041463255,0.625,0.75,18.0926796276679,0.029999999999994
"N0982","QUARTERLY","bets",8,3.54908307566158,0,0.5,16.1259927418252,0.0399999999999991
"N0982","QUARTERLY","ets",8,3.94671737766483,0,0.125,67.7582451068977,0.0300000000000011
"N0983","QUARTERLY","bets",8,0.504950078071913,1,1,4.22522923707727,0.0399999999999991
"N0983","QUARTERLY","ets",8,0.622182493124714,1,1,4.24682089617135,0.0300000000000011
"N0984","QUARTERLY","bets",8,0.802444544438215,0.875,1,6.13682768449022,0.0799999999999983
"N0984","QUARTERLY","ets",8,1.39503022266212,0.5,0.875,5.39695843664166,0.0399999999999991
"N0985","QUARTERLY","bets",8,0.484959252144728,1,1,4.55433889516745,0.100000000000001
"N0985","QUARTERLY","ets",8,0.708144149808804,1,1,4.35228666810019,0.0499999999999972
"N0986","QUARTERLY","bets",8,2.04324332934179,0.125,0.125,25.805001274981,0.0600000000000023
"N0986","QUARTERLY","ets",8,2.1193931516827,0.125,0.125,37.3510208697559,0.029999999999994
"N0987","QUARTERLY","bets",8,0.566490448967101,0.875,0.875,8.82148721674697,0.0600000000000023
"N0987","QUARTERLY","ets",8,0.664216359963765,0.875,0.875,8.04662900938814,0.029999999999994
"N0988","QUARTERLY","bets",8,0.57991082500286,1,1,4.18401004781305,0.0399999999999991
"N0988","QUARTERLY","ets",8,0.672085137459758,1,1,3.53180751873946,0.0300000000000011
"N0989","QUARTERLY","bets",8,3.16342113968964,0,0.25,18.6085309260625,0.0599999999999952
"N0989","QUARTERLY","ets",8,4.28159120901222,0,0,91.0551428941735,0.0200000000000031
"N0990","QUARTERLY","bets",8,0.558661911936107,1,1,4.51541671169116,0.0499999999999972
"N0990","QUARTERLY","ets",8,0.398891607562884,1,1,6.56439456585468,0.0300000000000011
"N0991","QUARTERLY","bets",8,0.695179645031008,1,1,6.08720829143654,0.0600000000000023
"N0991","QUARTERLY","ets",8,0.803419430922165,1,1,4.16024186159977,0.019999999999996
"N0992","QUARTERLY","bets",8,1.10365700250701,0.875,1,7.40027453868998,0.0500000000000043
"N0992","QUARTERLY","ets",8,0.751779237159871,0.75,0.875,4.34862883326592,0.0300000000000011
"N0993","QUARTERLY","bets",8,1.56685665166626,0.5,1,5.00988701490807,0.0799999999999983
"N0993","QUARTERLY","ets",8,1.37918577622675,0.375,0.75,4.65464814166505,0.00999999999999801
"N0994","QUARTERLY","bets",8,1.4072935294784,0.875,1,5.34572475476075,0.0499999999999972
"N0994","QUARTERLY","ets",8,1.39654774333375,0.375,1,3.96407048955771,0.0300000000000011
"N0995","QUARTERLY","bets",8,1.36225048304534,0.75,1,5.04483339394634,0.0500000000000043
"N0995","QUARTERLY","ets",8,0.713771421624713,0.875,1,3.94863504090227,0.029999999999994
"N0996","QUARTERLY","bets",8,0.444639073085104,1,1,4.51986876881883,0.0500000000000043
"N0996","QUARTERLY","ets",8,0.336202620409597,0.625,0.875,2.05700896911088,0.0300000000000011
"N0997","QUARTERLY","bets",8,0.91789786952027,0.75,0.875,7.03480632959017,0.0799999999999983
"N0997","QUARTERLY","ets",8,1.22214215417428,0.625,0.625,15.4087609706565,0.00999999999999801
"N0998","QUARTERLY","bets",8,0.832410542845886,1,1,5.2104459317782,0.0799999999999983
"N0998","QUARTERLY","ets",8,0.757974217078652,1,1,3.87544802032631,0.00999999999999801
"N0999","QUARTERLY","bets",8,2.87465081932723,0.125,0.875,8.59173909409486,0.0600000000000023
"N0999","QUARTERLY","ets",8,2.252559046906,0.375,0.875,5.98331967029329,0.029999999999994
"N1000","QUARTERLY","bets",8,0.807754002141507,0.875,1,5.32450274867059,0.0399999999999991
"N1000","QUARTERLY","ets",8,0.749228465861429,0.75,1,3.39363527712877,0.0300000000000011
"N1001","QUARTERLY","bets",8,0.383845693893918,1,1,4.5066838226893,0.0600000000000023
"N1001","QUARTERLY","ets",8,0.304773660933952,1,1,2.65028120754982,0.0200000000000031
"N1002","QUARTERLY","bets",8,0.189464971752284,1,1,3.9848883640503,0.0499999999999972
"N1002","QUARTERLY","ets",8,0.405783213762178,1,1,3.11929570737879,0.0300000000000011
"N1003","QUARTERLY","bets",8,0.700913896306809,1,1,5.84868185936423,0.0799999999999983
"N1003","QUARTERLY","ets",8,0.692603065176406,0.875,1,3.83012977890655,0.0300000000000011
"N1004","QUARTERLY","bets",8,0.714943262633915,0.875,1,5.06099166016907,0.0600000000000023
"N1004","QUARTERLY","ets",8,1.66584398749092,0,0.375,15.6170355003619,0.0399999999999991
"N1005","QUARTERLY","bets",8,1.22888020577928,0.875,1,4.82490634152944,0.0600000000000023
"N1005","QUARTERLY","ets",8,1.1444192633284,1,1,4.83020988908372,0.0300000000000011
"N1006","QUARTERLY","bets",8,0.522807549767164,0.875,1,5.07891532943825,0.0499999999999972
"N1006","QUARTERLY","ets",8,0.664989596286313,1,1,4.35823299177176,0.0300000000000011
"N1007","QUARTERLY","bets",8,0.261735537998132,0.875,1,3.75340635062565,0.0599999999999952
"N1007","QUARTERLY","ets",8,0.344216540872431,0.875,0.875,3.82174352356632,0.0300000000000011
"N1008","QUARTERLY","bets",8,1.61827059687488,1,1,6.61508090524915,0.0599999999999952
"N1008","QUARTERLY","ets",8,0.669284505974701,1,1,3.60105578023936,0.0300000000000011
"N1009","QUARTERLY","bets",8,0.728740743456618,1,1,5.04516276575589,0.0600000000000023
"N1009","QUARTERLY","ets",8,0.733028931890229,1,1,4.2871508679957,0.0399999999999991
"N1010","QUARTERLY","bets",8,1.8856102811959,0.25,0.875,6.46692962128332,0.0600000000000023
"N1010","QUARTERLY","ets",8,1.65002842718385,0.625,1,4.93984078444157,0.0300000000000011
"N1011","QUARTERLY","bets",8,1.21380317425468,0.625,0.75,6.6986435359778,0.0599999999999952
"N1011","QUARTERLY","ets",8,0.915071831312025,0.5,0.625,12.184192995043,0.0300000000000011
"N1012","QUARTERLY","bets",8,1.49158677745447,0.625,0.875,7.45712444387125,0.0700000000000003
"N1012","QUARTERLY","ets",8,1.06138659411841,0.75,0.875,6.81931505933256,0.0300000000000011
"N1013","QUARTERLY","bets",8,0.403094939590786,1,1,4.07390926057682,0.0600000000000023
"N1013","QUARTERLY","ets",8,0.903198956323629,0.625,1,3.18364148270807,0.0499999999999972
"N1014","QUARTERLY","bets",8,2.29011906382579,0.25,0.75,7.07939376586706,0.0600000000000023
"N1014","QUARTERLY","ets",8,2.1946655672574,0.25,0.625,18.3107573118063,0.0499999999999972
"N1015","QUARTERLY","bets",8,0.398316319556283,1,1,4.38311897737412,0.0600000000000023
"N1015","QUARTERLY","ets",8,0.717807613050152,0.875,1,3.55252628599953,0.0300000000000011
"N1016","QUARTERLY","bets",8,0.208178110487131,1,1,5.19351689703659,0.0700000000000003
"N1016","QUARTERLY","ets",8,0.297741703550702,1,1,4.82104467435819,0.0300000000000011
"N1017","QUARTERLY","bets",8,0.709837425040389,0.625,1,4.21010433072677,0.0599999999999952
"N1017","QUARTERLY","ets",8,0.373634358872377,0.875,1,3.59907235507004,0.0300000000000011
"N1018","QUARTERLY","bets",8,0.645432963780239,1,1,4.68898242319086,0.0599999999999952
"N1018","QUARTERLY","ets",8,0.61774953353487,1,1,5.02993538279798,0.0300000000000011
"N1019","QUARTERLY","bets",8,0.52672644547933,1,1,5.40740360991496,0.0600000000000023
"N1019","QUARTERLY","ets",8,0.514542611049515,1,1,4.95004464720421,0.0399999999999991
"N1020","QUARTERLY","bets",8,0.420910279328348,1,1,5.16381373916685,0.0500000000000043
"N1020","QUARTERLY","ets",8,0.450360610758046,1,1,5.55405181778665,0.0399999999999991
"N1021","QUARTERLY","bets",8,0.689737700780377,1,1,5.34798298227827,0.0700000000000003
"N1021","QUARTERLY","ets",8,0.481374451294555,1,1,3.75954289868107,0.00999999999999801
"N1022","QUARTERLY","bets",8,1.635238862003,0.5,1,5.40987848012982,0.0599999999999952
"N1022","QUARTERLY","ets",8,0.524278847873544,0.875,0.875,4.1657468276151,0.0300000000000011
"N1023","QUARTERLY","bets",8,0.216762313206548,1,1,1.49468091967301,0.0600000000000023
"N1023","QUARTERLY","ets",8,0.1753635148898,1,1,1.11543402099176,0.0399999999999991
"N1024","QUARTERLY","bets",8,0.434383533767956,1,1,4.73626075652569,0.0700000000000003
"N1024","QUARTERLY","ets",8,0.528920298970184,1,1,4.37446264668056,0.0200000000000031
"N1025","QUARTERLY","bets",8,0.223950818178704,1,1,3.80933216589844,0.0399999999999991
"N1025","QUARTERLY","ets",8,0.269236092653867,1,1,3.1024189564027,0.0300000000000011
"N1026","QUARTERLY","bets",8,0.684610717218258,1,1,4.75653702399459,0.0599999999999952
"N1026","QUARTERLY","ets",8,0.541154340338225,1,1,3.34606393649912,0.0300000000000011
"N1027","QUARTERLY","bets",8,0.375393950839637,0.75,0.875,2.02465661881353,0.0700000000000003
"N1027","QUARTERLY","ets",8,0.488279341645522,0.625,0.75,2.29409419796236,0.0300000000000011
"N1028","QUARTERLY","bets",8,0.355344354074395,1,1,3.57842546522808,0.0600000000000023
"N1028","QUARTERLY","ets",8,0.217186571495771,1,1,2.05985439741814,0.0399999999999991
"N1029","QUARTERLY","bets",8,0.526080332081635,0.875,1,3.39166378058436,0.0600000000000023
"N1029","QUARTERLY","ets",8,0.463065187596781,0.875,1,2.22279637478594,0.00999999999999801
"N1030","QUARTERLY","bets",8,0.490739478839404,1,1,5.65549712820191,0.0599999999999952
"N1030","QUARTERLY","ets",8,1.20347378894,0.375,1,3.46143465910264,0.0300000000000011
"N1031","QUARTERLY","bets",8,1.51936950631484,0.625,1,4.94110047610551,0.0799999999999983
"N1031","QUARTERLY","ets",8,1.37436022016144,0.375,0.75,4.64993785218168,0.0200000000000031
"N1032","QUARTERLY","bets",8,1.53984828806777,1,1,6.29001736488644,0.0600000000000023
"N1032","QUARTERLY","ets",8,0.676732130270908,1,1,3.62079278785354,0.0499999999999972
"N1033","QUARTERLY","bets",8,0.264816047151745,1,1,4.24157128670924,0.0399999999999991
"N1033","QUARTERLY","ets",8,0.855168426390922,0.5,1,2.46283964469073,0.0499999999999972
"N1034","QUARTERLY","bets",8,0.601591202054984,0.25,0.875,1.69977221579104,0.0600000000000023
"N1034","QUARTERLY","ets",8,0.612249163046769,0.125,0.375,5.89621786311945,0.0500000000000043
"N1035","QUARTERLY","bets",8,0.235333827311269,1,1,2.3629613738411,0.0700000000000003
"N1035","QUARTERLY","ets",8,0.337963405894584,1,1,2.28966403943119,0.0700000000000003
"N1036","QUARTERLY","bets",8,1.48773830079471,0.625,0.875,5.68861593026009,0.109999999999999
"N1036","QUARTERLY","ets",8,1.93978122505924,0,0.5,12.6220134382346,0.0300000000000011
"N1037","QUARTERLY","bets",8,0.588483552479894,1,1,5.37554858301551,0.0799999999999983
"N1037","QUARTERLY","ets",8,1.0079188619232,0.75,1,4.1857752803326,0.0300000000000011
"N1038","QUARTERLY","bets",8,0.486472496299957,0.875,0.875,2.73137798608476,0.0799999999999983
"N1038","QUARTERLY","ets",8,1.05237943279433,0,0,13.0241162231193,0.0300000000000011
"N1039","QUARTERLY","bets",8,0.211018679570563,0.875,1,3.48214254902906,0.0900000000000034
"N1039","QUARTERLY","ets",8,0.35300204841318,0.875,1,3.0639364128549,0.0799999999999983
"N1040","QUARTERLY","bets",8,0.597386593624879,1,1,3.84124986091005,0.0600000000000023
"N1040","QUARTERLY","ets",8,1.0431901178291,0.25,0.625,3.93059114048933,0.039999999999992
"N1041","QUARTERLY","bets",8,0.360090415875924,0.75,0.875,2.05370814924576,0.0800000000000125
"N1041","QUARTERLY","ets",8,0.488279341645522,0.625,0.75,2.29409419796236,0.0299999999999869
"N1042","QUARTERLY","bets",8,0.62876781120727,1,1,5.35531381308238,0.0799999999999983
"N1042","QUARTERLY","ets",8,0.700475799987853,1,1,5.18176949912379,0.039999999999992
"N1043","QUARTERLY","bets",8,0.504415294888621,0.625,0.875,2.22355054502906,0.0799999999999983
"N1043","QUARTERLY","ets",8,0.70999363859772,0,0.625,3.18763090184682,0.0300000000000011
"N1044","QUARTERLY","bets",8,0.36359473256633,0.625,0.875,1.97699131038961,0.0600000000000023
"N1044","QUARTERLY","ets",8,0.488279341645522,0.625,0.75,2.29409419796236,0.0499999999999972
"N1045","QUARTERLY","bets",8,0.461121477769551,1,1,5.42955128015656,0.0800000000000125
"N1045","QUARTERLY","ets",8,0.475616211322486,1,1,5.65973911801817,0.019999999999996
"N1046","QUARTERLY","bets",8,0.405912627581191,1,1,4.27977387174514,0.0800000000000125
"N1046","QUARTERLY","ets",8,0.856836573129521,0.375,1,2.47630561145335,0.0300000000000011
"N1047","QUARTERLY","bets",8,0.311411443858409,1,1,4.06104658647787,0.0799999999999983
"N1047","QUARTERLY","ets",8,0.855168426390922,0.5,1,2.46283964469073,0.0300000000000011
"N1048","QUARTERLY","bets",8,0.214932689872813,1,1,1.27605857257749,0.0600000000000023
"N1048","QUARTERLY","ets",8,0.252770524083803,1,1,1.39431578500559,0.019999999999996
"N1049","QUARTERLY","bets",8,0.577950137738906,1,1,6.63894785482647,0.0599999999999881
"N1049","QUARTERLY","ets",8,0.944006328124106,0.75,1,4.28089920349604,0.0400000000000063
"N1050","QUARTERLY","bets",8,1.4493901107351,0.625,0.875,6.816863433485,0.0600000000000023
"N1050","QUARTERLY","ets",8,0.659251834799717,0.875,0.875,5.08585285642639,0.0300000000000011
"N1051","QUARTERLY","bets",8,0.645419831285796,1,1,4.87786485015453,0.0999999999999943
"N1051","QUARTERLY","ets",8,0.775248606070751,1,1,4.57563315217242,0.0400000000000063
"N1052","QUARTERLY","bets",8,0.461216139375452,1,1,4.82848827023238,0.0799999999999983
"N1052","QUARTERLY","ets",8,0.528920298970184,1,1,4.37446264668056,0.0600000000000023
"N1053","QUARTERLY","bets",8,0.567589653285747,1,1,5.20968256313945,0.140000000000001
"N1053","QUARTERLY","ets",8,0.53291581905769,1,1,5.04627135398456,0.0600000000000023
"N1054","QUARTERLY","bets",8,2.06972137740311,0.125,0.75,6.81398587193609,0.0899999999999892
"N1054","QUARTERLY","ets",8,3.1732972607692,0,0,67.3222497464472,0.0400000000000063
"N1055","QUARTERLY","bets",8,1.3787470432937,0.375,1,4.64035467298126,0.0599999999999881
"N1055","QUARTERLY","ets",8,1.41932829581967,0.375,0.875,4.26498608853506,0.0400000000000063
"N1056","QUARTERLY","bets",8,0.829691331697733,1,1,6.97014879231017,0.0600000000000023
"N1056","QUARTERLY","ets",8,0.677240439924195,1,1,6.42198698730647,0.0100000000000051
"N1057","QUARTERLY","bets",8,0.77300610054923,0.625,1,4.43581966577448,0.0799999999999983
"N1057","QUARTERLY","ets",8,0.899978738195717,0.5,1,4.32778530998975,0.0300000000000011
"N1058","QUARTERLY","bets",8,1.58764488459729,0.375,0.875,5.46924870635653,0.0600000000000023
"N1058","QUARTERLY","ets",8,1.5753074499445,0.375,0.875,5.56247828799329,0.019999999999996
"N1059","QUARTERLY","bets",8,0.809207873493565,1,1,5.57143432069433,0.0799999999999983
"N1059","QUARTERLY","ets",8,1.35328782067743,0.125,1,3.42936475186096,0.0300000000000011
"N1060","QUARTERLY","bets",8,0.465431132388344,1,1,6.07713633132955,0.0599999999999881
"N1060","QUARTERLY","ets",8,1.20347378894,0.375,1,3.46143465910264,0.0400000000000063
"N1061","QUARTERLY","bets",8,0.59795692916442,1,1,5.68224261787484,0.0600000000000023
"N1061","QUARTERLY","ets",8,0.452328944561276,1,1,3.36874479151669,0.039999999999992
"N1062","QUARTERLY","bets",8,1.86985660796782,0.125,1,5.33136819039386,0.0600000000000023
"N1062","QUARTERLY","ets",8,2.13517684264035,0,0.25,15.292418384668,0.019999999999996
"N1063","QUARTERLY","bets",8,1.3730386618973,0.375,1,4.27381163636998,0.0700000000000074
"N1063","QUARTERLY","ets",8,1.46429228138448,0.375,1,4.09078795164261,0.0300000000000011
"N1064","QUARTERLY","bets",8,0.239132051396386,1,1,6.93372875029594,0.0600000000000023
"N1064","QUARTERLY","ets",8,0.460206393356066,1,1,3.72315301182958,0.0300000000000011
"N1065","QUARTERLY","bets",8,0.731911411194894,0.875,1,5.31646732867226,0.0600000000000023
"N1065","QUARTERLY","ets",8,1.18797339877007,0.125,1,3.13149940686473,0.0300000000000011
"N1066","QUARTERLY","bets",8,0.388826473074365,0.875,0.875,1.95408659360879,0.0600000000000023
"N1066","QUARTERLY","ets",8,0.533442327896151,0.25,0.625,3.58129219243476,0.0300000000000011
"N1067","QUARTERLY","bets",8,0.379501956719864,1,1,2.78951759363013,0.0600000000000023
"N1067","QUARTERLY","ets",8,0.465404454063155,0.75,1,2.16629720647897,0.019999999999996
"N1068","QUARTERLY","bets",8,1.22275081979707,0.125,0.625,7.93483044504456,0.0700000000000074
"N1068","QUARTERLY","ets",8,1.18938887347619,0.125,0.375,8.78369740369915,0.0300000000000011
"N1069","QUARTERLY","bets",8,1.42192705466849,0.125,0.875,3.45671648136035,0.0600000000000023
"N1069","QUARTERLY","ets",8,1.14700699356291,0.125,1,2.87028022613765,0.0300000000000011
"N1070","QUARTERLY","bets",8,0.110284840896362,1,1,1.18637367719437,0.039999999999992
"N1070","QUARTERLY","ets",8,0.155469342153397,1,1,1.0155617396777,0.0500000000000114
"N1071","QUARTERLY","bets",8,0.579705158796388,0.75,1,5.03685012582514,0.0600000000000023
"N1071","QUARTERLY","ets",8,0.649949754783339,0.75,1,4.07686575485336,0.019999999999996
"N1072","QUARTERLY","bets",8,1.08660857876603,0.75,1,5.67733534637324,0.0500000000000114
"N1072","QUARTERLY","ets",8,0.921639253737127,0.75,1,4.92216788831708,0.0300000000000011
"N1073","QUARTERLY","bets",8,1.10838073287429,0.875,1,4.8442522627738,0.0699999999999932
"N1073","QUARTERLY","ets",8,1.27879711876642,0.75,1,4.4195518955286,0.0100000000000051
"N1074","QUARTERLY","bets",8,2.24461897668501,0.125,1,6.44032199871937,0.0400000000000063
"N1074","QUARTERLY","ets",8,1.38578875344529,0.5,1,3.97105665596026,0.0299999999999869
"N1075","QUARTERLY","bets",8,0.605744671129197,0.875,1,2.25751376054503,0.0499999999999972
"N1075","QUARTERLY","ets",8,0.872309300580171,0.25,0.875,2.66659359091951,0.0300000000000011
"N1076","QUARTERLY","bets",8,0.375343648301892,1,1,3.3634780958793,0.0600000000000023
"N1076","QUARTERLY","ets",8,0.217186571495771,1,1,2.05985439741814,0.0300000000000011
"N1077","QUARTERLY","bets",8,0.263409468786883,1,1,1.69921934619448,0.0600000000000023
"N1077","QUARTERLY","ets",8,0.471338124741334,0.625,0.875,1.73881916973,0.0300000000000011
"N1078","QUARTERLY","bets",8,1.2329343241288,0,0,15.7787529179248,0.0799999999999983
"N1078","QUARTERLY","ets",8,1.78092098572086,0,0,46.2250374215965,0.0300000000000011
"N1079","QUARTERLY","bets",8,0.947695466729209,0.75,0.75,8.0265149056576,0.0600000000000023
"N1079","QUARTERLY","ets",8,0.970253032645949,0.75,0.75,7.46880968946768,0.0299999999999869
"N1080","QUARTERLY","bets",8,0.698263909312151,0.875,1,4.64387316893715,0.0600000000000023
"N1080","QUARTERLY","ets",8,0.523968636053995,0.75,1,3.14415532856528,0.0299999999999869
"N1081","QUARTERLY","bets",8,0.549903481143237,0.75,1,4.72928241870343,0.0700000000000074
"N1081","QUARTERLY","ets",8,0.501099816610622,0.875,1,3.65598090655383,0.0400000000000063
"N1082","QUARTERLY","bets",8,0.520879249712176,0.5,0.75,3.66201102826253,0.129999999999995
"N1082","QUARTERLY","ets",8,0.544327045720719,0.5,0.625,4.03095818203156,0.0499999999999972
"N1083","QUARTERLY","bets",8,0.260225304892223,1,1,4.29197548872585,0.0600000000000023
"N1083","QUARTERLY","ets",8,0.318077665516386,1,1,3.38519776955296,0.0499999999999972
"N1084","QUARTERLY","bets",8,1.09940413889095,0.625,0.875,5.19019928531802,0.0600000000000023
"N1084","QUARTERLY","ets",8,1.45096946513071,0.5,0.625,12.542726320557,0.0300000000000011
"N1085","QUARTERLY","bets",8,0.844530412344445,0.75,0.875,5.94410390515221,0.0600000000000023
"N1085","QUARTERLY","ets",8,1.38998007616938,0.75,0.75,12.0545215209066,0.039999999999992
"N1086","QUARTERLY","bets",8,1.26993204270767,0.75,1,5.22144633464644,0.0700000000000074
"N1086","QUARTERLY","ets",8,1.26330492428481,0.75,1,4.23473705167015,0.0300000000000011
"N1087","QUARTERLY","bets",8,0.711544227148137,0.75,1,4.94900933443085,0.0700000000000074
"N1087","QUARTERLY","ets",8,0.765020149359598,1,1,4.41967105514327,0.0100000000000051
"N1088","QUARTERLY","bets",8,0.885294590754231,0.875,1,3.62578469453451,0.0600000000000023
"N1088","QUARTERLY","ets",8,1.18868359541004,0.375,1,3.25880595038792,0.0300000000000011
"N1089","QUARTERLY","bets",8,0.321785192370051,1,1,2.16885199454129,0.0599999999999881
"N1089","QUARTERLY","ets",8,0.827247923883429,0.25,0.5,7.80243230234907,0.0400000000000063
"N1090","QUARTERLY","bets",8,0.983312019343426,0,0.25,9.1490857486552,0.0600000000000023
"N1090","QUARTERLY","ets",8,1.48044586580558,0,0,28.3466931817223,0.0299999999999869
"N1091","QUARTERLY","bets",8,0.289332791574211,1,1,1.99871745140504,0.0700000000000074
"N1091","QUARTERLY","ets",8,0.427784113870163,0.875,1,1.77037750040057,0.0300000000000011
"N1092","QUARTERLY","bets",8,0.511612158096911,1,1,4.32015192589728,0.0700000000000074
"N1092","QUARTERLY","ets",8,0.24648277729918,1,1,4.53909313205715,0.0400000000000063
"N1093","QUARTERLY","bets",8,0.354430738173749,1,1,5.77810975618769,0.0699999999999932
"N1093","QUARTERLY","ets",8,0.340183384804326,1,1,4.39311657524547,0.0400000000000063
"N1094","QUARTERLY","bets",8,0.561042173454577,0.625,0.875,2.41214112531957,0.0699999999999932
"N1094","QUARTERLY","ets",8,1.16744664499363,0.125,0.25,29.9514541689011,0.0400000000000063
"N1095","QUARTERLY","bets",8,0.17569192530366,1,1,2.11356923019169,0.0599999999999881
"N1095","QUARTERLY","ets",8,0.196475032538487,1,1,1.99428400884567,0.0400000000000063
"N1096","QUARTERLY","bets",8,2.23696908196814,0.5,0.625,29.995718116573,0.0599999999999881
"N1096","QUARTERLY","ets",8,2.16783933194397,0.25,0.375,31.965048076809,0.0400000000000063
"N1097","QUARTERLY","bets",8,0.530992245203304,0,0.125,3.69251979964465,0.0600000000000023
"N1097","QUARTERLY","ets",8,0.745033830586008,0,0.125,8.07724438118278,0.0499999999999972
"N1098","QUARTERLY","bets",8,0.379990475551772,0.875,0.875,4.79302616745999,0.0600000000000023
"N1098","QUARTERLY","ets",8,0.370303888642566,0.875,0.875,3.93424270537966,0.0300000000000011
"N1099","QUARTERLY","bets",8,0.503607282232903,0.625,0.75,3.82344789682846,0.0600000000000023
"N1099","QUARTERLY","ets",8,0.544327045720719,0.5,0.625,4.03095818203156,0.0499999999999972
"N1100","QUARTERLY","bets",8,1.14394224748516,0.75,1,5.39238717698492,0.0600000000000023
"N1100","QUARTERLY","ets",8,1.29607163375489,0.75,0.75,5.49086689239339,0.0300000000000011
"N1101","QUARTERLY","bets",8,0.685633013253436,1,1,5.14826631921756,0.0600000000000023
"N1101","QUARTERLY","ets",8,0.979906591244394,0.875,1,4.59333150210657,0.0300000000000011
"N1102","QUARTERLY","bets",8,0.827183046933046,0.75,0.875,5.71715102198577,0.0599999999999881
"N1102","QUARTERLY","ets",8,2.06014173526724,0.25,0.75,8.26849774826195,0.0400000000000063
"N1103","QUARTERLY","bets",8,0.6141537654975,0.875,1,2.63076691178087,0.0600000000000023
"N1103","QUARTERLY","ets",8,0.629627225751776,0.5,1,2.17550148574503,0.0499999999999972
"N1104","QUARTERLY","bets",8,0.911322520618074,0.75,0.875,6.437517392646,0.0700000000000074
"N1104","QUARTERLY","ets",8,0.883601605583289,0.75,1,4.27490071587028,0.0299999999999869
"N1105","QUARTERLY","bets",8,0.516561075840308,1,1,5.7311383100508,0.0700000000000074
"N1105","QUARTERLY","ets",8,1.12219944406593,1,1,5.29248791055608,0.0300000000000011
"N1106","QUARTERLY","bets",8,0.921616046815016,0.875,1,3.66265604692687,0.0600000000000023
"N1106","QUARTERLY","ets",8,1.18868359541004,0.375,1,3.25880595038792,0.0300000000000011
"N1107","QUARTERLY","bets",8,0.731946761331262,0,0.875,1.77831384166993,0.0600000000000023
"N1107","QUARTERLY","ets",8,0.781819762585509,0,0.375,4.15455619896693,0.0300000000000011
"N1108","QUARTERLY","bets",8,1.4117453309942,0.625,1,5.11329336096973,0.0600000000000023
"N1108","QUARTERLY","ets",8,1.01219886415563,0.875,1,4.8155156150781,0.0300000000000011
"N1109","QUARTERLY","bets",8,0.871298799122055,0.875,0.875,5.6318088494404,0.0499999999999972
"N1109","QUARTERLY","ets",8,0.785257541829275,0.625,0.875,4.70740562538177,0.0300000000000011
"N1110","QUARTERLY","bets",8,0.870248973083219,1,1,4.90922262483408,0.0600000000000023
"N1110","QUARTERLY","ets",8,0.345631860350968,0.875,1,2.8357587670319,0.0300000000000011
"N1111","QUARTERLY","bets",8,0.54664744216395,0.75,1,2.20948236453014,0.0499999999999972
"N1111","QUARTERLY","ets",8,0.595232666995136,0.875,1,2.49371495230205,0.0300000000000011
"N1112","QUARTERLY","bets",8,0.45713739261202,0.875,0.875,3.81916751785421,0.0599999999999881
"N1112","QUARTERLY","ets",8,0.852318522392289,0.875,0.875,4.44598238237656,0.0400000000000063
"N1113","QUARTERLY","bets",8,0.708899877829114,1,1,3.15076783326795,0.0599999999999881
"N1113","QUARTERLY","ets",8,0.931617510871147,0.25,1,2.45719996716732,0.0400000000000063
"N1114","QUARTERLY","bets",8,1.12209579394981,1,1,5.86526942653687,0.0600000000000023
"N1114","QUARTERLY","ets",8,0.954036480243549,1,1,5.54996121129143,0.0300000000000011
"N1115","QUARTERLY","bets",8,1.30622453952012,0.75,1,5.1500588244973,0.0500000000000114
"N1115","QUARTERLY","ets",8,0.749938261582171,0.875,1,3.94857300880608,0.0300000000000011
"N1116","QUARTERLY","bets",8,1.76826435863002,0.25,0.875,5.58434551103516,0.0799999999999983
"N1116","QUARTERLY","ets",8,1.64894487423092,0.625,1,4.94034439989709,0.019999999999996
"N1117","QUARTERLY","bets",8,0.969600997075983,1,1,4.37118479775181,0.0499999999999972
"N1117","QUARTERLY","ets",8,0.783933032907198,1,1,4.14277400150595,0.0300000000000011
"N1118","QUARTERLY","bets",8,0.74742642346638,0.875,1,4.33156556538685,0.0600000000000023
"N1118","QUARTERLY","ets",8,1.42135297965366,0.75,1,5.01970106476753,0.0300000000000011
"N1119","QUARTERLY","bets",8,2.33130009882657,0.125,0.375,24.6110994373163,0.0600000000000023
"N1119","QUARTERLY","ets",8,1.98983364386973,0.25,0.5,19.7916148890692,0.0100000000000051
"N1120","QUARTERLY","bets",8,1.55226080133914,0.375,0.5,11.5403774934533,0.0600000000000023
"N1120","QUARTERLY","ets",8,1.1593536769888,0.5,0.875,4.76328663466994,0.0300000000000011
"N1121","QUARTERLY","bets",8,3.11230387225675,0,0.375,27.5241928466853,0.0600000000000023
"N1121","QUARTERLY","ets",8,3.06015073163327,0,0.5,22.9580595794363,0.019999999999996
"N1122","QUARTERLY","bets",8,5.98387131620149,0,0,98.6975454880949,0.0600000000000023
"N1122","QUARTERLY","ets",8,3.17526969958323,0,0,52.3175477694141,0.0499999999999972
"N1123","QUARTERLY","bets",8,0.312184073077613,1,1,5.26469612322204,0.0600000000000023
"N1123","QUARTERLY","ets",8,0.30140359782597,1,1,5.10306740917861,0.00999999999999091
"N1124","QUARTERLY","bets",8,0.136419373341278,1,1,7.3094689596635,0.0600000000000023
"N1124","QUARTERLY","ets",8,1.21336438198407,0.875,1,4.53074073469913,0.0300000000000011
"N1125","QUARTERLY","bets",8,0.55692643154075,1,1,6.097338462146,0.0499999999999972
"N1125","QUARTERLY","ets",8,0.549061366646785,1,1,4.14011660283955,0.0300000000000011
"N1126","QUARTERLY","bets",8,1.2239509921567,0.875,1,6.06038940665792,0.0499999999999972
"N1126","QUARTERLY","ets",8,0.25051344261373,1,1,3.41169478993622,0.0499999999999972
"N1127","QUARTERLY","bets",8,0.311635079964779,0.875,1,5.12346696700552,0.0600000000000023
"N1127","QUARTERLY","ets",8,0.448691684996258,0.875,1,2.78258036400854,0.00999999999999091
"N1128","QUARTERLY","bets",8,1.46529849095002,0.625,1,5.46116388591883,0.0600000000000023
"N1128","QUARTERLY","ets",8,1.04839970877203,0.875,1,4.94472252378786,0.0299999999999869
"N1129","QUARTERLY","bets",8,1.52202124113415,0.5,1,5.15638972833826,0.0600000000000023
"N1129","QUARTERLY","ets",8,1.01219886415563,0.875,1,4.8155156150781,0.019999999999996
"N1130","QUARTERLY","bets",8,3.02397474128949,0.125,0.25,14.6238041024055,0.0699999999999932
"N1130","QUARTERLY","ets",8,2.39459308561597,0.125,0.75,6.29354163271933,0.0300000000000011
"N1131","QUARTERLY","bets",8,0.580628327355093,1,1,5.36344045990168,0.0699999999999932
"N1131","QUARTERLY","ets",8,0.655703373679005,1,1,5.00668971283088,0.0400000000000063
"N1132","QUARTERLY","bets",8,0.308682842058108,1,1,4.74039346173964,0.0999999999999943
"N1132","QUARTERLY","ets",8,0.185201163953492,1,1,4.46524315851171,0.0300000000000011
"N1133","QUARTERLY","bets",8,1.48099167053899,0.5,1,5.15891203805601,0.0699999999999932
"N1133","QUARTERLY","ets",8,1.01219886415563,0.875,1,4.8155156150781,0.0300000000000011
"N1134","QUARTERLY","bets",8,1.27452238854025,0.75,1,5.33376097257469,0.0599999999999881
"N1134","QUARTERLY","ets",8,0.717052357258494,0.875,1,3.73373790916721,0.0400000000000063
"N1135","QUARTERLY","bets",8,1.15001362931509,1,1,5.84602319142799,0.0799999999999983
"N1135","QUARTERLY","ets",8,0.874339566352934,1,1,5.70295353408946,0.0300000000000011
"N1136","QUARTERLY","bets",8,1.22228438303961,0.875,1,5.70580256101213,0.0600000000000023
"N1136","QUARTERLY","ets",8,0.954036480243549,1,1,5.54996121129143,0.0300000000000011
"N1137","QUARTERLY","bets",8,1.93942379905967,1,1,7.51625768757122,0.0799999999999983
"N1137","QUARTERLY","ets",8,0.468251520021964,0.875,0.875,4.38308594374324,0.0300000000000011
"N1138","QUARTERLY","bets",8,0.851516601595569,0.875,1,5.01035089315008,0.0799999999999983
"N1138","QUARTERLY","ets",8,0.930259354530625,0.75,0.875,4.94126939198934,0.0300000000000011
"N1139","QUARTERLY","bets",8,0.699702072286857,1,1,4.77925628508679,0.109999999999999
"N1139","QUARTERLY","ets",8,0.630885696903592,1,1,4.4071977286806,0.0700000000000074
"N1140","QUARTERLY","bets",8,1.21345421124383,0.875,1,5.4742856258225,0.0799999999999983
"N1140","QUARTERLY","ets",8,0.954036480243549,1,1,5.54996121129143,0.0300000000000011
"N1141","QUARTERLY","bets",8,0.678339855619754,0.875,1,4.12420987273601,0.0999999999999943
"N1141","QUARTERLY","ets",8,1.19091121624032,0.75,1,4.87070070978202,0.0400000000000063
"N1142","QUARTERLY","bets",8,0.206957928185495,0.875,0.875,2.83712283126247,0.0599999999999881
"N1142","QUARTERLY","ets",8,0.20828666167476,0.875,0.875,2.69081420703573,0.0400000000000063
"N1143","QUARTERLY","bets",8,0.580002742093879,0.875,1,5.32121351685542,0.0699999999999932
"N1143","QUARTERLY","ets",8,0.593309011082242,0.875,1,4.99273222162843,0.0400000000000063
"N1144","QUARTERLY","bets",8,1.34430556463468,0.5,0.75,13.0700700077513,0.0600000000000023
"N1144","QUARTERLY","ets",8,2.11429872143855,0,0.25,23.0101531147989,0.0300000000000011
"N1145","QUARTERLY","bets",8,0.430524351917057,1,1,5.30976854627894,0.0700000000000074
"N1145","QUARTERLY","ets",8,0.368146529077196,1,1,4.84123978514184,0.0300000000000011
"N1146","QUARTERLY","bets",8,0.168000963917502,1,1,2.83500389080372,0.0500000000000114
"N1146","QUARTERLY","ets",8,0.366947777405998,1,1,2.59831026204956,0.0300000000000011
"N1147","QUARTERLY","bets",8,0.570657854565647,0.875,1,3.6268599892679,0.0599999999999881
"N1147","QUARTERLY","ets",8,0.801985438988705,0.875,1,4.07725435144894,0.0500000000000114
"N1148","QUARTERLY","bets",8,0.466745579731268,0.875,0.875,4.06566241610294,0.0599999999999881
"N1148","QUARTERLY","ets",8,0.852318522392289,0.875,0.875,4.44598238237656,0.0500000000000114
"N1149","QUARTERLY","bets",8,0.33369349651982,1,1,2.06151754700161,0.140000000000001
"N1149","QUARTERLY","ets",8,0.23506037004098,0.875,0.875,1.14559325345841,0.0799999999999983
"N1150","QUARTERLY","bets",8,0.475592155855697,1,1,1.85612493331987,0.0699999999999932
"N1150","QUARTERLY","ets",8,0.503751584858738,1,1,2.38804392849429,0.0400000000000063
"N1151","QUARTERLY","bets",8,1.51985895756287,0.75,0.75,7.75676819839352,0.0600000000000023
"N1151","QUARTERLY","ets",8,1.45423135018991,0.75,0.75,6.31967526938516,0.00999999999999091
"N1152","QUARTERLY","bets",8,0.409267845864532,0.875,1,2.6589724855428,0.0600000000000023
"N1152","QUARTERLY","ets",8,0.587977148228189,0.625,0.875,2.21631335616858,0.019999999999996
"N1153","QUARTERLY","bets",8,0.778712449839605,0.75,1,5.41434535495495,0.0699999999999932
"N1153","QUARTERLY","ets",8,0.943940091258809,0.625,0.75,7.78317149928091,0.0300000000000011
"N1154","QUARTERLY","bets",8,0.300751517642159,0.625,0.875,1.83089839217538,0.0499999999999972
"N1154","QUARTERLY","ets",8,0.276831679186575,0.75,0.75,4.35294897739338,0.0300000000000011
"N1155","QUARTERLY","bets",8,2.0066845759589,0.25,0.875,5.8163207721348,0.0400000000000063
"N1155","QUARTERLY","ets",8,1.85772073784194,0.25,0.375,17.2329280889697,0.0299999999999869
"N1156","QUARTERLY","bets",8,2.10454584596028,0.375,0.75,15.0755399335228,0.0499999999999972
"N1156","QUARTERLY","ets",8,2.0827569126116,0.625,0.75,15.6235151755201,0.0300000000000011
"N1157","QUARTERLY","bets",8,0.407439668826837,1,1,4.13814763253639,0.0500000000000114
"N1157","QUARTERLY","ets",8,0.414486937505955,1,1,2.49261019496669,0.0300000000000011
"N1158","QUARTERLY","bets",8,1.17723480499793,0.625,0.875,7.1300174068367,0.0799999999999983
"N1158","QUARTERLY","ets",8,1.89556534486715,0.5,1,8.24446921213337,0
"N1159","QUARTERLY","bets",8,0.610872941347569,1,1,7.88116884274857,0.0600000000000023
"N1159","QUARTERLY","ets",8,1.15028244397982,0.875,1,6.64931194898246,0.00999999999999091
"N1160","QUARTERLY","bets",8,0.16326795790958,1,1,1.66849927230714,0.0800000000000125
"N1160","QUARTERLY","ets",8,0.241785901024778,0.5,0.5,3.93232330787446,0.0300000000000011
"N1161","QUARTERLY","bets",8,0.310684335446001,1,1,2.29598323254832,0.0699999999999932
"N1161","QUARTERLY","ets",8,0.640017490744361,0.25,0.375,8.79435067045461,0.0300000000000011
"N1162","QUARTERLY","bets",8,0.130499339305335,1,1,1.71840679741016,0.0600000000000023
"N1162","QUARTERLY","ets",8,0.129882816273613,0.875,1,0.667349150169868,0.0300000000000011
"N1163","QUARTERLY","bets",8,0.462665780874147,1,1,6.05235846738612,0.0499999999999972
"N1163","QUARTERLY","ets",8,0.445884703605566,1,1,3.64159453300723,0.0300000000000011
"N1164","QUARTERLY","bets",8,0.414284105107381,1,1,6.0461850715971,0.180000000000007
"N1164","QUARTERLY","ets",8,0.394271948608137,1,1,3.8559337081767,0.0100000000000051
"N1165","QUARTERLY","bets",8,0.59336220553514,0.75,1,2.88067276830239,0.039999999999992
"N1165","QUARTERLY","ets",8,0.574866182841316,0.625,0.625,4.77893522637233,0.0200000000000102
"N1166","QUARTERLY","bets",8,0.444942921286556,1,1,2.1719136968553,0.0400000000000063
"N1166","QUARTERLY","ets",8,0.376058847576602,1,1,2.88563583197506,0.0299999999999869
"N1167","QUARTERLY","bets",8,0.920417730720129,0.75,0.875,4.4690473873468,0.0500000000000114
"N1167","QUARTERLY","ets",8,0.884249457054018,0.875,1,5.66709779440716,0.0499999999999972
"N1168","QUARTERLY","bets",8,0.304872758777795,0.625,0.875,1.38118543336337,0.039999999999992
"N1168","QUARTERLY","ets",8,0.276831679186575,0.75,0.75,4.35294897739338,0.0400000000000063
"N1169","QUARTERLY","bets",8,0.634020859005024,0.75,1,3.16394820263024,0.0499999999999972
"N1169","QUARTERLY","ets",8,0.689461880512201,0.75,0.75,3.92555940295523,0.00999999999999091
"N1170","QUARTERLY","bets",8,0.262182064815984,0.75,1,1.2174940396939,0.0499999999999972
"N1170","QUARTERLY","ets",8,0.298119853230721,0.375,0.625,3.71091036272825,0.0300000000000011
"N1171","QUARTERLY","bets",8,2.26631367077559,0.375,0.625,18.6919384214404,0.0600000000000023
"N1171","QUARTERLY","ets",8,2.21491162937646,0.375,0.625,12.2977384704219,0.019999999999996
"N1172","QUARTERLY","bets",8,0.300064094408673,0.75,0.875,1.70257545110231,0.0499999999999972
"N1172","QUARTERLY","ets",8,0.276831679186575,0.75,0.75,4.35294897739338,0.0300000000000011
"N1173","QUARTERLY","bets",8,0.493462021328335,0.875,1,4.66819855109575,0.0600000000000023
"N1173","QUARTERLY","ets",8,1.00337674484307,0.875,0.875,6.45115591682828,0.0300000000000011
"N1174","QUARTERLY","bets",8,0.226701877704775,1,1,5.9383065109632,0.0499999999999972
"N1174","QUARTERLY","ets",8,0.943579040252064,1,1,6.44623334512309,0.0300000000000011
"N1175","QUARTERLY","bets",8,0.556331010498212,1,1,8.26511681343449,0.0599999999999881
"N1175","QUARTERLY","ets",8,1.15028244397982,0.875,1,6.64931194898246,0.0200000000000102
"N1176","QUARTERLY","bets",8,2.16218330295673,0.625,0.875,10.1993008804789,0.0400000000000063
"N1176","QUARTERLY","ets",8,1.38673622758897,1,1,8.04951765427869,0.019999999999996
"N1177","QUARTERLY","bets",8,1.64120694697547,0.5,0.875,8.03187610192958,0.0499999999999972
"N1177","QUARTERLY","ets",8,1.00764562513978,1,1,7.42419046440203,0.019999999999996
"N1178","QUARTERLY","bets",8,1.52819291691561,0.75,0.875,10.0376701545807,0.0499999999999972
"N1178","QUARTERLY","ets",8,1.47446332559911,0.75,0.75,16.0006361228483,0.0300000000000011
"N1179","QUARTERLY","bets",8,1.54770790272142,0.75,0.75,9.79381092480299,0.0600000000000023
"N1179","QUARTERLY","ets",8,1.45423135018991,0.75,0.75,6.31967526938516,0.0300000000000011
"N1180","QUARTERLY","bets",8,1.23414574307904,0.75,1,6.80515873502247,0.0499999999999972
"N1180","QUARTERLY","ets",8,1.07155074116306,0.75,0.875,5.43654850044698,0.0300000000000011
"N1181","QUARTERLY","bets",8,1.97693739965375,0.625,0.75,11.633132665614,0.0599999999999881
"N1181","QUARTERLY","ets",8,2.0827569126116,0.625,0.75,15.6235151755201,0.0500000000000114
"N1182","QUARTERLY","bets",8,2.7376068763064,0.375,1,8.10906447364898,0.0600000000000023
"N1182","QUARTERLY","ets",8,3.65095584756882,0.125,0.5,21.6488947659234,0.0300000000000011
"N1183","QUARTERLY","bets",8,0.634827575432601,0.875,0.875,4.22414934884213,0.0600000000000023
"N1183","QUARTERLY","ets",8,1.80579230193119,0.375,0.75,7.18484702201136,0.0300000000000011
"N1184","QUARTERLY","bets",8,0.162711360491621,1,1,1.67356988731305,0.0600000000000023
"N1184","QUARTERLY","ets",8,0.200626389015535,1,1,1.81702475810439,0.0300000000000011
"N1185","QUARTERLY","bets",8,0.457557574383109,0.75,1,2.23506426335734,0.0699999999999932
"N1185","QUARTERLY","ets",8,0.403968112287857,0.5,0.5,2.80040611882896,0.0100000000000051
"N1186","QUARTERLY","bets",8,0.338687891830792,1,1,1.92529188793314,0.0600000000000023
"N1186","QUARTERLY","ets",8,0.23506037004098,0.875,0.875,1.14559325345841,0.0300000000000011
"N1187","QUARTERLY","bets",8,2.41235161934658,0.125,0.375,17.9740971617456,0.0600000000000023
"N1187","QUARTERLY","ets",8,2.46585973642665,0.125,0.25,37.0940300506213,0.019999999999996
"N1188","QUARTERLY","bets",8,2.02419988166037,0.25,0.75,6.06451540103942,0.0500000000000114
"N1188","QUARTERLY","ets",8,1.85772073784194,0.25,0.375,17.2329280889697,0.0300000000000011
"N1189","QUARTERLY","bets",8,0.926343706627278,0.5,0.875,3.83689315617944,0.0499999999999972
"N1189","QUARTERLY","ets",8,1.79175377717521,0.625,1,6.72453835115516,0.0100000000000051
"N1190","QUARTERLY","bets",8,0.700756606272136,0.625,0.875,3.42865278345196,0.0400000000000063
"N1190","QUARTERLY","ets",8,0.492311801129198,0.625,0.875,1.77618022113904,0.0299999999999869
"N1191","QUARTERLY","bets",8,2.55739048410287,0.125,0.375,19.7925203472689,0.0600000000000023
"N1191","QUARTERLY","ets",8,2.99802483606179,0.375,0.5,41.7340018069545,0.0299999999999869
"N1192","QUARTERLY","bets",8,0.457850968815162,0.875,1,2.73519008043312,0.0700000000000074
"N1192","QUARTERLY","ets",8,0.234411405919467,1,1,2.58946551515442,0.0300000000000011
"N1193","QUARTERLY","bets",8,0.338964444616425,0.875,1,1.93335994601208,0.0600000000000023
"N1193","QUARTERLY","ets",8,0.23506037004098,0.875,0.875,1.14559325345841,0.0300000000000011
"N1194","QUARTERLY","bets",8,1.99764703064133,0.25,0.875,5.00630482613427,0.0599999999999881
"N1194","QUARTERLY","ets",8,1.85772073784194,0.25,0.375,17.2329280889697,0.0400000000000063
"N1195","QUARTERLY","bets",8,0.649253203395771,0.875,0.875,4.48287814919141,0.0600000000000023
"N1195","QUARTERLY","ets",8,0.746329345228624,0.625,0.875,4.50909233949279,0.0299999999999869
"N1196","QUARTERLY","bets",8,2.08748630041541,0.125,0.25,20.9133220600931,0.0800000000000125
"N1196","QUARTERLY","ets",8,2.26668651050646,0.125,0.125,39.4541375678353,0.0499999999999972
"N1197","QUARTERLY","bets",8,0.26913735833315,1,1,5.51147634514946,0.0600000000000023
"N1197","QUARTERLY","ets",8,0.449462869144802,1,1,5.29803862375613,0.0300000000000011
"N1198","QUARTERLY","bets",8,0.986544462540687,0.875,1,5.82750145378167,0.0600000000000023
"N1198","QUARTERLY","ets",8,1.11600903364968,0.875,1,5.1905780682703,0.0300000000000011
"N1199","QUARTERLY","bets",8,0.323502927228224,1,1,2.28041441374349,0.0699999999999932
"N1199","QUARTERLY","ets",8,0.569469250427721,0.5,0.875,1.95560816466095,0.0300000000000011
"N1200","QUARTERLY","bets",8,0.272618153220984,1,1,2.8975824645756,0.0400000000000063
"N1200","QUARTERLY","ets",8,0.30396370397494,1,1,2.18057473478363,0.0699999999999932
"N1201","QUARTERLY","bets",8,1.94432941520948,0.125,0.25,19.0424769719319,0.0600000000000023
"N1201","QUARTERLY","ets",8,2.11875811335687,0.125,0.125,37.2875369712889,0.0499999999999972
"N1202","QUARTERLY","bets",8,0.215231453259271,0.875,1,4.66510149197417,0.0600000000000023
"N1202","QUARTERLY","ets",8,0.270634790501959,1,1,4.35811639280825,0.0300000000000011
"N1203","QUARTERLY","bets",8,0.30478138295986,1,1,5.53519714172861,0.0500000000000114
"N1203","QUARTERLY","ets",8,1.71742173286694,0,0.875,5.48913486310492,0.0499999999999972
"N1204","QUARTERLY","bets",8,0.713274775861072,0.5,0.75,4.25789776269029,0.0600000000000023
"N1204","QUARTERLY","ets",8,0.683645546720733,0.5,0.75,6.37441971558466,0.0499999999999972
"N1205","QUARTERLY","bets",8,0.169126967250328,1,1,3.38804224432676,0.0600000000000023
"N1205","QUARTERLY","ets",8,0.41064856138188,1,1,3.32325569565194,0.0300000000000011
"N1206","QUARTERLY","bets",8,0.878463160494739,0.875,1,5.27388266155435,0.039999999999992
"N1206","QUARTERLY","ets",8,1.21374966503162,0.625,1,4.25736763617005,0.0400000000000063
"N1207","QUARTERLY","bets",8,0.438367801361428,1,1,6.53225772803725,0.0499999999999972
"N1207","QUARTERLY","ets",8,0.203845644747224,1,1,5.66990936115507,0.039999999999992
"N1208","QUARTERLY","bets",8,0.527639429990728,1,1,6.08278280177524,0.0700000000000074
"N1208","QUARTERLY","ets",8,0.427099015902922,1,1,3.84606243555108,0.039999999999992
"N1209","QUARTERLY","bets",8,1.17021226012236,1,1,7.02942227530607,0.0500000000000114
"N1209","QUARTERLY","ets",8,1.10680580162396,1,1,7.28521076644236,0.0499999999999972
"N1210","QUARTERLY","bets",8,0.504174843861423,1,1,3.90288488181837,0.039999999999992
"N1210","QUARTERLY","ets",8,0.536993207011621,1,1,3.41432662978196,0.0500000000000114
"N1211","QUARTERLY","bets",8,0.519490644774929,0.75,0.75,5.7103139595723,0.0600000000000023
"N1211","QUARTERLY","ets",8,0.517675305905002,0.75,0.75,4.01618677854684,0.0499999999999972
"N1212","QUARTERLY","bets",8,1.83576653677677,0.5,0.625,19.9595346410624,0.0600000000000023
"N1212","QUARTERLY","ets",8,1.87690870968984,0.375,0.5,20.7027073149076,0.0300000000000011
"N1213","QUARTERLY","bets",8,1.42857258280019,0,0.25,15.4861235627495,0.0600000000000023
"N1213","QUARTERLY","ets",8,1.73728380382925,0,0.125,24.8926136621036,0.0300000000000011
"N1214","QUARTERLY","bets",8,2.62934409982092,0.125,0.75,28.5597266258035,0.0600000000000023
"N1214","QUARTERLY","ets",8,1.61604396004377,0.625,0.75,23.8677143944397,0.0300000000000011
"N1215","QUARTERLY","bets",8,0.408108672375668,0.75,1,1.56922334534853,0.0499999999999972
"N1215","QUARTERLY","ets",8,0.450060547655518,0.75,1,1.60063994004438,0.0400000000000063
"N1216","QUARTERLY","bets",8,1.71093782767564,0.75,0.75,19.64168606063,0.0699999999999932
"N1216","QUARTERLY","ets",8,1.6451004217408,0.75,0.75,19.9377878050393,0.0300000000000011
"N1217","QUARTERLY","bets",8,1.40002895608636,0,0.25,14.8924262137182,0.0600000000000023
"N1217","QUARTERLY","ets",8,1.73728380382925,0,0.125,24.8926136621036,0.0499999999999972
"N1218","QUARTERLY","bets",8,0.169695533857704,1,1,3.73910834595187,0.0900000000000034
"N1218","QUARTERLY","ets",8,0.169244443674139,1,1,2.85736260537648,0.0499999999999972
"N1219","QUARTERLY","bets",8,2.04245261901722,0.125,0.5,8.66230202383888,0.0599999999999881
"N1219","QUARTERLY","ets",8,2.24062246600762,0.125,0.25,23.9032865390635,0.0200000000000102
"N1220","QUARTERLY","bets",8,2.57910035596654,0.25,0.875,10.1219547738871,0.0600000000000023
"N1220","QUARTERLY","ets",8,3.06555618259646,0.25,0.25,48.4873946251976,0.0300000000000011
"N1221","QUARTERLY","bets",8,2.75841331637824,0.125,0.125,47.5317841474096,0.0600000000000023
"N1221","QUARTERLY","ets",8,2.84139683499814,0.125,0.125,64.1104811462349,0.0300000000000011
"N1222","QUARTERLY","bets",8,2.11259151546534,0.125,0.25,20.2643356901874,0.0700000000000074
"N1222","QUARTERLY","ets",8,2.26668651050646,0.125,0.125,39.4541375678353,0.039999999999992
"N1223","QUARTERLY","bets",8,2.69350430463918,0.125,0.625,10.3349763664497,0.0499999999999972
"N1223","QUARTERLY","ets",8,3.29633947212672,0.125,0.125,36.8307600049857,0.0300000000000011
"N1224","QUARTERLY","bets",8,2.38314981618799,0.125,0.25,29.9672266707928,0.0600000000000023
"N1224","QUARTERLY","ets",8,2.53907155836645,0.125,0.125,39.7467274919995,0.0300000000000011
"N1225","QUARTERLY","bets",8,2.51761664470137,0.25,0.375,27.2480672132711,0.0600000000000023
"N1225","QUARTERLY","ets",8,2.52249645004967,0.25,0.375,27.2711279926456,0.019999999999996
"N1226","QUARTERLY","bets",8,2.54893792043482,0.125,0.125,47.8876793335936,0.0600000000000023
"N1226","QUARTERLY","ets",8,2.64933610252641,0.125,0.125,60.3102695888316,0.019999999999996
"N1227","QUARTERLY","bets",8,1.94237069163071,0.125,0.25,18.4220582730019,0.0799999999999983
"N1227","QUARTERLY","ets",8,2.11875811335687,0.125,0.125,37.2875369712889,0.0300000000000011
"N1228","QUARTERLY","bets",8,2.84554004451508,0.125,0.5,14.506017859472,0.0500000000000114
"N1228","QUARTERLY","ets",8,2.43586532823224,0.125,0.5,15.5295780618976,0.0300000000000011
"N1229","QUARTERLY","bets",8,2.00245964800898,0.125,0.25,26.8980837676714,0.0600000000000023
"N1229","QUARTERLY","ets",8,2.15623477564066,0.125,0.125,31.0077401624994,0.0300000000000011
"N1230","QUARTERLY","bets",8,2.9539659011068,0,0.875,7.31553904585342,0.0599999999999881
"N1230","QUARTERLY","ets",8,4.09605175773778,0,0.25,15.9629573401172,0.0400000000000063
"N1231","QUARTERLY","bets",8,0.832601666931031,0.75,1,3.60959721085078,0.0700000000000074
"N1231","QUARTERLY","ets",8,0.640335804837106,0.875,1,4.12842659121032,0.0299999999999869
"N1232","QUARTERLY","bets",8,1.49555023246449,0.75,1,5.48196836052453,0.0799999999999983
"N1232","QUARTERLY","ets",8,0.564857960548409,1,1,3.36292393722102,0.0300000000000011
"N1233","QUARTERLY","bets",8,1.44391147832259,0.25,0.875,3.62724130709229,0.0900000000000034
"N1233","QUARTERLY","ets",8,1.39752316989273,0.25,0.75,4.16505230379903,0.0499999999999972
"N1234","QUARTERLY","bets",8,1.35671963020784,0.25,0.875,3.87701063869561,0.0699999999999932
"N1234","QUARTERLY","ets",8,1.54642404363411,0.125,0.625,5.45866773934776,0.0400000000000063
"N1235","QUARTERLY","bets",8,3.01304116283284,0.125,1,7.68892454183141,0.0700000000000074
"N1235","QUARTERLY","ets",8,0.788271727625013,0.75,1,4.0662108790218,0.0299999999999869
"N1236","QUARTERLY","bets",8,1.41971857004211,0.125,0.625,6.03680225195484,0.0600000000000023
"N1236","QUARTERLY","ets",8,1.23931633377292,0.5,0.75,4.45025372964162,0.0499999999999972
"N1237","QUARTERLY","bets",8,3.71681931571337,0,0,46.4970510390696,0.0600000000000023
"N1237","QUARTERLY","ets",8,3.28775845509952,0,0,27.1512432497478,0.0100000000000051
"N1238","QUARTERLY","bets",8,1.62008523399989,0,1,4.86671609746052,0.0600000000000023
"N1238","QUARTERLY","ets",8,2.09695603622225,0,1,6.07364107251475,0.0300000000000011
"N1239","QUARTERLY","bets",8,0.725964507025767,1,1,3.79921477739823,0.0799999999999983
"N1239","QUARTERLY","ets",8,0.606271737932688,1,1,4.00415175069979,0.0300000000000011
"N1240","QUARTERLY","bets",8,0.859896562333729,1,1,5.2247267246281,0.0600000000000023
"N1240","QUARTERLY","ets",8,0.662218054719107,1,1,4.00650338536858,0.019999999999996
"N1241","QUARTERLY","bets",8,1.4980058429337,0.75,1,5.30422067942693,0.0599999999999881
"N1241","QUARTERLY","ets",8,1.0972534980053,1,1,4.52301933850217,0.0400000000000063
"N1242","QUARTERLY","bets",8,0.427955510760061,1,1,4.3942995218823,0.0600000000000023
"N1242","QUARTERLY","ets",8,0.647532851213757,0.875,1,3.1135618913283,0.0299999999999869
"N1243","QUARTERLY","bets",8,0.235772506355921,1,1,2.94942933678845,0.0700000000000074
"N1243","QUARTERLY","ets",8,0.3432289522924,0.875,1,2.0003036898626,0.0300000000000011
"N1244","QUARTERLY","bets",8,0.442138326686395,1,1,4.7917811816813,0.0600000000000023
"N1244","QUARTERLY","ets",8,0.567869999760421,0.75,1,3.40495392243898,0.0300000000000011
"N1245","QUARTERLY","bets",8,1.00437610559559,1,1,6.03340976588799,0.0600000000000023
"N1245","QUARTERLY","ets",8,1.25539662880533,1,1,7.6842176280223,0.0300000000000011
"N1246","QUARTERLY","bets",8,0.97492246491246,0.875,1,4.66722647040718,0.039999999999992
"N1246","QUARTERLY","ets",8,0.684074524062147,0.75,1,4.05701784593496,0.0500000000000114
"N1247","QUARTERLY","bets",8,1.5126885504942,0.5,1,4.97185958222438,0.0600000000000023
"N1247","QUARTERLY","ets",8,1.29622099373244,0.625,1,4.35971523826656,0.0299999999999869
"N1248","QUARTERLY","bets",8,0.70979471472186,1,1,4.8803296409933,0.0700000000000074
"N1248","QUARTERLY","ets",8,0.710869043346188,1,1,4.57484196608338,0.0100000000000051
"N1249","QUARTERLY","bets",8,0.410644826222811,0.875,1,4.37871546153003,0.0499999999999972
"N1249","QUARTERLY","ets",8,0.449098965117469,0.875,1,4.26573822227044,0.0400000000000063
"N1250","QUARTERLY","bets",8,0.970296425323664,0.75,0.875,7.89238319432599,0.0599999999999881
"N1250","QUARTERLY","ets",8,0.831544771218648,0.875,0.875,6.77048559823704,0.0400000000000063
"N1251","QUARTERLY","bets",8,1.96223102263952,0.75,1,7.45922063439737,0.0600000000000023
"N1251","QUARTERLY","ets",8,0.948793219717281,0.875,1,4.40843356623597,0.0300000000000011
"N1252","QUARTERLY","bets",8,2.99744444287538,0,0.75,8.92230221157818,0.0400000000000063
"N1252","QUARTERLY","ets",8,4.09605175773778,0,0.25,15.9629573401172,0.0499999999999972
"N1253","QUARTERLY","bets",8,3.77975869124916,0,0.125,21.564398911502,0.0499999999999972
"N1253","QUARTERLY","ets",8,3.17027486388755,0,0.75,7.44331848516752,0.0400000000000063
"N1254","QUARTERLY","bets",8,0.171796002560014,1,1,5.94025927707985,0.0699999999999932
"N1254","QUARTERLY","ets",8,0.326733483859243,1,1,5.58538388377364,0.0300000000000011
"N1255","QUARTERLY","bets",8,1.884968602705,0.5,1,6.18754592295249,0.0499999999999972
"N1255","QUARTERLY","ets",8,0.757584696401031,0.75,1,3.49252218347464,0.0300000000000011
"N1256","QUARTERLY","bets",8,3.07315082692495,0.125,1,7.39850818995119,0.0600000000000023
"N1256","QUARTERLY","ets",8,0.788271727625013,0.75,1,4.0662108790218,0.0300000000000011
"N1257","QUARTERLY","bets",8,2.85213915637038,0,1,8.17448210748399,0.0600000000000023
"N1257","QUARTERLY","ets",8,4.19390986811001,0.25,1,12.1009876138605,0.0300000000000011
"N1258","QUARTERLY","bets",8,0.168006498306338,1,1,6.56648715710029,0.0600000000000023
"N1258","QUARTERLY","ets",8,1.35970008721915,0.125,1,3.59115813321641,0.0300000000000011
"N1259","QUARTERLY","bets",8,2.78120613292941,0.375,0.75,7.83166047212829,0.0699999999999932
"N1259","QUARTERLY","ets",8,1.31615279910972,0.5,0.75,6.90662735899322,0.0300000000000011
"N1260","QUARTERLY","bets",8,1.6861832339595,0.375,1,5.06864416016809,0.0699999999999932
"N1260","QUARTERLY","ets",8,1.54268291550644,0.375,0.875,4.45238325976415,0.0400000000000063
"N1261","QUARTERLY","bets",8,1.46736088746753,0.625,1,5.10459089249655,0.0600000000000023
"N1261","QUARTERLY","ets",8,0.836459954775825,1,1,4.51805260634682,0.0300000000000011
"N1262","QUARTERLY","bets",8,1.50117454632801,0.125,1,4.08479299398951,0.0799999999999983
"N1262","QUARTERLY","ets",8,1.65825349637555,0.125,0.875,4.141591073504,0.0100000000000051
"N1263","QUARTERLY","bets",8,0.707993849844318,1,1,4.78676841467808,0.0499999999999972
"N1263","QUARTERLY","ets",8,0.575809899329512,0.875,1,2.90256598919597,0.0300000000000011
"N1264","QUARTERLY","bets",8,0.852612804218146,0.875,1,5.36289234589643,0.0699999999999932
"N1264","QUARTERLY","ets",8,0.644444866748883,0.75,1,3.04623037728804,0.0300000000000011
"N1265","QUARTERLY","bets",8,1.66822374786526,0.125,1,4.66469456534925,0.0699999999999932
"N1265","QUARTERLY","ets",8,1.21224826434265,0.5,1,3.79294209617965,0.0400000000000063
"N1266","QUARTERLY","bets",8,0.894499422085027,0.875,1,3.80325118293123,0.0599999999999881
"N1266","QUARTERLY","ets",8,0.152505763581677,1,1,2.46052618505386,0.0400000000000063
"N1267","QUARTERLY","bets",8,1.40232805702958,1,1,6.02776952764984,0.0499999999999972
"N1267","QUARTERLY","ets",8,0.487125275055649,1,1,4.97933658172363,0.0300000000000011
"N1268","QUARTERLY","bets",8,1.82345768233608,0.125,0.25,17.2713111310451,0.0700000000000074
"N1268","QUARTERLY","ets",8,1.82672665345358,0.125,0.375,10.190232790652,0.0300000000000011
"N1269","QUARTERLY","bets",8,0.104736521765407,1,1,5.79473617491763,0.0600000000000023
"N1269","QUARTERLY","ets",8,0.0862724001204769,1,1,7.09090775692134,0.0300000000000011
"N1270","QUARTERLY","bets",8,0.175502023573419,1,1,2.63830864492176,0.039999999999992
"N1270","QUARTERLY","ets",8,0.23892559587677,1,1,2.69401861644489,0.0500000000000114
"N1271","QUARTERLY","bets",8,0.140303617722092,1,1,7.60176828868742,0.0499999999999972
"N1271","QUARTERLY","ets",8,0.0803859968303496,1,1,5.25705106390819,0.0300000000000011
"N1272","QUARTERLY","bets",8,1.89434622057773,0.125,1,6.39439624804825,0.0600000000000023
"N1272","QUARTERLY","ets",8,1.98686347054693,0,0.5,6.31333476927207,0.0300000000000011
"N1273","QUARTERLY","bets",8,0.546411475500424,0.5,1,1.76172374704667,0.0799999999999983
"N1273","QUARTERLY","ets",8,0.410542721995833,0.75,1,1.2890240459124,0.0300000000000011
"N1274","QUARTERLY","bets",8,1.02932378135138,0.625,1,5.55036297995705,0.0799999999999983
"N1274","QUARTERLY","ets",8,1.11932139488197,0.875,0.875,5.47452295267088,0.0300000000000011
"N1275","QUARTERLY","bets",8,1.09708109345457,0.875,1,5.43096750845701,0.0699999999999932
"N1275","QUARTERLY","ets",8,1.06671423228679,0.75,0.875,6.1027356174059,0.0300000000000011
"N1276","QUARTERLY","bets",8,1.12099431349636,1,1,6.18177682951917,0.0799999999999983
"N1276","QUARTERLY","ets",8,0.404615008197226,1,1,4.71808085338976,0.0300000000000011
"N1277","QUARTERLY","bets",8,1.17926473457657,0.75,1,5.70974657586919,0.0600000000000023
"N1277","QUARTERLY","ets",8,1.31224086574993,0.75,1,5.69452102760556,0.0499999999999972
"N1278","QUARTERLY","bets",8,1.87196707262386,0.375,0.875,6.94262826883527,0.0599999999999881
"N1278","QUARTERLY","ets",8,1.84097856896079,0.25,0.875,6.73169165741584,0.0400000000000063
"N1279","QUARTERLY","bets",8,0.800157521552721,1,1,5.33736610294966,0.0700000000000074
"N1279","QUARTERLY","ets",8,0.903065550448995,1,1,5.58762828939061,0.019999999999996
"N1280","QUARTERLY","bets",8,1.42255944799505,0.75,0.875,17.525254286061,0.0700000000000074
"N1280","QUARTERLY","ets",8,1.53717710616685,0.625,0.875,16.8984440445406,0.0300000000000011
"N1281","QUARTERLY","bets",8,1.1625417835008,0.875,1,5.99692691813722,0.0700000000000074
"N1281","QUARTERLY","ets",8,0.408155285815617,1,1,5.05688955025805,0.0300000000000011
"N1282","QUARTERLY","bets",8,1.21443402407831,0.625,1,4.39726065431197,0.0799999999999983
"N1282","QUARTERLY","ets",8,1.20691514964216,0.75,1,4.55574608610605,0.0499999999999972
"N1283","QUARTERLY","bets",8,0.764562166811368,1,1,6.29963889464741,0.0700000000000074
"N1283","QUARTERLY","ets",8,0.499045992898281,1,1,5.41460368636277,0.0300000000000011
"N1284","QUARTERLY","bets",8,0.328116128324161,1,1,4.65337389716286,0.0600000000000023
"N1284","QUARTERLY","ets",8,0.278657070439214,1,1,4.74622141600904,0.0300000000000011
"N1285","QUARTERLY","bets",8,0.788554690850404,1,1,4.81270696333806,0.0600000000000023
"N1285","QUARTERLY","ets",8,0.765195360508998,1,1,5.42954378233388,0.0300000000000011
"N1286","QUARTERLY","bets",8,0.718770467966266,1,1,6.17203485420023,0.0400000000000063
"N1286","QUARTERLY","ets",8,0.376174377754052,1,1,4.57047658241415,0.0499999999999972
"N1287","QUARTERLY","bets",8,0.312534935805715,1,1,5.67751877961559,0.0799999999999983
"N1287","QUARTERLY","ets",8,0.439244937548261,1,1,5.58312758026667,0.00999999999999091
"N1288","QUARTERLY","bets",8,1.02817999697787,1,1,5.25668230806438,0.0600000000000023
"N1288","QUARTERLY","ets",8,0.947414682663008,1,1,4.95845468160275,0.019999999999996
"N1289","QUARTERLY","bets",8,0.923062869335989,0.875,1,4.38853650233239,0.0699999999999932
"N1289","QUARTERLY","ets",8,0.825648000068562,0.875,1,4.05010140999601,0.0100000000000051
"N1290","QUARTERLY","bets",8,1.2002159279908,0.625,1,4.88912598390318,0.039999999999992
"N1290","QUARTERLY","ets",8,1.13881386004289,0.75,1,4.63442843451686,0.0400000000000063
"N1291","QUARTERLY","bets",8,0.362396573469342,1,1,5.0298794050718,0.0700000000000074
"N1291","QUARTERLY","ets",8,0.817948105772881,1,1,5.17075412846809,0.0299999999999869
"N1292","QUARTERLY","bets",8,1.12845517687299,0.75,1,4.68998120168827,0.0500000000000114
"N1292","QUARTERLY","ets",8,1.037228535902,0.75,1,4.58926809432872,0.0300000000000011
"N1293","QUARTERLY","bets",8,1.9063960203268,0.5,1,5.38772544121577,0.0799999999999983
"N1293","QUARTERLY","ets",8,1.29794288499908,0.5,0.875,4.03722964526124,0.0300000000000011
"N1294","QUARTERLY","bets",8,0.925350754270299,0.875,1,4.42157433191888,0.0599999999999881
"N1294","QUARTERLY","ets",8,0.930531237242198,1,1,4.57931872871212,0.0200000000000102
"N1295","QUARTERLY","bets",8,0.92461629457884,0.875,1,4.7954201180105,0.0600000000000023
"N1295","QUARTERLY","ets",8,0.947294971015455,0.875,1,4.67660054731071,0.0300000000000011
"N1296","QUARTERLY","bets",8,0.322498512083457,1,1,5.25990597594378,0.0499999999999972
"N1296","QUARTERLY","ets",8,0.219929400094904,1,1,4.96301270644938,0.0300000000000011
"N1297","QUARTERLY","bets",8,0.858855959420223,1,1,4.98298220007495,0.109999999999999
"N1297","QUARTERLY","ets",8,0.773336093128176,1,1,4.97110826305968,0.0300000000000011
"N1298","QUARTERLY","bets",8,0.174552407049314,1,1,4.91417190426011,0.0500000000000114
"N1298","QUARTERLY","ets",8,0.212515495919845,1,1,4.64810450538852,0.0300000000000011
"N1299","QUARTERLY","bets",8,0.591688958677591,1,1,6.38757191108564,0.0799999999999983
"N1299","QUARTERLY","ets",8,1.27221873359208,0.875,0.875,9.41533049609078,0.0300000000000011
"N1300","QUARTERLY","bets",8,0.957017945129578,0.875,1,4.5091517791327,0.039999999999992
"N1300","QUARTERLY","ets",8,0.959147802013091,0.875,1,4.6521361997648,0.0400000000000063
"N1301","QUARTERLY","bets",8,1.14424564101354,1,1,5.88799396773345,0.0600000000000023
"N1301","QUARTERLY","ets",8,1.46379164432225,0.5,0.875,4.64000566219669,0.0299999999999869
"N1302","QUARTERLY","bets",8,0.869136742461357,1,1,4.61626843843507,0.0700000000000074
"N1302","QUARTERLY","ets",8,0.846698273056034,1,1,5.13990576867033,0.0300000000000011
"N1303","QUARTERLY","bets",8,0.921304679846682,1,1,6.31435230981015,0.0600000000000023
"N1303","QUARTERLY","ets",8,0.741588934139785,1,1,4.99829401761191,0.0300000000000011
"N1304","QUARTERLY","bets",8,2.52390549968181,0.375,0.75,11.0337929108458,0.0599999999999881
"N1304","QUARTERLY","ets",8,3.02247349263975,0.25,0.375,38.8776782793909,0.0400000000000063
"N1305","QUARTERLY","bets",8,0.945771355079926,0.875,1,4.92598560028107,0.0799999999999983
"N1305","QUARTERLY","ets",8,0.983961858067091,1,1,5.26484143966834,0.0300000000000011
"N1306","QUARTERLY","bets",8,1.65558577219191,0.625,1,6.88169633049234,0.0600000000000023
"N1306","QUARTERLY","ets",8,0.882501318234523,0.75,1,4.01074879337089,0.0300000000000011
"N1307","QUARTERLY","bets",8,0.85420227818669,0.875,1,6.87741202989283,0.0600000000000023
"N1307","QUARTERLY","ets",8,0.699962399511955,0.75,1,6.91720311034143,0.0499999999999972
"N1308","QUARTERLY","bets",8,0.615125878519156,0.625,1,5.04328947031486,0.0600000000000023
"N1308","QUARTERLY","ets",8,0.601984146156754,0.625,1,5.18483487300164,0.0100000000000051
"N1309","QUARTERLY","bets",8,1.60688227879742,0.5,1,5.82710786321721,0.0600000000000023
"N1309","QUARTERLY","ets",8,0.985264195656659,0.5,1,3.63721952088411,0.0300000000000011
"N1310","QUARTERLY","bets",8,1.03432233478027,1,1,6.13048496982303,0.0600000000000023
"N1310","QUARTERLY","ets",8,0.785075276338692,1,1,4.34712784100462,0.019999999999996
"N1311","QUARTERLY","bets",8,1.6009246228921,0.5,1,5.03899222105152,0.0599999999999881
"N1311","QUARTERLY","ets",8,1.20757489467826,0.625,0.875,4.33109444315478,0.0400000000000063
"N1312","QUARTERLY","bets",8,1.55030042906074,0.375,1,4.87819264056362,0.0599999999999881
"N1312","QUARTERLY","ets",8,1.52205610565481,0.375,1,4.52918517175192,0.0200000000000102
"N1313","QUARTERLY","bets",8,1.54098910948743,1,1,7.91694867321374,0.0400000000000063
"N1313","QUARTERLY","ets",8,0.8223166034804,0.75,1,4.61680009149135,0.0300000000000011
"N1314","QUARTERLY","bets",8,2.12428109162776,0.125,0.5,8.69381483103424,0.0600000000000023
"N1314","QUARTERLY","ets",8,2.38649598633335,0.125,0.25,19.4492303695595,0.019999999999996
"N1315","QUARTERLY","bets",8,1.88704525738168,0.625,1,8.10743945198042,0.0499999999999972
"N1315","QUARTERLY","ets",8,1.01723092696931,0.75,1,4.55271908772065,0.0300000000000011
"N1316","QUARTERLY","bets",8,1.14694745219783,0.75,1,5.11208777161824,0.0600000000000023
"N1316","QUARTERLY","ets",8,1.1388546473163,0.875,1,5.00208508268675,0.0299999999999869
"N1317","QUARTERLY","bets",8,0.465496277578261,1,1,5.73446288274508,0.0700000000000074
"N1317","QUARTERLY","ets",8,1.15051225624177,1,1,6.13446856206529,0.0100000000000051
"N1318","QUARTERLY","bets",8,1.33162148016682,0.75,0.875,10.2154649964813,0.0600000000000023
"N1318","QUARTERLY","ets",8,1.32325999732086,0.75,0.875,9.60098179066704,0.0499999999999972
"N1319","QUARTERLY","bets",8,2.24333461728528,0.375,0.5,10.6460940701482,0.0600000000000023
"N1319","QUARTERLY","ets",8,2.73590494307086,0.25,0.5,15.3874295006941,0.0300000000000011
"N1320","QUARTERLY","bets",8,0.712317135061403,1,1,4.3128844609259,0.0599999999999881
"N1320","QUARTERLY","ets",8,0.713990145311656,1,1,4.3119271360321,0.0400000000000063
"N1321","QUARTERLY","bets",8,0.583615730594977,0.875,1,5.56832726610457,0.0600000000000023
"N1321","QUARTERLY","ets",8,0.875852949419471,0.875,1,4.38196830263315,0.0100000000000051
"N1322","QUARTERLY","bets",8,0.759703462063053,1,1,5.87838417030506,0.0600000000000023
"N1322","QUARTERLY","ets",8,1.01715114231899,0.75,1,4.37836742593271,0.0300000000000011
"N1323","QUARTERLY","bets",8,0.518776418798521,1,1,6.65427772825181,0.0699999999999932
"N1323","QUARTERLY","ets",8,0.498888693455284,1,1,4.21380632048236,0.0300000000000011
"N1324","QUARTERLY","bets",8,0.718544452795829,1,1,4.67790000615132,0.0799999999999983
"N1324","QUARTERLY","ets",8,0.625161326348629,1,1,4.34881315120471,0.0300000000000011
"N1325","QUARTERLY","bets",8,1.40961149496831,0.5,1,5.36691197223461,0.0599999999999881
"N1325","QUARTERLY","ets",8,1.47873424196452,0.5,1,5.10422861991098,0.0400000000000063
"N1326","QUARTERLY","bets",8,1.36572081569749,0.625,1,5.13609486849341,0.0600000000000023
"N1326","QUARTERLY","ets",8,0.957564572770023,0.875,1,4.19491619649069,0.0300000000000011
"N1327","QUARTERLY","bets",8,0.841621596682409,1,1,5.75379842815553,0.0700000000000074
"N1327","QUARTERLY","ets",8,0.769576225445438,1,1,4.91049669819604,0.0300000000000011
"N1328","QUARTERLY","bets",8,1.45269725131333,0.5,1,4.5716531057824,0.0600000000000023
"N1328","QUARTERLY","ets",8,1.38231596383485,0.5,1,4.18104252648612,0.0300000000000011
"N1329","QUARTERLY","bets",8,0.6114010180245,1,1,5.47856783992241,0.0600000000000023
"N1329","QUARTERLY","ets",8,0.681918690007316,1,1,5.76033314355167,0.0300000000000011
"N1330","QUARTERLY","bets",8,0.543421216146042,1,1,4.84533349954272,0.0599999999999881
"N1330","QUARTERLY","ets",8,0.519522237306895,1,1,5.04493435990603,0.0500000000000114
"N1331","QUARTERLY","bets",8,0.276767132601121,1,1,4.73900796286491,0.0600000000000023
"N1331","QUARTERLY","ets",8,0.22692229061168,1,1,4.25543940277708,0.0300000000000011
"N1332","QUARTERLY","bets",8,1.26750285294075,1,1,5.81022217029666,0.0600000000000023
"N1332","QUARTERLY","ets",8,1.23709946286678,0.375,0.875,4.18356757602246,0.0299999999999869
"N1333","QUARTERLY","bets",8,0.317980679053208,1,1,5.11883984151058,0.0700000000000074
"N1333","QUARTERLY","ets",8,0.283522612080148,1,1,5.11063539571119,0.0300000000000011
"N1334","QUARTERLY","bets",8,2.22134366901616,0.25,0.5,11.6897227898736,0.0600000000000023
"N1334","QUARTERLY","ets",8,2.17099758623149,0.25,0.75,5.86090841685517,0.0300000000000011
"N1335","QUARTERLY","bets",8,0.274692510006802,1,1,5.88272531556123,0.0599999999999881
"N1335","QUARTERLY","ets",8,0.295126082071111,1,1,9.5235121468689,0.0500000000000114
"N1336","QUARTERLY","bets",8,0.724403774089934,1,1,6.48916746388892,0.0600000000000023
"N1336","QUARTERLY","ets",8,1.75555926758265,0.125,1,4.27074445342251,0.019999999999996
"N1337","QUARTERLY","bets",8,0.193881149006499,1,1,6.14633051212264,0.0799999999999983
"N1337","QUARTERLY","ets",8,0.287047343597556,1,1,5.39402130979794,0.0300000000000011
"N1338","QUARTERLY","bets",8,0.619989153972202,0.875,1,4.64784272840355,0.0799999999999983
"N1338","QUARTERLY","ets",8,0.606078826097678,1,1,4.4416366145418,0.0300000000000011
"N1339","QUARTERLY","bets",8,1.35574346533367,0.625,1,5.88377476446983,0.0900000000000034
"N1339","QUARTERLY","ets",8,1.05886266652087,0.875,1,4.60931326553517,0.0300000000000011
"N1340","QUARTERLY","bets",8,1.5867241168205,0.625,1,5.62765310292633,0.0799999999999983
"N1340","QUARTERLY","ets",8,0.727899738405495,0.75,1,3.91068195435616,0.0300000000000011
"N1341","QUARTERLY","bets",8,0.932732521632099,0.625,0.75,7.27780432230503,0.0799999999999983
"N1341","QUARTERLY","ets",8,0.976922149374857,0.5,0.625,9.80463408504187,0.0300000000000011
"N1342","QUARTERLY","bets",8,0.279046864262666,1,1,7.36027098764766,0.0600000000000023
"N1342","QUARTERLY","ets",8,1.72131118041969,0.125,1,4.41583922473025,0.0300000000000011
"N1343","QUARTERLY","bets",8,0.932198981897939,0.875,1,4.92789141537467,0.0600000000000023
"N1343","QUARTERLY","ets",8,0.727030622627183,1,1,4.31398683799401,0.0300000000000011
"N1344","QUARTERLY","bets",8,0.479912837642557,1,1,5.11958122260434,0.0400000000000063
"N1344","QUARTERLY","ets",8,0.535685931525677,1,1,4.31419132163587,0.0299999999999869
"N1345","QUARTERLY","bets",8,0.120065335839028,1,1,0.721053374950227,0.0800000000000125
"N1345","QUARTERLY","ets",8,0.0559506877070697,1,1,0.784587203652521,0.0300000000000011
"N1346","QUARTERLY","bets",8,0.0923968329232787,1,1,0.688629461697689,0.0499999999999972
"N1346","QUARTERLY","ets",8,0.0246735495176717,1,1,0.664556780479098,0.0400000000000063
"N1347","QUARTERLY","bets",8,0.0809598247102895,1,1,1.23783133916695,0.0799999999999983
"N1347","QUARTERLY","ets",8,0.0699567580640384,0.875,1,1.01507476198648,0.0300000000000011
"N1348","QUARTERLY","bets",8,0.0661995200836045,1,1,1.27344545262787,0.0600000000000023
"N1348","QUARTERLY","ets",8,0.101139595918475,1,1,1.11173341253399,0.0300000000000011
"N1349","QUARTERLY","bets",8,0.369519553760383,0.25,0.625,1.28356565156709,0.0799999999999983
"N1349","QUARTERLY","ets",8,0.396536356768329,0.25,0.25,6.33918704749372,0.0300000000000011
"N1350","QUARTERLY","bets",8,1.21963847591052,0.25,1,3.58205041144664,0.0599999999999881
"N1350","QUARTERLY","ets",8,1.05203370429521,1,1,4.56715567869916,0.0700000000000074
"N1351","QUARTERLY","bets",8,1.66166190840633,0.625,0.625,17.3937366313088,0.0799999999999983
"N1351","QUARTERLY","ets",8,1.3743269656887,0.5,0.625,8.37702103638068,0.0400000000000063
"N1352","QUARTERLY","bets",8,1.33472421231232,0.375,1,4.21877821253263,0.0599999999999881
"N1352","QUARTERLY","ets",8,2.08178544543426,0,0.75,6.2021972713745,0.0400000000000063
"N1353","QUARTERLY","bets",8,0.961838183592649,0.875,1,5.37081569953481,0.0999999999999943
"N1353","QUARTERLY","ets",8,1.13106229753556,0.75,1,4.82924889799307,0.0100000000000051
"N1354","QUARTERLY","bets",8,1.13953235518466,0.875,1,4.94309294631964,0.0600000000000023
"N1354","QUARTERLY","ets",8,0.844027241527323,1,1,4.6645416644062,0.0600000000000023
"N1355","QUARTERLY","bets",8,0.601506840002341,1,1,5.72392567408986,0.0799999999999983
"N1355","QUARTERLY","ets",8,0.86461909242998,1,1,5.6011514337962,0.0499999999999972
"N1356","QUARTERLY","bets",8,0.857222492213302,1,1,4.09730397647337,0.0600000000000023
"N1356","QUARTERLY","ets",8,1.5020000653046,1,1,5.44724215411844,0.0300000000000011
"N1357","QUARTERLY","bets",8,1.59071872288642,0.375,1,4.95970542797455,0.0600000000000023
"N1357","QUARTERLY","ets",8,0.79858123639025,0.875,1,4.32993726209392,0.0499999999999972
"N1358","QUARTERLY","bets",8,1.47319752999849,0.25,1,4.14926080056788,0.0600000000000023
"N1358","QUARTERLY","ets",8,1.36117189266564,0.75,1,4.42967782448163,0.0300000000000011
"N1359","QUARTERLY","bets",8,2.04687221547741,0.125,1,5.76694575328031,0.0800000000000125
"N1359","QUARTERLY","ets",8,1.4834709811264,0.75,1,4.88992794308703,0.0299999999999869
"N1360","QUARTERLY","bets",8,1.55348616642074,0.5,1,5.81890126559357,0.0700000000000074
"N1360","QUARTERLY","ets",8,1.23294148040564,0.75,1,5.55404700866982,0.0400000000000063
"N1361","QUARTERLY","bets",8,2.50856668967998,0,0.125,29.0766177008803,0.0799999999999983
"N1361","QUARTERLY","ets",8,2.82599469554559,0,0,42.2577686815187,0.0499999999999972
"N1362","QUARTERLY","bets",8,1.78756749523996,0.625,1,6.25307828086657,0.0600000000000023
"N1362","QUARTERLY","ets",8,1.97769914804803,0.5,0.875,8.13033903868555,0.0300000000000011
"N1363","QUARTERLY","bets",8,0.432022582287378,1,1,5.88192125479631,0.0999999999999943
"N1363","QUARTERLY","ets",8,0.742117581668918,1,1,5.51319414285182,0.0400000000000063
"N1364","QUARTERLY","bets",8,0.533447343710426,1,1,4.73900495629988,0.0499999999999972
"N1364","QUARTERLY","ets",8,0.550301376489575,0.875,1,4.39838506396665,0.0300000000000011
"N1365","QUARTERLY","bets",8,0.684780177592598,1,1,6.06771292289952,0.0699999999999932
"N1365","QUARTERLY","ets",8,0.533220458335599,1,1,3.98869947321436,0.0400000000000063
"N1366","QUARTERLY","bets",8,1.12125118431927,0.875,1,5.3140077648142,0.0600000000000023
"N1366","QUARTERLY","ets",8,0.93770675649769,1,1,5.22191819866013,0.0300000000000011
"N1367","QUARTERLY","bets",8,0.784430672781256,0.875,1,3.85511263407134,0.0600000000000023
"N1367","QUARTERLY","ets",8,0.885699282213555,0.875,1,3.67163799380887,0.0599999999999881
"N1368","QUARTERLY","bets",8,1.72493807399769,0.125,0.875,4.72297957029088,0.0700000000000074
"N1368","QUARTERLY","ets",8,1.81362564303161,0.125,0.5,11.0345771047151,0.0600000000000023
"N1369","QUARTERLY","bets",8,0.756087508033827,0.75,1,5.17597888615384,0.0799999999999983
"N1369","QUARTERLY","ets",8,0.734389137610575,0.875,1,4.78695148974028,0.0100000000000051
"N1370","QUARTERLY","bets",8,0.702862035890011,1,1,5.08819076348231,0.0799999999999983
"N1370","QUARTERLY","ets",8,1.01371964812042,0.875,1,4.42377919217104,0.0499999999999972
"N1371","QUARTERLY","bets",8,0.441292138811788,0.875,1,6.62469603924258,0.0500000000000114
"N1371","QUARTERLY","ets",8,0.663314100692953,1,1,4.9814075891178,0.0499999999999972
"N1372","QUARTERLY","bets",8,0.116521801791879,1,1,5.40238149502459,0.0600000000000023
"N1372","QUARTERLY","ets",8,0.104059451010782,1,1,4.88005954071462,0.0300000000000011
"N1373","QUARTERLY","bets",8,0.212782829587001,1,1,5.6062779979905,0.0799999999999983
"N1373","QUARTERLY","ets",8,0.570924183541587,1,1,5.27048262117632,0.0300000000000011
"N1374","QUARTERLY","bets",8,1.019866726716,1,1,4.93216806233922,0.0600000000000023
"N1374","QUARTERLY","ets",8,0.830898651751672,1,1,4.71389717655464,0.0300000000000011
"N1375","QUARTERLY","bets",8,0.821499623762382,0.875,1,3.39064552531419,0.0600000000000023
"N1375","QUARTERLY","ets",8,0.871811600667043,0.625,0.75,5.87490544771205,0.0300000000000011
"N1376","QUARTERLY","bets",8,1.13739657784232,0.75,1,5.9671333362261,0.0600000000000023
"N1376","QUARTERLY","ets",8,1.29233244482207,0.75,1,7.91060743516129,0.0300000000000011
"N1377","QUARTERLY","bets",8,1.45898019067324,0.875,1,7.1083641299197,0.0799999999999983
"N1377","QUARTERLY","ets",8,0.965633688018821,0.875,1,6.14290067264969,0.019999999999996
"N1378","QUARTERLY","bets",8,2.47914082102218,0.5,1,7.46106440496561,0.0499999999999972
"N1378","QUARTERLY","ets",8,3.39197489866243,0.375,0.625,14.8397014225137,0.0300000000000011
"N1379","QUARTERLY","bets",8,1.37644085166301,0.625,1,4.22253427682729,0.0600000000000023
"N1379","QUARTERLY","ets",8,1.26748409501294,0.625,1,4.10182025493096,0.0499999999999972
"N1380","QUARTERLY","bets",8,7.31207575696242,0,0,178.389374366433,0.0900000000000034
"N1380","QUARTERLY","ets",8,6.55065568395545,0,0,118.007959979751,0.0300000000000011
"N1381","QUARTERLY","bets",8,0.431245399216951,0.875,1,5.84540759849468,0.0600000000000023
"N1381","QUARTERLY","ets",8,0.416802971906197,1,1,6.06512046382917,0.0300000000000011
"N1382","QUARTERLY","bets",8,3.34753396042518,0.5,1,9.99655637309092,0.0600000000000023
"N1382","QUARTERLY","ets",8,4.96865755328861,0.25,0.625,25.7359870597036,0.0300000000000011
"N1383","QUARTERLY","bets",8,9.12481471337619,0,0,269.130931294858,0.0600000000000023
"N1383","QUARTERLY","ets",8,9.17621825537491,0,0,284.111824703799,0.0300000000000011
"N1384","QUARTERLY","bets",8,0.405763433440484,1,1,5.47192356847231,0.0499999999999972
"N1384","QUARTERLY","ets",8,0.119732424684962,1,1,4.64945137774061,0.0300000000000011
"N1385","QUARTERLY","bets",8,0.472389411447054,0.875,1,5.45213171902858,0.0699999999999932
"N1385","QUARTERLY","ets",8,0.514602877634942,1,1,8.56219360337099,0.0300000000000011
"N1386","QUARTERLY","bets",8,5.79701696662969,0.25,0.5,46.1775868766378,0.0600000000000023
"N1386","QUARTERLY","ets",8,8.0109695006775,0,0.25,127.503338702797,0.0300000000000011
"N1387","QUARTERLY","bets",8,2.79308356204307,0,0.25,14.497401746494,0.0600000000000023
"N1387","QUARTERLY","ets",8,3.24090238189165,0,0,31.9568486101838,0.0499999999999972
"N1388","QUARTERLY","bets",8,2.55624017601372,0.25,1,7.51622854971591,0.0400000000000063
"N1388","QUARTERLY","ets",8,3.30369666362968,0.125,1,7.76481785006056,0.0300000000000011
"N1389","QUARTERLY","bets",8,0.973325250992211,1,1,6.25746528146066,0.0499999999999972
"N1389","QUARTERLY","ets",8,0.182632159992444,1,1,7.79184668699139,0.0300000000000011
"N1390","QUARTERLY","bets",8,0.425398804784985,1,1,3.00427786167899,0.0499999999999972
"N1390","QUARTERLY","ets",8,0.42094465490049,1,1,3.06843084880029,0.0300000000000011
"N1391","QUARTERLY","bets",8,0.921757813018151,1,1,6.18503195962942,0.179999999999993
"N1391","QUARTERLY","ets",8,1.32143114035697,0.75,1,5.60546509040561,0.0400000000000063
"N1392","QUARTERLY","bets",8,0.639785625491576,0.625,0.875,3.35881392277735,0.0600000000000023
"N1392","QUARTERLY","ets",8,0.356719315319878,0.625,0.875,2.82825181660107,0.0499999999999972
"N1393","QUARTERLY","bets",8,2.0473926238283,0.5,0.875,6.80643653546622,0.0899999999999892
"N1393","QUARTERLY","ets",8,2.14821237361067,0.5,0.625,12.3748692118874,0.0500000000000114
"N1394","QUARTERLY","bets",8,2.44354645999439,0.5,0.625,23.2344936638463,0.0799999999999983
"N1394","QUARTERLY","ets",8,2.20982421533333,0.5,0.625,18.3062064184492,0.0499999999999972
"N1395","QUARTERLY","bets",8,2.3245400123138,0.375,0.5,22.4062845194571,0.0600000000000023
"N1395","QUARTERLY","ets",8,1.82446270705923,0.5,0.875,5.03762569109169,0.0499999999999972
"N1396","QUARTERLY","bets",8,2.30902586084,0.25,0.625,12.2686575696007,0.0700000000000074
"N1396","QUARTERLY","ets",8,2.37757214786845,0.25,0.5,14.699661954059,0.0299999999999869
"N1397","QUARTERLY","bets",8,1.55888851404039,0.625,0.625,15.4994856904693,0.0700000000000074
"N1397","QUARTERLY","ets",8,1.53972567116057,0.625,0.625,19.3517848756607,0.0300000000000011
"N1398","QUARTERLY","bets",8,2.71846533561762,0.375,0.5,19.4798945750668,0.0499999999999972
"N1398","QUARTERLY","ets",8,2.01255338428754,0.375,0.5,24.2729935543163,0.0400000000000063
"N1399","QUARTERLY","bets",8,11.000803756718,0,0,315.215516669465,0.0599999999999881
"N1399","QUARTERLY","ets",8,9.16047461081958,0.125,0.25,298.836581048362,0.0400000000000063
"N1400","QUARTERLY","bets",8,1.85816901185062,0.125,0.375,15.6175728137319,0.0499999999999972
"N1400","QUARTERLY","ets",8,1.88966792336077,0.125,0.375,15.7677927407733,0.0300000000000011
"N1401","QUARTERLY","bets",8,0.993292237941708,1,1,6.22425463608616,0.0400000000000063
"N1401","QUARTERLY","ets",8,0.981250058755279,0.875,1,4.23610430551321,0.0300000000000011
"N1402","MONTHLY","bets",18,0.706705282684384,0.888888888888889,1,3.68766526976323,0.109999999999999
"N1402","MONTHLY","ets",18,0.738078759282009,0.833333333333333,1,3.35939365909803,0.0900000000000034
"N1403","MONTHLY","bets",18,0.218984757992127,1,1,4.05592534721197,0.129999999999995
"N1403","MONTHLY","ets",18,0.228278921062408,1,1,3.56247469334475,0.109999999999999
"N1404","MONTHLY","bets",18,0.666289496415838,0.777777777777778,0.944444444444444,4.90380035296489,0.0900000000000034
"N1404","MONTHLY","ets",18,0.840233644932676,0.666666666666667,0.888888888888889,5.4424220817209,0.129999999999995
"N1405","MONTHLY","bets",18,1.32459686373736,0.666666666666667,0.888888888888889,8.55549629407563,0.0799999999999983
"N1405","MONTHLY","ets",18,1.2975120589762,0.611111111111111,0.888888888888889,8.5842409873748,0.109999999999999
"N1406","MONTHLY","bets",18,0.474685960593647,0.944444444444444,0.944444444444444,4.74324991029125,0.109999999999999
"N1406","MONTHLY","ets",18,0.551086225041582,0.888888888888889,1,3.56480041084463,0.0900000000000034
"N1407","MONTHLY","bets",18,0.785925946531019,0.777777777777778,0.944444444444444,4.01686170879643,0.0799999999999983
"N1407","MONTHLY","ets",18,0.70691066497525,0.722222222222222,0.944444444444444,5.44045790242363,0.120000000000005
"N1408","MONTHLY","bets",18,0.939212876219719,0.888888888888889,1,5.60960923187386,0.0699999999999932
"N1408","MONTHLY","ets",18,0.783616217875166,0.777777777777778,1,4.03795901779069,0.13000000000001
"N1409","MONTHLY","bets",18,0.682661545945745,0.944444444444444,0.944444444444444,5.52001260707133,0.0900000000000034
"N1409","MONTHLY","ets",18,0.649973407107293,0.833333333333333,0.944444444444444,6.01384116392752,0.0799999999999983
"N1410","MONTHLY","bets",18,0.926640551839275,0.722222222222222,1,4.33149999614628,0.0699999999999932
"N1410","MONTHLY","ets",18,0.776677790268216,0.833333333333333,0.944444444444444,4.12822216806562,0.109999999999999
"N1411","MONTHLY","bets",18,0.510982010504377,0.944444444444444,1,3.88389470584668,0.0799999999999983
"N1411","MONTHLY","ets",18,0.443808161293805,1,1,3.91476657655985,0.109999999999999
"N1412","MONTHLY","bets",18,0.451339212916636,1,1,3.80653642009647,0.0900000000000034
"N1412","MONTHLY","ets",18,0.479796915036843,0.944444444444444,1,3.5430513582927,0.109999999999999
"N1413","MONTHLY","bets",18,0.603773595844774,0.944444444444444,1,3.67570918316139,0.0900000000000034
"N1413","MONTHLY","ets",18,0.592417181450825,0.944444444444444,1,3.35674118999359,0.0600000000000023
"N1414","MONTHLY","bets",18,0.591292839684208,0.888888888888889,0.944444444444444,5.65742848754295,0.0900000000000034
"N1414","MONTHLY","ets",18,0.602804867605373,0.888888888888889,0.888888888888889,5.49076524798742,0.129999999999995
"N1415","MONTHLY","bets",18,0.610486255548297,0.833333333333333,1,3.30403845847628,0.0900000000000034
"N1415","MONTHLY","ets",18,0.596244260998098,0.833333333333333,1,3.02858107530927,0.109999999999999
"N1416","MONTHLY","bets",18,0.65551847958118,0.944444444444444,1,4.49323646769793,0.0900000000000034
"N1416","MONTHLY","ets",18,0.668158091201329,0.944444444444444,1,4.06994605022863,0.0799999999999983
"N1417","MONTHLY","bets",18,0.721953931422916,1,1,4.97954019282382,0.0799999999999983
"N1417","MONTHLY","ets",18,0.60078737728365,0.944444444444444,1,4.38698646973249,0.120000000000005
"N1418","MONTHLY","bets",18,1.19559014992299,0.611111111111111,0.833333333333333,9.07187337642287,0.0900000000000034
"N1418","MONTHLY","ets",18,1.18674242283547,0.5,0.777777777777778,9.62035019141316,0.11999999999999
"N1419","MONTHLY","bets",18,0.785463926861033,0.833333333333333,1,4.53239870358287,0.100000000000009
"N1419","MONTHLY","ets",18,0.773646077991133,0.777777777777778,0.944444444444444,4.32873277366031,0.140000000000001
"N1420","MONTHLY","bets",18,0.723887374142079,0.888888888888889,1,4.58682944367605,0.109999999999999
"N1420","MONTHLY","ets",18,1.08565705971476,0.611111111111111,0.888888888888889,4.59861440395008,0.120000000000005
"N1421","MONTHLY","bets",18,0.512780237057222,1,1,4.94481118835873,0.0999999999999943
"N1421","MONTHLY","ets",18,0.526135005973716,1,1,4.40326237445002,0.0900000000000034
"N1422","MONTHLY","bets",18,0.432770847153653,1,1,4.32615539364017,0.0899999999999892
"N1422","MONTHLY","ets",18,0.504751974324994,0.833333333333333,1,3.07590710219773,0.150000000000006
"N1423","MONTHLY","bets",18,0.412125326625194,1,1,4.28240519864573,0.0899999999999892
"N1423","MONTHLY","ets",18,0.394479899794458,1,1,4.0034047049027,0.150000000000006
"N1424","MONTHLY","bets",18,0.718083895114586,0.944444444444444,1,5.18603175352059,0.0900000000000034
"N1424","MONTHLY","ets",18,1.2409975997615,0.5,0.777777777777778,10.1165823991047,0.109999999999999
"N1425","MONTHLY","bets",18,0.467027378277301,1,1,4.71596314343339,0.140000000000001
"N1425","MONTHLY","ets",18,0.37051544806854,1,1,3.7374744950889,0.190000000000012
"N1426","MONTHLY","bets",18,0.513131451209892,1,1,4.43153088464477,0.379999999999995
"N1426","MONTHLY","ets",18,1.00602096637299,0.611111111111111,0.888888888888889,3.6246646895152,0.150000000000006
"N1427","MONTHLY","bets",18,0.453734772554614,1,1,4.2034810324689,0.109999999999999
"N1427","MONTHLY","ets",18,0.457526641257441,1,1,3.74316485445461,0.149999999999991
"N1428","MONTHLY","bets",18,0.561178456996053,0.944444444444444,1,4.46771654537049,0.100000000000009
"N1428","MONTHLY","ets",18,0.552914936163667,0.944444444444444,1,3.90532180637732,0.109999999999999
"N1429","MONTHLY","bets",18,0.389280003926142,1,1,4.32231644093518,0.109999999999999
"N1429","MONTHLY","ets",18,0.887809483816077,0.611111111111111,0.833333333333333,4.33738067834588,0.0900000000000034
"N1430","MONTHLY","bets",18,0.369418019452219,0.944444444444444,1,4.84398254264998,0.0699999999999932
"N1430","MONTHLY","ets",18,0.336247019471403,0.944444444444444,1,4.35585755626685,0.109999999999999
"N1431","MONTHLY","bets",18,0.688416284600914,0.944444444444444,1,4.65989161722713,0.100000000000009
"N1431","MONTHLY","ets",18,0.686983341746673,0.944444444444444,1,4.16955233646772,0.0900000000000034
"N1432","MONTHLY","bets",18,0.378875474910091,1,1,5.06240727964654,0.0999999999999943
"N1432","MONTHLY","ets",18,0.33091569359749,1,1,3.72650199567487,0.0900000000000034
"N1433","MONTHLY","bets",18,0.552063487693642,1,1,4.54905463993932,0.0800000000000125
"N1433","MONTHLY","ets",18,0.404866757546493,0.944444444444444,1,2.90610276912298,0.109999999999999
"N1434","MONTHLY","bets",18,0.468835635199765,1,1,4.87952080424702,0.0900000000000034
"N1434","MONTHLY","ets",18,0.909582284649468,0.611111111111111,1,3.20309782600452,0.0799999999999983
"N1435","MONTHLY","bets",18,0.493768910786709,1,1,4.3326843258267,0.0900000000000034
"N1435","MONTHLY","ets",18,0.78935551301222,0.833333333333333,0.888888888888889,4.71905007500016,0.109999999999999
"N1436","MONTHLY","bets",18,0.671004368328606,1,1,4.53276760599046,0.0999999999999943
"N1436","MONTHLY","ets",18,0.68867358952323,1,1,4.22962377666383,0.120000000000005
"N1437","MONTHLY","bets",18,0.578836148473553,0.944444444444444,1,4.57549802166676,0.0999999999999943
"N1437","MONTHLY","ets",18,0.571059431524548,0.944444444444444,1,4.08884581023464,0.120000000000005
"N1438","MONTHLY","bets",18,0.652608321888425,0.944444444444444,1,4.11637364425079,0.0899999999999892
"N1438","MONTHLY","ets",18,0.57857202748723,0.833333333333333,1,3.44623189601007,0.110000000000014
"N1439","MONTHLY","bets",18,0.611873551023934,0.944444444444444,0.944444444444444,4.09563151688357,0.0900000000000034
"N1439","MONTHLY","ets",18,0.799931192603943,0.722222222222222,0.944444444444444,3.76328251263318,0.0999999999999943
"N1440","MONTHLY","bets",18,0.588382447086998,0.944444444444444,1,3.95585905643657,0.0799999999999983
"N1440","MONTHLY","ets",18,0.608468271244259,0.944444444444444,1,3.743205525158,0.129999999999995
"N1441","MONTHLY","bets",18,0.696370789152681,1,1,6.06463868992142,0.0799999999999983
"N1441","MONTHLY","ets",18,0.661853188748225,1,1,5.75459857774645,0.11999999999999
"N1442","MONTHLY","bets",18,0.652390675206049,0.944444444444444,1,5.33118449781468,0.100000000000009
"N1442","MONTHLY","ets",18,0.665344051053537,0.944444444444444,0.944444444444444,4.51815568275766,0.0900000000000034
"N1443","MONTHLY","bets",18,0.583463678318253,0.944444444444444,1,5.18664377000608,0.0900000000000034
"N1443","MONTHLY","ets",18,0.575161113663535,0.944444444444444,1,4.85534238900991,0.0899999999999892
"N1444","MONTHLY","bets",18,0.729973781052905,0.888888888888889,1,4.39890024394053,0.0899999999999892
"N1444","MONTHLY","ets",18,0.728814964456675,0.833333333333333,1,3.90667944972928,0.13000000000001
"N1445","MONTHLY","bets",18,0.578688491411463,0.944444444444444,1,4.0978446297834,0.0900000000000034
"N1445","MONTHLY","ets",18,0.576808645672946,0.888888888888889,1,3.67531383771645,0.129999999999995
"N1446","MONTHLY","bets",18,0.75849093360045,0.944444444444444,1,4.89698489672219,0.0999999999999943
"N1446","MONTHLY","ets",18,1.23620583135051,0.555555555555556,0.777777777777778,8.26669369062732,0.109999999999999
"N1447","MONTHLY","bets",18,0.713374436442181,0.944444444444444,1,4.50641630461605,0.0999999999999943
"N1447","MONTHLY","ets",18,0.742633495256581,0.944444444444444,1,4.10924828453193,0.109999999999999
"N1448","MONTHLY","bets",18,0.522815848171714,1,1,5.4368811120762,0.120000000000005
"N1448","MONTHLY","ets",18,0.514955926770955,1,1,4.86049439142452,0.109999999999999
"N1449","MONTHLY","bets",18,0.637037257404958,0.888888888888889,1,3.93094355391312,0.0900000000000034
"N1449","MONTHLY","ets",18,0.662361520934514,0.833333333333333,1,3.7482091301992,0.109999999999999
"N1450","MONTHLY","bets",18,1.30582051962813,0.666666666666667,1,4.89843000327125,0.100000000000009
"N1450","MONTHLY","ets",18,1.10524486914589,0.722222222222222,1,4.18026175325194,0.120000000000005
"N1451","MONTHLY","bets",18,0.452583267610873,1,1,4.69580278306463,0.109999999999999
"N1451","MONTHLY","ets",18,0.451661448449398,1,1,4.20435474994572,0.159999999999997
"N1452","MONTHLY","bets",18,0.673783062968133,0.888888888888889,1,4.93011460493879,0.13000000000001
"N1452","MONTHLY","ets",18,0.648575126324579,0.888888888888889,1,4.35743591858953,0.11999999999999
"N1453","MONTHLY","bets",18,0.687029266747274,0.944444444444444,1,4.52192123276687,0.22999999999999
"N1453","MONTHLY","ets",18,0.743330976937004,0.944444444444444,1,4.23211040928592,0.0800000000000125
"N1454","MONTHLY","bets",18,0.526853220217245,1,1,4.49985567818288,0.0799999999999983
"N1454","MONTHLY","ets",18,0.506326809499848,0.944444444444444,1,3.85770776741619,0.109999999999999
"N1455","MONTHLY","bets",18,0.570770121646426,0.944444444444444,1,5.02364361320415,0.0899999999999892
"N1455","MONTHLY","ets",18,0.575283869964225,0.888888888888889,1,4.43848461363584,0.13000000000001
"N1456","MONTHLY","bets",18,0.563151583072582,0.944444444444444,1,4.44083703854257,0.0900000000000034
"N1456","MONTHLY","ets",18,0.896220771361096,0.777777777777778,0.944444444444444,4.15840740745327,0.129999999999995
"N1457","MONTHLY","bets",18,0.887293970677022,0.777777777777778,0.944444444444444,4.45140330259605,0.100000000000009
"N1457","MONTHLY","ets",18,0.919684571084479,0.611111111111111,0.888888888888889,4.28579593260128,0.109999999999999
"N1458","MONTHLY","bets",18,0.561687933155534,0.833333333333333,0.944444444444444,4.14891946046934,0.0799999999999983
"N1458","MONTHLY","ets",18,0.584149618028792,0.833333333333333,0.944444444444444,4.16285720161049,0.0999999999999943
"N1459","MONTHLY","bets",18,0.66932605978919,1,1,4.66185975762422,0.0799999999999983
"N1459","MONTHLY","ets",18,0.736842609811072,0.833333333333333,1,4.1693960097638,0.0900000000000034
"N1460","MONTHLY","bets",18,0.684774964692796,0.944444444444444,1,4.76174615181779,0.0900000000000034
"N1460","MONTHLY","ets",18,0.666013772702578,0.944444444444444,1,4.46497680074194,0.0999999999999943
"N1461","MONTHLY","bets",18,0.451616530410764,1,1,4.68715210426469,0.0700000000000074
"N1461","MONTHLY","ets",18,0.458574683141071,1,1,4.22996971387002,0.129999999999995
"N1462","MONTHLY","bets",18,0.575339142744673,0.888888888888889,1,4.24598096129186,0.0900000000000034
"N1462","MONTHLY","ets",18,0.585006642478747,0.888888888888889,0.888888888888889,4.72289929935764,0.0999999999999943
"N1463","MONTHLY","bets",18,0.511333733475704,0.944444444444444,1,3.95518701976259,0.0999999999999943
"N1463","MONTHLY","ets",18,1.11913348689247,0.5,0.777777777777778,8.77915446302943,0.0900000000000034
"N1464","MONTHLY","bets",18,0.45783163046819,1,1,5.03188746725489,0.100000000000009
"N1464","MONTHLY","ets",18,0.452272473958052,0.944444444444444,1,3.8417778338169,0.120000000000005
"N1465","MONTHLY","bets",18,1.07676680908334,0.944444444444444,1,7.00618600068485,0.0999999999999943
"N1465","MONTHLY","ets",18,0.478723743311359,1,1,4.44478013916674,0.0600000000000023
"N1466","MONTHLY","bets",18,0.777920938092062,0.666666666666667,1,4.05457699136586,0.0700000000000074
"N1466","MONTHLY","ets",18,0.75210896542096,0.666666666666667,1,3.45730075954274,0.129999999999995
"N1467","MONTHLY","bets",18,0.749686493713534,0.888888888888889,1,4.35569314236072,0.0900000000000034
"N1467","MONTHLY","ets",18,0.744692107719777,0.777777777777778,1,4.05800567357021,0.0999999999999943
"N1468","MONTHLY","bets",18,0.410841989363101,1,1,5.13771336734252,0.129999999999995
"N1468","MONTHLY","ets",18,0.412791247586874,1,1,4.69624452685425,0.0900000000000034
"N1469","MONTHLY","bets",18,0.385160930117182,1,1,4.93445530464931,0.0900000000000034
"N1469","MONTHLY","ets",18,0.388667522390958,1,1,4.36968426142313,0.0799999999999983
"N1470","MONTHLY","bets",18,0.800603243480126,0.888888888888889,0.944444444444444,5.14764664929715,0.0999999999999943
"N1470","MONTHLY","ets",18,0.79545898065178,0.833333333333333,0.944444444444444,5.51719463799935,0.0900000000000034
"N1471","MONTHLY","bets",18,0.599959728677108,0.888888888888889,1,4.53490647785787,0.0900000000000034
"N1471","MONTHLY","ets",18,0.599384945537701,0.833333333333333,1,4.02346388877198,0.0799999999999983
"N1472","MONTHLY","bets",18,0.644914370396685,0.833333333333333,1,4.58491167643071,0.100000000000009
"N1472","MONTHLY","ets",18,0.783950368076524,0.833333333333333,0.944444444444444,4.67560412528231,0.039999999999992
"N1473","MONTHLY","bets",18,0.686064049924178,0.944444444444444,1,4.35833176172306,0.100000000000009
"N1473","MONTHLY","ets",18,0.665776411857915,0.944444444444444,1,3.90957930696897,0.0900000000000034
"N1474","MONTHLY","bets",18,0.724280394735715,0.777777777777778,0.944444444444444,4.30838402311603,0.0999999999999943
"N1474","MONTHLY","ets",18,0.764267536231202,0.722222222222222,0.944444444444444,4.54969608213345,0.109999999999999
"N1475","MONTHLY","bets",18,1.2239532542769,0.555555555555556,0.833333333333333,4.98707785155999,0.0900000000000034
"N1475","MONTHLY","ets",18,1.54643171783287,0.5,0.611111111111111,10.7248279871395,0.109999999999999
"N1476","MONTHLY","bets",18,0.934974976651215,0.944444444444444,1,5.23935907538022,0.0800000000000125
"N1476","MONTHLY","ets",18,0.684789981838992,0.888888888888889,1,3.77933802624356,0.140000000000001
"N1477","MONTHLY","bets",18,0.925422124485718,1,1,6.81731126229255,0.0999999999999943
"N1477","MONTHLY","ets",18,0.909069873734661,0.833333333333333,1,4.41253534851233,0.120000000000005
"N1478","MONTHLY","bets",18,0.590346621798236,0.888888888888889,0.944444444444444,5.90256676846687,0.120000000000005
"N1478","MONTHLY","ets",18,0.742656281779576,0.611111111111111,0.833333333333333,5.58775620404971,0.109999999999999
"N1479","MONTHLY","bets",18,0.938986229849787,0.777777777777778,1,4.54508179434887,0.0900000000000034
"N1479","MONTHLY","ets",18,1.15738357094347,0.5,0.888888888888889,4.72805143725617,0.140000000000001
"N1480","MONTHLY","bets",18,1.04563988394306,0.611111111111111,1,4.45621659714418,0.109999999999999
"N1480","MONTHLY","ets",18,1.19661193822084,0.333333333333333,0.888888888888889,5.03137968129466,0.140000000000001
"N1481","MONTHLY","bets",18,0.761394796919317,0.833333333333333,0.944444444444444,5.23045703711302,0.0900000000000034
"N1481","MONTHLY","ets",18,1.19104963310957,0.277777777777778,0.722222222222222,9.89582772558338,0.129999999999995
"N1482","MONTHLY","bets",18,1.37216552012052,0.666666666666667,0.888888888888889,6.22516269893298,0.0900000000000034
"N1482","MONTHLY","ets",18,1.33554355669566,0.555555555555556,0.888888888888889,6.55100360810488,0.0799999999999983
"N1483","MONTHLY","bets",18,0.862539425334329,0.333333333333333,0.722222222222222,6.79242059050752,0.0999999999999943
"N1483","MONTHLY","ets",18,0.779396549650062,0.277777777777778,0.444444444444444,10.8268319405107,0.109999999999999
"N1484","MONTHLY","bets",18,1.17907906726866,0.666666666666667,1,4.99035443291108,0.0799999999999983
"N1484","MONTHLY","ets",18,0.814220643598764,0.722222222222222,0.888888888888889,4.10929196240545,0.140000000000001
"N1485","MONTHLY","bets",18,0.68514823201592,0.888888888888889,0.944444444444444,4.59419737598104,0.0899999999999892
"N1485","MONTHLY","ets",18,0.902085250580744,0.555555555555556,0.777777777777778,6.70379301097889,0.109999999999999
"N1486","MONTHLY","bets",18,0.748540547145154,0.944444444444444,1,5.222863312717,0.100000000000009
"N1486","MONTHLY","ets",18,0.961525229084812,0.5,0.722222222222222,6.34033761924896,0.120000000000005
"N1487","MONTHLY","bets",18,0.529776447659653,0.888888888888889,0.944444444444444,3.98662287394047,0.0999999999999943
"N1487","MONTHLY","ets",18,0.645802228339097,0.611111111111111,0.722222222222222,5.65594411836294,0.109999999999999
"N1488","MONTHLY","bets",18,1.28105484076217,0.555555555555556,0.833333333333333,8.02128668564457,0.0999999999999943
"N1488","MONTHLY","ets",18,0.844257504687381,0.666666666666667,0.777777777777778,6.85229144515667,0.0900000000000034
"N1489","MONTHLY","bets",18,0.714718136402881,0.777777777777778,1,4.04695236096614,0.0900000000000034
"N1489","MONTHLY","ets",18,0.876929350347692,0.444444444444444,0.611111111111111,7.95672416062208,0.129999999999995
"N1490","MONTHLY","bets",18,0.502424055873687,1,1,4.4105079239244,0.0999999999999943
"N1490","MONTHLY","ets",18,0.460815577326643,0.944444444444444,1,3.36169686694161,0.150000000000006
"N1491","MONTHLY","bets",18,0.837356169168239,0.888888888888889,1,5.10520122879839,0.129999999999995
"N1491","MONTHLY","ets",18,0.764870620593816,0.777777777777778,0.888888888888889,4.29815814450504,0.120000000000005
"N1492","MONTHLY","bets",18,1.00475407109152,0.722222222222222,0.944444444444444,4.89596073776363,0.109999999999999
"N1492","MONTHLY","ets",18,0.960313785315176,0.722222222222222,0.944444444444444,4.41248230980638,0.0900000000000034
"N1493","MONTHLY","bets",18,0.966623027415365,0.777777777777778,0.888888888888889,5.00702294148031,0.109999999999999
"N1493","MONTHLY","ets",18,0.847187311624819,0.777777777777778,0.944444444444444,4.53596661767346,0.25
"N1494","MONTHLY","bets",18,0.572650255751628,0.888888888888889,1,4.60934351944669,0.0799999999999983
"N1494","MONTHLY","ets",18,0.527345106102362,0.888888888888889,1,4.24883074462534,0.120000000000005
"N1495","MONTHLY","bets",18,0.58319021241378,0.944444444444444,1,3.95973888780173,0.0900000000000034
"N1495","MONTHLY","ets",18,0.534863531251349,1,1,4.54755875240107,0.11999999999999
"N1496","MONTHLY","bets",18,0.695804319114144,0.888888888888889,1,5.12659205781297,0.0899999999999892
"N1496","MONTHLY","ets",18,0.951176743823043,0.833333333333333,0.944444444444444,5.3350416479771,0.13000000000001
"N1497","MONTHLY","bets",18,0.627827242125705,0.833333333333333,1,4.23549468485197,0.13000000000001
"N1497","MONTHLY","ets",18,0.692333678018738,0.888888888888889,0.944444444444444,4.47267259928131,0.11999999999999
"N1498","MONTHLY","bets",18,1.34112096361728,0.611111111111111,0.722222222222222,9.42016472729006,0.100000000000009
"N1498","MONTHLY","ets",18,1.24884297583228,0.666666666666667,0.777777777777778,8.41532429087132,0.0600000000000023
"N1499","MONTHLY","bets",18,0.835455661097394,0.833333333333333,0.944444444444444,5.90214113719739,0.0899999999999892
"N1499","MONTHLY","ets",18,0.857506357713073,0.777777777777778,0.944444444444444,5.04343085946685,0.13000000000001
"N1500","MONTHLY","bets",18,0.715688494329022,0.833333333333333,1,4.40885620132084,0.0900000000000034
"N1500","MONTHLY","ets",18,0.693372958263708,0.833333333333333,1,4.00118874966169,0.11999999999999
"N1501","MONTHLY","bets",18,0.566511580037313,1,1,4.99302830213161,0.109999999999999
"N1501","MONTHLY","ets",18,0.457138253253028,1,1,3.72377307752045,0.11999999999999
"N1502","MONTHLY","bets",18,0.628697936257796,0.944444444444444,1,4.53994384736743,0.0900000000000034
"N1502","MONTHLY","ets",18,0.701212861946219,0.833333333333333,1,4.2231617499627,0.129999999999995
"N1503","MONTHLY","bets",18,0.911469054959604,0.944444444444444,1,5.33461751762099,0.100000000000009
"N1503","MONTHLY","ets",18,0.922142979051045,0.888888888888889,1,4.71415698948116,0.120000000000005
"N1504","MONTHLY","bets",18,0.928866362351038,0.777777777777778,0.944444444444444,5.86751815227897,0.109999999999999
"N1504","MONTHLY","ets",18,0.850388583126173,0.722222222222222,0.888888888888889,5.86673532500583,0.140000000000001
"N1505","MONTHLY","bets",18,1.21528517493753,0.611111111111111,0.777777777777778,9.53145665280896,0.129999999999995
"N1505","MONTHLY","ets",18,1.23967269064987,0.611111111111111,0.722222222222222,11.6063863812715,0.109999999999999
"N1506","MONTHLY","bets",18,0.688914728574365,0.888888888888889,1,4.25648377831852,0.109999999999999
"N1506","MONTHLY","ets",18,0.821047730126078,0.833333333333333,1,4.81746127509232,0.129999999999995
"N1507","MONTHLY","bets",18,0.542262167913339,0.944444444444444,1,4.0999143647,0.109999999999999
"N1507","MONTHLY","ets",18,0.669278409065734,0.944444444444444,0.944444444444444,4.65757758020689,0.109999999999999
"N1508","MONTHLY","bets",18,0.55584892254382,1,1,5.58634721517517,0.0999999999999943
"N1508","MONTHLY","ets",18,1.21405991070265,0.666666666666667,1,5.00626023988064,0.0999999999999943
"N1509","MONTHLY","bets",18,0.927781101501175,0.722222222222222,1,4.67882575988641,0.0799999999999983
"N1509","MONTHLY","ets",18,0.919568242538638,0.777777777777778,1,4.11211834064034,0.0900000000000034
"N1510","MONTHLY","bets",18,0.850470675477568,0.777777777777778,1,4.58278200809314,0.109999999999999
"N1510","MONTHLY","ets",18,0.845322143233429,0.777777777777778,1,4.41098058973147,0.120000000000005
"N1511","MONTHLY","bets",18,1.03940030072492,0.777777777777778,0.944444444444444,5.82282733393825,0.129999999999995
"N1511","MONTHLY","ets",18,1.27365980449304,0.722222222222222,0.944444444444444,5.35856935421642,0.140000000000001
"N1512","MONTHLY","bets",18,0.941507357396443,0.611111111111111,0.944444444444444,3.67520726559037,0.0999999999999943
"N1512","MONTHLY","ets",18,0.988256011899971,0.555555555555556,0.888888888888889,4.97099999082846,0.109999999999999
"N1513","MONTHLY","bets",18,0.781755358648491,0.777777777777778,1,4.07897943514201,0.0999999999999943
"N1513","MONTHLY","ets",18,1.12988544274373,0.5,0.944444444444444,4.8162477475401,0.109999999999999
"N1514","MONTHLY","bets",18,0.78886747267552,0.944444444444444,1,4.29854445256145,0.109999999999999
"N1514","MONTHLY","ets",18,0.811186945433655,0.833333333333333,1,4.16800625781391,0.0899999999999892
"N1515","MONTHLY","bets",18,0.622241292542271,0.833333333333333,0.944444444444444,4.49973165523583,0.0900000000000034
"N1515","MONTHLY","ets",18,0.652798072358386,0.833333333333333,0.944444444444444,4.89976452026023,0.109999999999999
"N1516","MONTHLY","bets",18,0.724562170194764,0.833333333333333,1,4.20965897409014,0.0999999999999943
"N1516","MONTHLY","ets",18,0.750852514919011,0.777777777777778,1,4.09109154255065,0.140000000000001
"N1517","MONTHLY","bets",18,0.777761050662993,0.888888888888889,0.944444444444444,5.12326494649333,0.0999999999999943
"N1517","MONTHLY","ets",18,0.857365609096751,0.777777777777778,0.944444444444444,4.49483694364184,0.120000000000005
"N1518","MONTHLY","bets",18,1.30820955560941,0.666666666666667,1,4.73713819287496,0.100000000000023
"N1518","MONTHLY","ets",18,1.36936548809708,0.388888888888889,0.833333333333333,5.0849366506356,0.139999999999986
"N1519","MONTHLY","bets",18,0.876779307548048,0.777777777777778,0.888888888888889,5.24368302119719,0.0900000000000034
"N1519","MONTHLY","ets",18,0.909458108587751,0.722222222222222,0.888888888888889,5.39167919423758,0.0900000000000034
"N1520","MONTHLY","bets",18,0.903245533782632,0.666666666666667,0.944444444444444,4.80379796020068,0.0900000000000034
"N1520","MONTHLY","ets",18,0.902770399377965,0.666666666666667,0.888888888888889,5.16097179742197,0.110000000000014
"N1521","MONTHLY","bets",18,0.56307051673538,1,1,4.62678551514205,0.0799999999999841
"N1521","MONTHLY","ets",18,0.616413032659974,0.888888888888889,1,4.0730701237591,0.130000000000024
"N1522","MONTHLY","bets",18,0.661470120859032,0.888888888888889,1,4.39082373703619,0.0799999999999841
"N1522","MONTHLY","ets",18,0.653300298676572,0.888888888888889,1,4.02437174668006,0.160000000000025
"N1523","MONTHLY","bets",18,0.690708267858389,0.888888888888889,1,4.33402728081923,0.089999999999975
"N1523","MONTHLY","ets",18,0.670467252937205,0.888888888888889,1,4.04898931621274,0.140000000000015
"N1524","MONTHLY","bets",18,0.462228834756549,0.888888888888889,1,4.48594627599002,0.089999999999975
"N1524","MONTHLY","ets",18,0.471792655828643,0.888888888888889,1,3.75246676886213,0.120000000000005
"N1525","MONTHLY","bets",18,0.714913554667828,0.888888888888889,1,4.50713769708154,0.0799999999999841
"N1525","MONTHLY","ets",18,1.14650033334946,0.611111111111111,0.888888888888889,4.24992123712825,0.0900000000000034
"N1526","MONTHLY","bets",18,0.687445589445532,1,1,4.42425134127918,0.100000000000023
"N1526","MONTHLY","ets",18,1.17622729758196,0.555555555555556,0.944444444444444,4.36359013155405,0.119999999999976
"N1527","MONTHLY","bets",18,0.606051113880108,0.888888888888889,1,4.03388301126417,0.0900000000000034
"N1527","MONTHLY","ets",18,1.02466680084562,0.555555555555556,0.944444444444444,3.49464185850048,0.120000000000005
"N1528","MONTHLY","bets",18,0.549798651254002,0.888888888888889,1,3.94685401097732,0.0999999999999943
"N1528","MONTHLY","ets",18,0.416166805553223,0.944444444444444,1,3.65527567520208,0.109999999999985
"N1529","MONTHLY","bets",18,0.909018942175051,0.777777777777778,1,3.92158228501728,0.0900000000000034
"N1529","MONTHLY","ets",18,0.911610513171374,0.777777777777778,1,3.64406518013284,0.0800000000000125
"N1530","MONTHLY","bets",18,0.620846706716326,1,1,4.62503857070887,0.089999999999975
"N1530","MONTHLY","ets",18,0.97240701334432,0.722222222222222,1,4.01958323648326,0.110000000000014
"N1531","MONTHLY","bets",18,1.06454265871332,0.722222222222222,1,4.4387239319614,0.0900000000000034
"N1531","MONTHLY","ets",18,0.822007448144896,0.722222222222222,1,3.54463157858132,0.129999999999995
"N1532","MONTHLY","bets",18,0.994161098400582,0.888888888888889,1,4.52509693238419,0.110000000000014
"N1532","MONTHLY","ets",18,0.921469303159825,0.833333333333333,1,4.18157683243125,0.129999999999995
"N1533","MONTHLY","bets",18,0.785390992803852,0.833333333333333,0.944444444444444,4.71995108219071,0.110000000000014
"N1533","MONTHLY","ets",18,0.79346163701625,0.833333333333333,0.944444444444444,4.39038503917599,0.109999999999985
"N1534","MONTHLY","bets",18,0.841343292447029,0.777777777777778,1,4.36281661839128,0.109999999999985
"N1534","MONTHLY","ets",18,0.864259476492895,0.777777777777778,1,3.98445783881304,0.140000000000015
"N1535","MONTHLY","bets",18,1.11678026552058,0.666666666666667,0.888888888888889,6.19222300252483,0.0900000000000034
"N1535","MONTHLY","ets",18,1.01725168128071,0.611111111111111,0.944444444444444,6.07551130222315,0.109999999999985
"N1536","MONTHLY","bets",18,0.736062687204536,0.944444444444444,1,4.3372024049636,0.110000000000014
"N1536","MONTHLY","ets",18,0.750999823427243,0.888888888888889,0.944444444444444,4.06416209773891,0.120000000000005
"N1537","MONTHLY","bets",18,0.638140185904091,0.888888888888889,1,4.46101521734618,0.0999999999999943
"N1537","MONTHLY","ets",18,0.644943694759288,0.888888888888889,1,4.13356205153835,0.139999999999986
"N1538","MONTHLY","bets",18,0.606438464654207,0.944444444444444,1,3.95467602240018,0.0900000000000034
"N1538","MONTHLY","ets",18,0.620377496110617,0.944444444444444,1,3.70675240083637,0.0800000000000125
"N1539","MONTHLY","bets",18,0.557699943999196,1,1,4.97329803224179,0.0900000000000034
"N1539","MONTHLY","ets",18,0.599839480827549,0.888888888888889,1,3.32958236722954,0.0900000000000034
"N1540","MONTHLY","bets",18,0.759617285609679,1,1,5.24486614032816,0.0799999999999841
"N1540","MONTHLY","ets",18,0.775926607965442,0.777777777777778,0.944444444444444,3.74796983166952,0.140000000000015
"N1541","MONTHLY","bets",18,0.641301118192911,0.888888888888889,1,4.73476135455047,0.0800000000000125
"N1541","MONTHLY","ets",18,0.638212238696598,0.833333333333333,1,4.22158112908413,0.139999999999986
"N1542","MONTHLY","bets",18,0.872675847938961,0.833333333333333,1,4.42382479855685,0.0799999999999841
"N1542","MONTHLY","ets",18,0.940587351285603,0.5,0.888888888888889,4.11872241922562,0.140000000000015
"N1543","MONTHLY","bets",18,1.52292376234534,0.666666666666667,1,5.85172610788687,0.210000000000008
"N1543","MONTHLY","ets",18,1.3108766897572,0.666666666666667,1,4.49559675327978,0.139999999999986
"N1544","MONTHLY","bets",18,1.20661114892134,0.555555555555556,0.888888888888889,5.21586229634966,0.0700000000000216
"N1544","MONTHLY","ets",18,1.30950299635406,0.5,0.777777777777778,8.2980193763971,0.150000000000006
"N1545","MONTHLY","bets",18,0.943737275926525,0.833333333333333,0.944444444444444,5.27813436113296,0.0699999999999932
"N1545","MONTHLY","ets",18,1.06898271764901,0.777777777777778,0.888888888888889,6.43614111022242,0.139999999999986
"N1546","MONTHLY","bets",18,0.956629234160414,0.666666666666667,0.944444444444444,4.27698294710054,0.0999999999999943
"N1546","MONTHLY","ets",18,0.938576395488578,0.611111111111111,0.888888888888889,4.51880502276726,0.120000000000005
"N1547","MONTHLY","bets",18,0.921115416467222,0.777777777777778,0.944444444444444,4.72466006188208,0.0900000000000034
"N1547","MONTHLY","ets",18,0.902995358122582,0.777777777777778,0.944444444444444,4.65648765443613,0.129999999999995
"N1548","MONTHLY","bets",18,0.931218890635726,0.888888888888889,1,4.5654016752901,0.0900000000000034
"N1548","MONTHLY","ets",18,0.934383188933249,0.833333333333333,0.944444444444444,4.30950325643348,0.129999999999995
"N1549","MONTHLY","bets",18,1.074264123637,0.722222222222222,1,4.4302126101071,0.0900000000000034
"N1549","MONTHLY","ets",18,1.1794603213543,0.5,0.833333333333333,4.93075438997715,0.109999999999985
"N1550","MONTHLY","bets",18,0.73043918015107,0.888888888888889,1,5.1595800321553,0.0799999999999841
"N1550","MONTHLY","ets",18,0.717448093901138,0.888888888888889,1,4.48506181759649,0.110000000000014
"N1551","MONTHLY","bets",18,0.744765333150519,0.833333333333333,1,4.42962763237156,0.0999999999999943
"N1551","MONTHLY","ets",18,0.796659301329367,0.777777777777778,0.944444444444444,3.70749383829021,0.120000000000005
"N1552","MONTHLY","bets",18,0.648641789838985,0.833333333333333,0.944444444444444,3.78849104011834,0.0900000000000034
"N1552","MONTHLY","ets",18,0.598674534783998,0.833333333333333,0.944444444444444,3.82453407371853,0.130000000000024
"N1553","MONTHLY","bets",18,0.454153363561055,0.944444444444444,0.944444444444444,4.02650707913776,0.139999999999986
"N1553","MONTHLY","ets",18,0.990783143864839,0.277777777777778,0.611111111111111,12.1474126286001,0.110000000000014
"N1554","MONTHLY","bets",18,0.451715656985177,1,1,3.8347011384254,0.0900000000000034
"N1554","MONTHLY","ets",18,0.933907546946661,0.333333333333333,0.5,11.7724189872085,0.109999999999985
"N1555","MONTHLY","bets",18,0.881141217550637,0.722222222222222,0.944444444444444,5.5284864466223,0.120000000000005
"N1555","MONTHLY","ets",18,0.765726545474778,0.611111111111111,0.888888888888889,4.9902086082672,0.150000000000006
"N1556","MONTHLY","bets",18,1.41602476797667,0.444444444444444,0.833333333333333,7.83544282724874,0.089999999999975
"N1556","MONTHLY","ets",18,1.31526742633462,0.0555555555555556,0.333333333333333,14.5743360215505,0.140000000000015
"N1557","MONTHLY","bets",18,0.82427064277049,0.666666666666667,0.944444444444444,5.23642971764912,0.120000000000005
"N1557","MONTHLY","ets",18,0.636819963968026,0.555555555555556,0.722222222222222,8.54571568571724,0.150000000000006
"N1558","MONTHLY","bets",18,0.696836713274731,0.833333333333333,0.944444444444444,3.97762226597001,0.139999999999986
"N1558","MONTHLY","ets",18,0.752751872934592,0.388888888888889,0.611111111111111,6.5410333253785,0.120000000000005
"N1559","MONTHLY","bets",18,0.569185960308057,0.888888888888889,1,3.43505679157973,0.129999999999995
"N1559","MONTHLY","ets",18,0.508030007716126,0.777777777777778,1,2.35469573840491,0.110000000000014
"N1560","MONTHLY","bets",18,0.433969092950203,0.944444444444444,0.944444444444444,4.23630224223819,0.089999999999975
"N1560","MONTHLY","ets",18,0.596264695987668,0.666666666666667,0.944444444444444,4.00582338878143,0.140000000000015
"N1561","MONTHLY","bets",18,0.819912785795786,0.833333333333333,1,4.63763401404333,0.0900000000000034
"N1561","MONTHLY","ets",18,0.844751857526258,0.722222222222222,0.888888888888889,4.81211246862522,0.109999999999985
"N1562","MONTHLY","bets",18,0.570181978784922,0.944444444444444,1,4.55733269933372,0.110000000000014
"N1562","MONTHLY","ets",18,1.00815750997923,0.611111111111111,0.888888888888889,4.04754521784849,0.109999999999985
"N1563","MONTHLY","bets",18,0.540112105336251,0.888888888888889,1,4.08255805879333,0.0900000000000034
"N1563","MONTHLY","ets",18,1.03022582035099,0.388888888888889,0.666666666666667,8.92750680943326,0.139999999999986
"N1564","MONTHLY","bets",18,0.872226987915422,0.888888888888889,1,5.75089636220931,0.100000000000023
"N1564","MONTHLY","ets",18,0.615526351605479,0.888888888888889,1,3.41288170116106,0.119999999999976
"N1565","MONTHLY","bets",18,0.541363796746913,0.888888888888889,1,4.85497358687082,0.0900000000000034
"N1565","MONTHLY","ets",18,0.604571160192608,0.777777777777778,0.944444444444444,3.00597179194004,0.129999999999995
"N1566","MONTHLY","bets",18,0.654437693465615,0.777777777777778,1,4.55362636958935,0.0999999999999943
"N1566","MONTHLY","ets",18,0.937503241670134,0.722222222222222,0.888888888888889,6.86033897717751,0.109999999999985
"N1567","MONTHLY","bets",18,0.625093121584995,0.944444444444444,1,5.29891037027493,0.109999999999985
"N1567","MONTHLY","ets",18,0.722625309963991,0.777777777777778,0.944444444444444,4.8780034113075,0.129999999999995
"N1568","MONTHLY","bets",18,0.869081194067423,0.833333333333333,1,4.65033196799232,0.0999999999999943
"N1568","MONTHLY","ets",18,0.759395860043872,0.777777777777778,0.944444444444444,4.23699669838227,0.109999999999985
"N1569","MONTHLY","bets",18,0.650230984841701,0.888888888888889,1,4.37905607885845,0.0900000000000034
"N1569","MONTHLY","ets",18,0.65034464557833,0.888888888888889,1,3.6834154649295,0.140000000000015
"N1570","MONTHLY","bets",18,0.53920373888917,1,1,4.39593638345563,0.220000000000027
"N1570","MONTHLY","ets",18,0.557195093748989,1,1,3.70449044324066,0.139999999999986
"N1571","MONTHLY","bets",18,0.475991541491933,1,1,4.67802052870041,0.110000000000014
"N1571","MONTHLY","ets",18,0.575544374105172,0.888888888888889,1,3.54981490627595,0.0999999999999943
"N1572","MONTHLY","bets",18,0.584034948625044,0.944444444444444,1,5.57554655762834,0.109999999999985
"N1572","MONTHLY","ets",18,0.648719997448892,0.888888888888889,1,4.03665361834726,0.110000000000014
"N1573","MONTHLY","bets",18,0.985433544216429,0.722222222222222,0.888888888888889,5.18679437042741,0.0999999999999943
"N1573","MONTHLY","ets",18,0.904324896895437,0.722222222222222,1,4.59706211576207,0.139999999999986
"N1574","MONTHLY","bets",18,1.35735954883268,0.444444444444444,0.944444444444444,4.39348887320737,0.0900000000000034
"N1574","MONTHLY","ets",18,1.39616044670645,0.444444444444444,0.888888888888889,4.78653002784457,0.129999999999995
"N1575","MONTHLY","bets",18,0.475290609332315,1,1,4.66612241691672,0.0999999999999943
"N1575","MONTHLY","ets",18,0.481766105895165,0.833333333333333,0.944444444444444,3.34753269299563,0.120000000000005
"N1576","MONTHLY","bets",18,0.900358794992082,0.722222222222222,0.944444444444444,4.61164081782395,0.0700000000000216
"N1576","MONTHLY","ets",18,0.957253616647939,0.722222222222222,0.888888888888889,5.05468996415678,0.0999999999999943
"N1577","MONTHLY","bets",18,0.702260323855393,1,1,5.39142621427246,0.0800000000000125
"N1577","MONTHLY","ets",18,0.648224395195509,0.888888888888889,1,3.98435559971894,0.109999999999985
"N1578","MONTHLY","bets",18,0.62568939969401,0.833333333333333,1,4.18589218232805,0.0800000000000125
"N1578","MONTHLY","ets",18,0.613217228801849,0.833333333333333,1,3.88407835051657,0.119999999999976
"N1579","MONTHLY","bets",18,1.27438548282523,0.611111111111111,0.944444444444444,4.85572115664446,0.0900000000000034
"N1579","MONTHLY","ets",18,0.941239348420336,0.722222222222222,0.944444444444444,4.40856052212396,0.110000000000014
"N1580","MONTHLY","bets",18,0.582313131172936,0.944444444444444,1,3.90931434613786,0.0999999999999943
"N1580","MONTHLY","ets",18,0.581130048659688,0.888888888888889,0.944444444444444,3.59735300474047,0.120000000000005
"N1581","MONTHLY","bets",18,0.726044564572658,0.888888888888889,1,3.83368846111969,0.0900000000000034
"N1581","MONTHLY","ets",18,0.73661967480112,0.833333333333333,0.944444444444444,4.35109725404142,0.110000000000014
"N1582","MONTHLY","bets",18,0.697347787699832,0.833333333333333,1,4.10142492418713,0.109999999999985
"N1582","MONTHLY","ets",18,0.718012062075225,0.833333333333333,1,3.70981323146231,0.0900000000000034
"N1583","MONTHLY","bets",18,0.720989151679771,0.944444444444444,1,5.32238325047145,0.0999999999999943
"N1583","MONTHLY","ets",18,0.719415771363408,1,1,4.49408131032366,0.110000000000014
"N1584","MONTHLY","bets",18,1.47384002585167,0.555555555555556,0.944444444444444,5.8679235747914,0.140000000000015
"N1584","MONTHLY","ets",18,0.7916809031994,0.777777777777778,0.944444444444444,4.04651227832167,0.129999999999995
"N1585","MONTHLY","bets",18,0.945653371307365,0.777777777777778,1,5.1111673706992,0.110000000000014
"N1585","MONTHLY","ets",18,0.600718078764108,0.944444444444444,1,3.39603893355671,0.129999999999995
"N1586","MONTHLY","bets",18,1.1377969933548,0.944444444444444,1,5.63709699906526,0.129999999999995
"N1586","MONTHLY","ets",18,0.736899356843001,0.666666666666667,1,3.32908895510578,0.110000000000014
"N1587","MONTHLY","bets",18,0.999751257210166,0.833333333333333,1,4.71668244447175,0.139999999999986
"N1587","MONTHLY","ets",18,0.66529594318558,0.611111111111111,0.944444444444444,2.62450214283048,0.110000000000014
"N1588","MONTHLY","bets",18,1.15852829106875,0.666666666666667,1,5.02594869819261,0.0800000000000125
"N1588","MONTHLY","ets",18,0.477217155831559,0.888888888888889,1,2.87266175594647,0.129999999999995
"N1589","MONTHLY","bets",18,0.638693009290098,0.944444444444444,1,3.860377285513,0.0900000000000034
"N1589","MONTHLY","ets",18,0.497811428921588,0.944444444444444,0.944444444444444,3.52893525720502,0.109999999999985
"N1590","MONTHLY","bets",18,0.968312794054137,0.666666666666667,0.944444444444444,5.24426393923035,0.110000000000014
"N1590","MONTHLY","ets",18,0.627189920852761,0.833333333333333,0.944444444444444,6.31308481406332,0.20999999999998
"N1591","MONTHLY","bets",18,0.61218923480248,0.888888888888889,1,4.89552966305358,0.139999999999986
"N1591","MONTHLY","ets",18,0.621668253027229,0.833333333333333,1,4.15681340657575,0.170000000000016
"N1592","MONTHLY","bets",18,1.05869090402324,0.888888888888889,0.944444444444444,7.03438233803232,0.189999999999998
"N1592","MONTHLY","ets",18,1.05535283380618,0.888888888888889,0.944444444444444,5.94288635220773,0.22999999999999
"N1593","MONTHLY","bets",18,1.05202419311581,0.888888888888889,1,5.76788932399642,0.139999999999986
"N1593","MONTHLY","ets",18,1.20456658785251,0.666666666666667,1,5.68769344734041,0.110000000000014
"N1594","MONTHLY","bets",18,0.63852534025455,0.944444444444444,1,4.59798741442446,0.0999999999999943
"N1594","MONTHLY","ets",18,0.893660450903118,0.888888888888889,1,5.03808283341481,0.179999999999978
"N1595","MONTHLY","bets",18,0.772404405373908,0.722222222222222,1,3.51242650755885,0.140000000000015
"N1595","MONTHLY","ets",18,0.908230534786208,0.777777777777778,1,4.1089710522102,0.139999999999986
"N1596","MONTHLY","bets",18,0.530273422991583,1,1,3.98169119769593,0.110000000000014
"N1596","MONTHLY","ets",18,0.707914772719345,0.888888888888889,1,3.94217780342907,0.150000000000006
"N1597","MONTHLY","bets",18,0.673489490822569,1,1,4.21584829875774,0.0999999999999943
"N1597","MONTHLY","ets",18,0.673077015295294,1,1,3.94288578004595,0.109999999999985
"N1598","MONTHLY","bets",18,0.604472489641169,1,1,4.78360872412748,0.110000000000014
"N1598","MONTHLY","ets",18,0.484840770512173,0.888888888888889,1,3.07244117641843,0.120000000000005
"N1599","MONTHLY","bets",18,0.815734797410374,0.833333333333333,1,4.29126818238747,0.0900000000000034
"N1599","MONTHLY","ets",18,0.605974072349438,0.777777777777778,0.944444444444444,2.79116066332333,0.129999999999995
"N1600","MONTHLY","bets",18,0.45622340417425,0.888888888888889,1,4.16284665797549,0.0999999999999943
"N1600","MONTHLY","ets",18,0.482516743057325,0.833333333333333,0.944444444444444,3.09532344405091,0.120000000000005
"N1601","MONTHLY","bets",18,0.439615140600216,1,1,3.83728500394702,0.0799999999999841
"N1601","MONTHLY","ets",18,0.441531118916336,1,1,3.56344326420452,0.0900000000000034
"N1602","MONTHLY","bets",18,0.551087110682963,1,1,5.54303882737849,0.110000000000014
"N1602","MONTHLY","ets",18,0.405225388080522,0.944444444444444,1,3.38353138724908,0.109999999999985
"N1603","MONTHLY","bets",18,0.635705201293018,1,1,4.48875351028925,0.0900000000000034
"N1603","MONTHLY","ets",18,0.630433510819816,1,1,4.24789383102369,0.0900000000000034
"N1604","MONTHLY","bets",18,0.686863025725693,0.944444444444444,1,4.44688749579528,0.110000000000014
"N1604","MONTHLY","ets",18,0.745426105264745,0.777777777777778,1,3.41354153571104,0.159999999999997
"N1605","MONTHLY","bets",18,0.720749108734662,0.833333333333333,1,4.2692025391242,0.110000000000014
"N1605","MONTHLY","ets",18,0.830165316530472,0.666666666666667,1,3.46025604440521,0.109999999999985
"N1606","MONTHLY","bets",18,1.2924713362827,0.777777777777778,0.944444444444444,6.59562323867365,0.25
"N1606","MONTHLY","ets",18,1.77999169005668,0.277777777777778,0.611111111111111,9.81332661936623,0.110000000000014
"N1607","MONTHLY","bets",18,0.552366084432705,0.888888888888889,1,3.97860386300891,0.089999999999975
"N1607","MONTHLY","ets",18,0.723547780081169,0.777777777777778,0.888888888888889,4.75102353756509,0.0800000000000125
"N1608","MONTHLY","bets",18,1.10065619197391,0.555555555555556,1,4.67429745527359,0.0900000000000034
"N1608","MONTHLY","ets",18,1.21605727583634,0.555555555555556,0.888888888888889,4.28738390869379,0.0799999999999841
"N1609","MONTHLY","bets",18,0.501916824518485,1,1,5.93765211637975,0.0999999999999943
"N1609","MONTHLY","ets",18,0.454849926123614,1,1,5.04468843964193,0.109999999999985
"N1610","MONTHLY","bets",18,1.0998100243098,0.5,0.944444444444444,4.48152284932741,0.0999999999999943
"N1610","MONTHLY","ets",18,1.23802107260384,0.444444444444444,0.777777777777778,6.28047603856164,0.120000000000005
"N1611","MONTHLY","bets",18,0.749076139361595,0.833333333333333,1,4.36711774026398,0.0800000000000125
"N1611","MONTHLY","ets",18,0.879177882054319,0.666666666666667,0.888888888888889,4.96450207796545,0.120000000000005
"N1612","MONTHLY","bets",18,1.06907968787292,0.777777777777778,0.944444444444444,7.30095909042456,0.0900000000000034
"N1612","MONTHLY","ets",18,1.19802828263767,0.555555555555556,0.777777777777778,9.99781435460599,0.110000000000014
"N1613","MONTHLY","bets",18,0.681778411561199,0.833333333333333,1,3.63277216467926,0.0900000000000034
"N1613","MONTHLY","ets",18,0.815900843871359,0.722222222222222,0.888888888888889,3.66448053762916,0.219999999999999
"N1614","MONTHLY","bets",18,0.34303899064092,1,1,4.37637188001912,0.129999999999995
"N1614","MONTHLY","ets",18,0.351837981442291,1,1,3.90956589558063,0.150000000000006
"N1615","MONTHLY","bets",18,0.90906180066638,0.777777777777778,0.944444444444444,4.04045405578934,0.109999999999985
"N1615","MONTHLY","ets",18,0.890985810414963,0.666666666666667,0.944444444444444,3.93524042488553,0.110000000000014
"N1616","MONTHLY","bets",18,0.964150261484661,0.777777777777778,0.888888888888889,6.14187315611029,0.0900000000000034
"N1616","MONTHLY","ets",18,0.989192821559612,0.666666666666667,0.888888888888889,5.96617550572368,0.129999999999995
"N1617","MONTHLY","bets",18,0.516351809537856,0.888888888888889,0.944444444444444,3.70025345664849,0.0999999999999943
"N1617","MONTHLY","ets",18,0.494395516413131,0.888888888888889,1,3.19552314189468,0.0900000000000034
"N1618","MONTHLY","bets",18,1.05781776761951,0.5,0.944444444444444,4.34313068533585,0.089999999999975
"N1618","MONTHLY","ets",18,1.03880741014078,0.5,0.944444444444444,4.12631352383868,0.120000000000005
"N1619","MONTHLY","bets",18,0.555394419493412,1,1,4.30343640954992,0.0900000000000034
"N1619","MONTHLY","ets",18,0.59217170288051,0.833333333333333,1,3.05969960761013,0.129999999999995
"N1620","MONTHLY","bets",18,0.555347334731596,0.944444444444444,1,3.62057817760803,0.0999999999999943
"N1620","MONTHLY","ets",18,0.563982937717781,0.888888888888889,1,3.29463247253476,0.110000000000014
"N1621","MONTHLY","bets",18,0.52354640308077,0.888888888888889,1,4.0906747700028,0.0900000000000034
"N1621","MONTHLY","ets",18,0.746593723943699,0.833333333333333,0.888888888888889,4.15816834284255,0.129999999999995
"N1622","MONTHLY","bets",18,1.16844226252572,0.611111111111111,0.888888888888889,8.14544941022002,0.110000000000014
"N1622","MONTHLY","ets",18,1.07141846713709,0.611111111111111,0.777777777777778,7.8619830407158,0.129999999999995
"N1623","MONTHLY","bets",18,0.660970757659014,0.944444444444444,0.944444444444444,4.12466638500856,0.110000000000014
"N1623","MONTHLY","ets",18,0.63191266553066,0.888888888888889,0.944444444444444,4.02204760318571,0.0799999999999841
"N1624","MONTHLY","bets",18,0.663223110816648,0.888888888888889,1,3.78405730483076,0.0999999999999943
"N1624","MONTHLY","ets",18,0.664560904228859,0.888888888888889,1,3.50936553488239,0.139999999999986
"N1625","MONTHLY","bets",18,0.753319134978528,0.888888888888889,1,4.17367798167712,0.110000000000014
"N1625","MONTHLY","ets",18,0.777909248640074,0.888888888888889,0.944444444444444,3.65043472005907,0.120000000000005
"N1626","MONTHLY","bets",18,0.59918984749723,1,1,4.11241946759602,0.109999999999985
"N1626","MONTHLY","ets",18,0.616710897421002,0.944444444444444,1,3.57622097000433,0.140000000000015
"N1627","MONTHLY","bets",18,0.608265348292258,0.833333333333333,1,3.96543949929747,0.110000000000014
"N1627","MONTHLY","ets",18,0.601124339247082,0.777777777777778,1,3.75866292956454,0.120000000000005
"N1628","MONTHLY","bets",18,0.794606787221883,0.888888888888889,1,4.08271771234529,0.160000000000025
"N1628","MONTHLY","ets",18,0.760428815606302,0.833333333333333,1,3.87887813952551,0.139999999999986
"N1629","MONTHLY","bets",18,0.871108407510927,0.611111111111111,0.944444444444444,3.91825045305385,0.120000000000005
"N1629","MONTHLY","ets",18,0.953048029600893,0.555555555555556,0.833333333333333,4.21838764294944,0.109999999999985
"N1630","MONTHLY","bets",18,0.311953051988176,1,1,4.51887188275204,0.110000000000014
"N1630","MONTHLY","ets",18,0.326446401189364,1,1,3.99536242724556,0.119999999999976
"N1631","MONTHLY","bets",18,0.903833793638296,0.777777777777778,1,4.37909980281628,0.110000000000014
"N1631","MONTHLY","ets",18,1.02540998421783,0.611111111111111,1,3.96972624386443,0.109999999999985
"N1632","MONTHLY","bets",18,0.432659991753348,1,1,3.15527774045273,0.120000000000005
"N1632","MONTHLY","ets",18,0.43614022621738,0.944444444444444,1,2.87257536662514,0.110000000000014
"N1633","MONTHLY","bets",18,0.657943644071232,1,1,3.83945770574468,0.109999999999985
"N1633","MONTHLY","ets",18,0.752618532258418,0.777777777777778,1,3.5281152930284,0.110000000000014
"N1634","MONTHLY","bets",18,0.554413794638596,0.944444444444444,1,3.9915370881395,0.109999999999985
"N1634","MONTHLY","ets",18,0.550605060506051,0.888888888888889,1,3.62466488963728,0.129999999999995
"N1635","MONTHLY","bets",18,0.422255837046108,1,1,3.69664242295994,0.110000000000014
"N1635","MONTHLY","ets",18,0.419418582132291,1,1,3.53247251017811,0.110000000000014
"N1636","MONTHLY","bets",18,0.662308078917879,0.944444444444444,1,4.23891953705416,0.0900000000000034
"N1636","MONTHLY","ets",18,0.635501438228164,0.888888888888889,1,3.79703455747345,0.0999999999999943
"N1637","MONTHLY","bets",18,1.00631350547383,0.777777777777778,0.944444444444444,5.75621830750812,0.129999999999995
"N1637","MONTHLY","ets",18,0.875735088609241,0.777777777777778,0.944444444444444,4.64052243731842,0.110000000000014
"N1638","MONTHLY","bets",18,0.792818648987453,0.944444444444444,1,4.48945249079821,0.129999999999995
"N1638","MONTHLY","ets",18,0.788134534631259,0.888888888888889,1,4.21615669455539,0.110000000000014
"N1639","MONTHLY","bets",18,0.881807567445018,0.888888888888889,0.888888888888889,9.30956678812427,0.110000000000014
"N1639","MONTHLY","ets",18,0.760462073114674,0.888888888888889,0.888888888888889,7.41729640134056,0.109999999999985
"N1640","MONTHLY","bets",18,0.532784993185789,1,1,4.54954194408941,0.0800000000000125
"N1640","MONTHLY","ets",18,0.761160504068659,0.833333333333333,0.944444444444444,4.03594032730338,0.139999999999986
"N1641","MONTHLY","bets",18,0.61995521678339,1,1,3.76648553894664,0.100000000000023
"N1641","MONTHLY","ets",18,0.887852781865702,0.722222222222222,1,3.20460352911037,0.089999999999975
"N1642","MONTHLY","bets",18,0.840553755483699,0.833333333333333,1,3.65865108322565,0.0900000000000034
"N1642","MONTHLY","ets",18,0.855434847117642,0.777777777777778,1,3.42768024933477,0.129999999999995
"N1643","MONTHLY","bets",18,0.595998191339882,0.888888888888889,1,3.46427123040129,0.0900000000000034
"N1643","MONTHLY","ets",18,0.597458968732695,0.888888888888889,1,3.3021996744357,0.129999999999995
"N1644","MONTHLY","bets",18,1.0414997713846,0.888888888888889,1,5.93723670186338,0.0799999999999841
"N1644","MONTHLY","ets",18,0.95904106841176,0.666666666666667,1,4.66669977051056,0.140000000000015
"N1645","MONTHLY","bets",18,0.849214939672394,0.833333333333333,1,4.62556641848302,0.0900000000000034
"N1645","MONTHLY","ets",18,1.09347723323577,0.555555555555556,1,4.04545873785562,0.109999999999985
"N1646","MONTHLY","bets",18,0.989685798494977,0.722222222222222,0.888888888888889,4.31631748549827,0.0800000000000125
"N1646","MONTHLY","ets",18,1.01966915835306,0.611111111111111,0.833333333333333,4.65347975956416,0.109999999999985
"N1647","MONTHLY","bets",18,1.45500210872779,0.777777777777778,1,5.95876368140487,0.100000000000023
"N1647","MONTHLY","ets",18,1.62178284871081,0.555555555555556,0.833333333333333,7.74196065154252,0.0999999999999943
"N1648","MONTHLY","bets",18,0.728894901131319,0.944444444444444,1,5.13455342500735,0.0999999999999943
"N1648","MONTHLY","ets",18,0.708513811457369,0.833333333333333,1,4.21060893046462,0.0900000000000034
"N1649","MONTHLY","bets",18,0.966171613894131,0.777777777777778,0.888888888888889,6.73909711047928,0.120000000000005
"N1649","MONTHLY","ets",18,0.899906184614937,0.777777777777778,0.888888888888889,6.94250341260596,0.0999999999999943
"N1650","MONTHLY","bets",18,1.05443963090282,1,1,6.57299459709952,0.109999999999985
"N1650","MONTHLY","ets",18,1.26749521626042,0.777777777777778,1,5.44881682077492,0.110000000000014
"N1651","MONTHLY","bets",18,0.42355659371954,1,1,4.56590078371735,0.109999999999985
"N1651","MONTHLY","ets",18,0.419394156986719,1,1,3.95239923188135,0.130000000000024
"N1652","MONTHLY","bets",18,0.735116110207366,0.944444444444444,1,5.00117974060532,0.0799999999999841
"N1652","MONTHLY","ets",18,0.829709480478962,0.944444444444444,1,4.66642063669508,0.120000000000005
"N1653","MONTHLY","bets",18,0.791447672590044,0.944444444444444,1,5.24064003327479,0.0799999999999841
"N1653","MONTHLY","ets",18,0.780773127684694,0.888888888888889,1,4.48625883755545,0.110000000000014
"N1654","MONTHLY","bets",18,0.736325477001523,1,1,5.05951867316501,0.0999999999999943
"N1654","MONTHLY","ets",18,1.10719598879598,0.722222222222222,1,4.47265904990394,0.110000000000014
"N1655","MONTHLY","bets",18,0.822994364477401,0.888888888888889,0.944444444444444,5.60137567988826,0.110000000000014
"N1655","MONTHLY","ets",18,0.897462909178015,0.666666666666667,0.944444444444444,5.12781806305498,0.139999999999986
"N1656","MONTHLY","bets",18,1.10271850790021,0.611111111111111,1,4.35956699706409,0.110000000000014
"N1656","MONTHLY","ets",18,1.04421490637204,0.555555555555556,1,3.68835506066642,0.25
"N1657","MONTHLY","bets",18,0.519551918388874,1,1,3.61481502205479,0.0600000000000023
"N1657","MONTHLY","ets",18,0.749109913469495,0.777777777777778,1,3.04942521288156,0.139999999999986
"N1658","MONTHLY","bets",18,0.589261261909566,0.944444444444444,1,4.52794937979504,0.0999999999999943
"N1658","MONTHLY","ets",18,0.665462718854202,0.888888888888889,1,3.74187795847712,0.140000000000015
"N1659","MONTHLY","bets",18,0.915361856650955,0.833333333333333,1,4.08127684962352,0.0999999999999943
"N1659","MONTHLY","ets",18,0.879470292633553,0.833333333333333,1,3.61538802460215,0.120000000000005
"N1660","MONTHLY","bets",18,0.66761166702965,0.944444444444444,1,4.58666461038624,0.0999999999999943
"N1660","MONTHLY","ets",18,0.752691485085726,0.722222222222222,1,3.74209649269242,0.110000000000014
"N1661","MONTHLY","bets",18,0.808889601238032,0.888888888888889,0.944444444444444,7.87291719572089,0.0900000000000034
"N1661","MONTHLY","ets",18,0.792867022073319,0.888888888888889,0.944444444444444,7.95683082872984,0.0900000000000034
"N1662","MONTHLY","bets",18,0.995095040619842,0.833333333333333,0.944444444444444,15.2403956569329,0.0999999999999943
"N1662","MONTHLY","ets",18,0.98560768996402,0.833333333333333,0.944444444444444,15.2340705198973,0.109999999999985
"N1663","MONTHLY","bets",18,0.951143710295726,0.777777777777778,0.888888888888889,4.88504780077194,0.0999999999999943
"N1663","MONTHLY","ets",18,1.02342964336156,0.777777777777778,0.833333333333333,5.53710632780508,0.0699999999999932
"N1664","MONTHLY","bets",18,0.491544214930119,0.944444444444444,1,4.23552512279034,0.0799999999999841
"N1664","MONTHLY","ets",18,0.498555292881534,0.944444444444444,1,3.94953030867281,0.110000000000014
"N1665","MONTHLY","bets",18,1.04487702872909,0.555555555555556,1,4.13166619265668,0.0999999999999943
"N1665","MONTHLY","ets",18,1.03150873965041,0.5,0.944444444444444,3.9290621414223,0.120000000000005
"N1666","MONTHLY","bets",18,0.687104492637639,0.833333333333333,1,4.13656381925255,0.110000000000014
"N1666","MONTHLY","ets",18,0.681099433182039,0.833333333333333,1,3.66342720008367,0.109999999999985
"N1667","MONTHLY","bets",18,1.06353201389153,0.777777777777778,0.833333333333333,8.15762816195199,0.0900000000000034
"N1667","MONTHLY","ets",18,1.06728166084782,0.611111111111111,0.777777777777778,10.1355116450914,0.140000000000015
"N1668","MONTHLY","bets",18,0.633314748484685,0.888888888888889,0.944444444444444,3.61264375998987,0.0999999999999943
"N1668","MONTHLY","ets",18,0.810523414429226,0.666666666666667,1,3.20610304259979,0.109999999999985
"N1669","MONTHLY","bets",18,0.547700528450597,1,1,3.94486164265433,0.0799999999999841
"N1669","MONTHLY","ets",18,0.530919309201782,0.944444444444444,1,3.67144176392402,0.110000000000014
"N1670","MONTHLY","bets",18,0.748569986364057,0.777777777777778,1,4.84498478035011,0.0900000000000034
"N1670","MONTHLY","ets",18,0.675229248367101,0.888888888888889,1,4.00533638616108,0.0900000000000034
"N1671","MONTHLY","bets",18,1.04674905729188,0.722222222222222,0.944444444444444,5.51540168449359,0.0999999999999943
"N1671","MONTHLY","ets",18,1.12003321436684,0.722222222222222,0.944444444444444,5.03458779162122,0.140000000000015
"N1672","MONTHLY","bets",18,0.920657593260521,0.666666666666667,1,4.28263876676299,0.0900000000000034
"N1672","MONTHLY","ets",18,0.936107038826787,0.666666666666667,1,3.92788290596404,0.159999999999997
"N1673","MONTHLY","bets",18,0.688146469684604,0.944444444444444,1,4.09895012679355,0.110000000000014
"N1673","MONTHLY","ets",18,0.69619431239679,0.722222222222222,1,3.79425915888772,0.129999999999995
"N1674","MONTHLY","bets",18,0.595555120848038,1,1,4.40920379681972,0.109999999999985
"N1674","MONTHLY","ets",18,0.622849850962203,0.944444444444444,1,4.0914237386796,0.110000000000014
"N1675","MONTHLY","bets",18,0.712945440366277,0.888888888888889,1,4.19665946470206,0.0999999999999943
"N1675","MONTHLY","ets",18,0.789671809472212,0.777777777777778,0.944444444444444,4.33760312760149,0.0700000000000216
"N1676","MONTHLY","bets",18,0.747644326149737,0.944444444444444,1,4.2963665185415,0.0800000000000125
"N1676","MONTHLY","ets",18,0.722789453845364,0.944444444444444,1,4.17499063969888,0.109999999999985
"N1677","MONTHLY","bets",18,0.546953185722898,1,1,8.19118490916729,0.0900000000000034
"N1677","MONTHLY","ets",18,0.496521525263991,1,1,8.52996734161939,0.100000000000023
"N1678","MONTHLY","bets",18,0.864612644579182,0.722222222222222,1,4.68408122980306,0.0799999999999841
"N1678","MONTHLY","ets",18,0.823195079970752,0.833333333333333,1,4.2632936270047,0.0900000000000034
"N1679","MONTHLY","bets",18,0.574584747010168,1,1,5.77754777168659,0.109999999999985
"N1679","MONTHLY","ets",18,0.542725263735867,1,1,4.35766805223581,0.110000000000014
"N1680","MONTHLY","bets",18,0.507427556878499,1,1,4.84135934920234,0.169999999999987
"N1680","MONTHLY","ets",18,0.512315138076388,0.944444444444444,1,4.68518108599736,0.0900000000000034
"N1681","MONTHLY","bets",18,0.499340329745013,1,1,5.19043320572876,0.129999999999995
"N1681","MONTHLY","ets",18,0.499244593695356,1,1,4.86403977681729,0.0800000000000125
"N1682","MONTHLY","bets",18,0.551990084611019,0.888888888888889,1,4.43576862599187,0.120000000000005
"N1682","MONTHLY","ets",18,0.57239866564294,0.888888888888889,1,4.40052723166353,0.159999999999997
"N1683","MONTHLY","bets",18,0.648876431209643,0.944444444444444,0.944444444444444,4.26873513195225,0.129999999999995
"N1683","MONTHLY","ets",18,0.64372034926124,0.944444444444444,0.944444444444444,5.97239779879111,0.170000000000016
"N1684","MONTHLY","bets",18,0.486172115128662,1,1,4.71563653734412,0.120000000000005
"N1684","MONTHLY","ets",18,0.546405490115648,1,1,4.39840894489041,0.150000000000006
"N1685","MONTHLY","bets",18,0.575169578393108,1,1,4.98627822710144,0.139999999999986
"N1685","MONTHLY","ets",18,0.74296692261721,1,1,5.04491699946587,0.110000000000014
"N1686","MONTHLY","bets",18,0.58607055863153,0.944444444444444,1,5.19102781569497,0.159999999999997
"N1686","MONTHLY","ets",18,0.583391078860303,1,1,4.88997686353311,0.0900000000000034
"N1687","MONTHLY","bets",18,0.588801047035561,1,1,4.37310928979799,0.109999999999985
"N1687","MONTHLY","ets",18,1.2144989043325,0.444444444444444,0.722222222222222,5.35079308317168,0.159999999999997
"N1688","MONTHLY","bets",18,0.485671565943301,1,1,5.90511663941088,0.139999999999986
"N1688","MONTHLY","ets",18,0.521676518609013,1,1,4.88390606237454,0.129999999999995
"N1689","MONTHLY","bets",18,0.452726705193466,1,1,4.76826202170692,0.120000000000005
"N1689","MONTHLY","ets",18,0.392802697669667,1,1,4.43468643180905,0.129999999999995
"N1690","MONTHLY","bets",18,0.52678954090569,1,1,5.73781532327439,0.25
"N1690","MONTHLY","ets",18,0.564660363241589,0.944444444444444,1,4.80754862917174,0.140000000000015
"N1691","MONTHLY","bets",18,0.515704278968211,1,1,4.9991346668533,0.0999999999999943
"N1691","MONTHLY","ets",18,1.09946196605603,0.555555555555556,0.944444444444444,5.04835647736859,0.170000000000016
"N1692","MONTHLY","bets",18,0.687178095575047,0.888888888888889,1,5.29892849917318,0.0999999999999943
"N1692","MONTHLY","ets",18,0.619389898700794,0.944444444444444,1,5.38695479821531,0.179999999999978
"N1693","MONTHLY","bets",18,0.359665135508682,1,1,5.31841203249569,0.150000000000006
"N1693","MONTHLY","ets",18,0.568788807919916,1,1,4.08733870882069,0.129999999999995
"N1694","MONTHLY","bets",18,0.599115352154324,0.944444444444444,1,4.52883119744901,0.139999999999986
"N1694","MONTHLY","ets",18,0.565088421420175,0.944444444444444,1,4.33912192825804,0.110000000000014
"N1695","MONTHLY","bets",18,0.344576887861685,1,1,5.70068386329443,0.110000000000014
"N1695","MONTHLY","ets",18,0.500398369461825,1,1,4.80148696392525,0.139999999999986
"N1696","MONTHLY","bets",18,0.488788631016529,1,1,4.87709231953265,0.120000000000005
"N1696","MONTHLY","ets",18,0.632613768573713,1,1,4.67758812957032,0.129999999999995
"N1697","MONTHLY","bets",18,0.475852318839221,0.944444444444444,1,5.55875837982904,0.120000000000005
"N1697","MONTHLY","ets",18,0.415782297529495,1,1,4.88114516892292,0.110000000000014
"N1698","MONTHLY","bets",18,0.489890150662011,1,1,5.39504126165712,0.159999999999997
"N1698","MONTHLY","ets",18,0.576873413838499,1,1,4.80769910430576,0.169999999999987
"N1699","MONTHLY","bets",18,0.468017646214659,0.944444444444444,1,4.72929330393308,0.150000000000006
"N1699","MONTHLY","ets",18,0.568860512891242,0.888888888888889,1,4.54158307947709,0.139999999999986
"N1700","MONTHLY","bets",18,0.332655084161991,1,1,4.61004520688426,0.129999999999995
"N1700","MONTHLY","ets",18,0.486423857198225,0.944444444444444,1,3.94741279995397,0.140000000000015
"N1701","MONTHLY","bets",18,0.342617466119291,1,1,4.50762691187816,0.120000000000005
"N1701","MONTHLY","ets",18,0.329074314035304,1,1,4.33063024836349,0.150000000000006
"N1702","MONTHLY","bets",18,0.308750045463652,1,1,4.84458149933368,0.119999999999976
"N1702","MONTHLY","ets",18,0.390288163261189,1,1,4.22200501978242,0.130000000000024
"N1703","MONTHLY","bets",18,0.469958998380161,1,1,4.52082312253479,0.129999999999995
"N1703","MONTHLY","ets",18,0.459944599452751,1,1,4.23318825398446,0.110000000000014
"N1704","MONTHLY","bets",18,0.288720925363754,1,1,5.53795634986089,0.159999999999997
"N1704","MONTHLY","ets",18,0.358545190918737,1,1,5.00842696499038,0.120000000000005
"N1705","MONTHLY","bets",18,1.17841482302545,0.833333333333333,0.888888888888889,12.7369938938578,0.129999999999995
"N1705","MONTHLY","ets",18,1.35965054225466,0.666666666666667,0.777777777777778,12.2676782256345,0.0900000000000034
"N1706","MONTHLY","bets",18,0.695985338427677,0.888888888888889,1,4.45726282242988,0.109999999999985
"N1706","MONTHLY","ets",18,0.676153553780153,0.888888888888889,1,3.9313786647754,0.140000000000015
"N1707","MONTHLY","bets",18,0.572950540620406,0.944444444444444,1,4.69932085151249,0.129999999999995
"N1707","MONTHLY","ets",18,1.00592266226946,0.611111111111111,0.888888888888889,5.24579680275043,0.150000000000006
"N1708","MONTHLY","bets",18,0.776466299700522,0.833333333333333,0.944444444444444,8.70229664949101,0.120000000000005
"N1708","MONTHLY","ets",18,0.724265644619281,0.888888888888889,0.944444444444444,8.80628163516705,0.170000000000016
"N1709","MONTHLY","bets",18,0.645079700185658,0.944444444444444,0.944444444444444,7.27957036540405,0.129999999999995
"N1709","MONTHLY","ets",18,0.667313350687507,0.944444444444444,0.944444444444444,7.65411485674521,0.159999999999997
"N1710","MONTHLY","bets",18,0.731013166644725,1,1,5.13663328463983,0.169999999999987
"N1710","MONTHLY","ets",18,1.44251214847979,0.388888888888889,0.666666666666667,6.68322630414964,0.140000000000015
"N1711","MONTHLY","bets",18,0.116151337363055,1,1,8.16697954323535,0.110000000000014
"N1711","MONTHLY","ets",18,1.90383512504321,0.5,1,7.404130455489,0.139999999999986
"N1712","MONTHLY","bets",18,0.58501402348491,0.944444444444444,1,5.75618377589074,0.159999999999997
"N1712","MONTHLY","ets",18,0.71101712414278,0.888888888888889,1,5.71899186464469,0.139999999999986
"N1713","MONTHLY","bets",18,0.895887349074228,0.888888888888889,0.888888888888889,13.2082507404845,0.120000000000005
"N1713","MONTHLY","ets",18,0.833457614208214,0.888888888888889,0.888888888888889,13.8236660496791,0.159999999999997
"N1714","MONTHLY","bets",18,0.560713369871112,1,1,13.2770649370854,0.109999999999985
"N1714","MONTHLY","ets",18,1.57670738187217,0.666666666666667,0.888888888888889,6.95550673192933,0.159999999999997
"N1715","MONTHLY","bets",18,0.404288560060296,1,1,6.02238418177806,0.179999999999978
"N1715","MONTHLY","ets",18,0.842994435046708,0.944444444444444,1,5.66244632813006,0.120000000000005
"N1716","MONTHLY","bets",18,0.567785916236813,0.944444444444444,0.944444444444444,7.19733062762129,0.170000000000016
"N1716","MONTHLY","ets",18,0.611969986322929,0.944444444444444,0.944444444444444,6.33804140188431,0.139999999999986
"N1717","MONTHLY","bets",18,0.323739423872202,1,1,6.20426550665024,0.129999999999995
"N1717","MONTHLY","ets",18,1.03005572734015,0.888888888888889,1,6.27093738776207,0.0800000000000125
"N1718","MONTHLY","bets",18,0.830004811774833,0.833333333333333,0.888888888888889,5.58286007689969,0.110000000000014
"N1718","MONTHLY","ets",18,0.90275464823577,0.833333333333333,0.833333333333333,8.21182984317657,0.169999999999987
"N1719","MONTHLY","bets",18,0.864301484977692,0.777777777777778,0.888888888888889,4.76805565629047,0.129999999999995
"N1719","MONTHLY","ets",18,0.871722201241272,0.777777777777778,0.833333333333333,4.70572633119901,0.120000000000005
"N1720","MONTHLY","bets",18,0.411046526482198,1,1,4.76127875608212,0.109999999999985
"N1720","MONTHLY","ets",18,0.410452738610384,0.944444444444444,1,4.60433496982926,0.170000000000016
"N1721","MONTHLY","bets",18,0.675412298170718,0.888888888888889,1,4.64255485655111,0.240000000000009
"N1721","MONTHLY","ets",18,1.39039288777933,0.555555555555556,0.722222222222222,7.7736771031424,0.139999999999986
"N1722","MONTHLY","bets",18,0.768909783538805,1,1,5.95736557130924,0.109999999999985
"N1722","MONTHLY","ets",18,0.760037822563157,1,1,5.24296338187854,0.0900000000000034
"N1723","MONTHLY","bets",18,0.393001924549072,1,1,5.17967602171125,0.110000000000014
"N1723","MONTHLY","ets",18,0.338193414479638,1,1,4.94715593240977,0.0999999999999943
"N1724","MONTHLY","bets",18,0.38522056499204,1,1,5.24495367944829,0.129999999999995
"N1724","MONTHLY","ets",18,0.455991141090488,1,1,3.91157114274334,0.139999999999986
"N1725","MONTHLY","bets",18,0.526772419316474,1,1,4.4950381682224,0.150000000000006
"N1725","MONTHLY","ets",18,0.557645132047524,1,1,4.08842015296965,0.159999999999997
"N1726","MONTHLY","bets",18,0.500610361202523,1,1,4.65636024532184,0.120000000000005
"N1726","MONTHLY","ets",18,0.595117721811715,0.944444444444444,1,4.95651840435689,0.159999999999997
"N1727","MONTHLY","bets",18,0.608020594613982,1,1,7.65219656947679,0.0999999999999943
"N1727","MONTHLY","ets",18,0.583475568341787,1,1,7.76234462455221,0.109999999999985
"N1728","MONTHLY","bets",18,0.489597552007433,1,1,9.08716586129833,0.109999999999985
"N1728","MONTHLY","ets",18,0.532504570853555,1,1,4.66478511733053,0.160000000000025
"N1729","MONTHLY","bets",18,0.496154232036982,1,1,5.80250409708286,0.149999999999977
"N1729","MONTHLY","ets",18,0.482646635898966,1,1,5.42736070983974,0.100000000000023
"N1730","MONTHLY","bets",18,0.823304279457597,1,1,5.59040850082781,0.109999999999985
"N1730","MONTHLY","ets",18,0.701697469999222,0.888888888888889,1,4.76869294334505,0.170000000000016
"N1731","MONTHLY","bets",18,0.463044123679541,1,1,5.95440758375117,0.120000000000005
"N1731","MONTHLY","ets",18,0.517878982531958,1,1,5.71431328423797,0.110000000000014
"N1732","MONTHLY","bets",18,0.676517700397503,0.888888888888889,1,5.04004052742999,0.190000000000026
"N1732","MONTHLY","ets",18,0.722766520527211,0.888888888888889,1,4.9184563567143,0.149999999999977
"N1733","MONTHLY","bets",18,0.572701376862597,0.944444444444444,1,5.512378838313,0.259999999999991
"N1733","MONTHLY","ets",18,0.616361243919983,1,1,5.50360543538849,0.129999999999995
"N1734","MONTHLY","bets",18,0.348883242774622,1,1,4.17157389279021,0.120000000000005
"N1734","MONTHLY","ets",18,0.381551896548391,1,1,4.06726065259721,0.110000000000014
"N1735","MONTHLY","bets",18,0.548860001041145,1,1,5.2724717239509,0.109999999999985
"N1735","MONTHLY","ets",18,0.378984992127793,1,1,4.37280372095236,0.140000000000015
"N1736","MONTHLY","bets",18,0.375799475824961,1,1,4.7938078553953,0.110000000000014
"N1736","MONTHLY","ets",18,0.575738521850154,1,1,4.08174808652739,0.109999999999985
"N1737","MONTHLY","bets",18,0.319464716190257,1,1,4.6452027121245,0.120000000000005
"N1737","MONTHLY","ets",18,0.302847430395702,1,1,4.37895344273192,0.110000000000014
"N1738","MONTHLY","bets",18,0.397900857122685,1,1,4.55803219294796,0.120000000000005
"N1738","MONTHLY","ets",18,0.310361788864313,1,1,4.20149578288678,0.0800000000000125
"N1739","MONTHLY","bets",18,0.525567578939235,1,1,5.13384509397389,0.0999999999999943
"N1739","MONTHLY","ets",18,0.499368739330055,0.944444444444444,0.944444444444444,4.74272314148006,0.159999999999997
"N1740","MONTHLY","bets",18,0.633952482448741,0.944444444444444,1,4.40705769646043,0.109999999999985
"N1740","MONTHLY","ets",18,0.641212437901415,0.888888888888889,1,4.25214108732848,0.140000000000015
"N1741","MONTHLY","bets",18,0.652252652701454,0.944444444444444,0.944444444444444,7.93310948936942,0.129999999999995
"N1741","MONTHLY","ets",18,0.766195592915831,0.888888888888889,0.944444444444444,8.6879485548954,0.150000000000006
"N1742","MONTHLY","bets",18,0.401288801439928,1,1,4.64774770828161,0.110000000000014
"N1742","MONTHLY","ets",18,0.452776341215741,0.944444444444444,1,4.23531544042943,0.169999999999987
"N1743","MONTHLY","bets",18,0.414700278001674,1,1,4.73231906431458,0.110000000000014
"N1743","MONTHLY","ets",18,0.350957181387889,1,1,4.52681835299249,0.0900000000000034
"N1744","MONTHLY","bets",18,0.438676811473249,1,1,5.41594650035741,0.120000000000005
"N1744","MONTHLY","ets",18,0.734721248069916,0.888888888888889,1,4.10167538401271,0.140000000000015
"N1745","MONTHLY","bets",18,1.06560236666079,0.666666666666667,1,4.08737249905396,0.110000000000014
"N1745","MONTHLY","ets",18,0.979280512518229,0.666666666666667,1,3.88644781085809,0.169999999999987
"N1746","MONTHLY","bets",18,0.700978309096188,0.888888888888889,1,3.96793161710612,0.110000000000014
"N1746","MONTHLY","ets",18,0.486985103285521,0.944444444444444,1,3.61394269868648,0.159999999999997
"N1747","MONTHLY","bets",18,0.446555468638841,1,1,4.15085622957419,0.139999999999986
"N1747","MONTHLY","ets",18,0.486813349797855,1,1,4.07282285900203,0.140000000000015
"N1748","MONTHLY","bets",18,0.36241158525283,1,1,5.89940260667499,0.219999999999999
"N1748","MONTHLY","ets",18,0.466647659892568,1,1,4.85843061139744,0.110000000000014
"N1749","MONTHLY","bets",18,0.531402729533195,1,1,4.23216143880646,0.129999999999995
"N1749","MONTHLY","ets",18,0.528694148128886,1,1,4.04808950448956,0.169999999999987
"N1750","MONTHLY","bets",18,0.522084575084832,1,1,8.4065682038113,0.110000000000014
"N1750","MONTHLY","ets",18,0.341287899776485,1,1,5.50965798359172,0.199999999999989
"N1751","MONTHLY","bets",18,0.406720395837558,1,1,5.15012238678435,0.380000000000024
"N1751","MONTHLY","ets",18,0.432049934573183,1,1,5.51580901915748,0.149999999999977
"N1752","MONTHLY","bets",18,0.783722549304656,0.833333333333333,1,5.10797452203347,0.110000000000014
"N1752","MONTHLY","ets",18,0.795507362326654,0.888888888888889,1,4.45222424427637,0.169999999999987
"N1753","MONTHLY","bets",18,0.482278687754548,0.944444444444444,1,4.48965536695005,0.159999999999997
"N1753","MONTHLY","ets",18,0.846851035326806,0.833333333333333,0.944444444444444,5.36449776826751,0.120000000000005
"N1754","MONTHLY","bets",18,0.705989404518493,0.888888888888889,0.944444444444444,4.68692036062161,0.129999999999995
"N1754","MONTHLY","ets",18,0.713005655146418,0.888888888888889,0.944444444444444,4.48504086884051,0.140000000000015
"N1755","MONTHLY","bets",18,0.582367594392521,0.833333333333333,0.944444444444444,4.46522770535937,0.0999999999999943
"N1755","MONTHLY","ets",18,0.573890838109463,0.833333333333333,1,3.93888823345523,0.179999999999978
"N1756","MONTHLY","bets",18,0.547836447285445,1,1,4.42523296359178,0.109999999999985
"N1756","MONTHLY","ets",18,0.570747267200295,1,1,3.84668620468308,0.140000000000015
"N1757","MONTHLY","bets",18,0.468791219087517,0.944444444444444,1,4.66236852874943,0.139999999999986
"N1757","MONTHLY","ets",18,0.51643976792138,0.944444444444444,1,4.46150922407772,0.110000000000014
"N1758","MONTHLY","bets",18,0.474607960439724,0.944444444444444,1,6.02831127978905,0.110000000000014
"N1758","MONTHLY","ets",18,0.479866198030755,1,1,5.56269177663301,0.0800000000000125
"N1759","MONTHLY","bets",18,0.410722052948861,0.944444444444444,1,4.53193912807764,0.119999999999976
"N1759","MONTHLY","ets",18,0.421833779338514,0.944444444444444,1,4.38027394559244,0.159999999999997
"N1760","MONTHLY","bets",18,0.503017585343954,0.944444444444444,1,6.14049494161231,0.150000000000006
"N1760","MONTHLY","ets",18,0.561614965107115,0.944444444444444,1,5.42019938465954,0.140000000000015
"N1761","MONTHLY","bets",18,0.616979083862848,0.944444444444444,1,4.50104727062083,0.110000000000014
"N1761","MONTHLY","ets",18,0.882403103530901,0.666666666666667,1,3.8290162167394,0.169999999999987
"N1762","MONTHLY","bets",18,0.714929937174441,1,1,4.87043174886644,0.159999999999997
"N1762","MONTHLY","ets",18,0.775642554585541,1,1,4.75328401353284,0.120000000000005
"N1763","MONTHLY","bets",18,0.198934541969273,1,1,4.15079736769769,0.120000000000005
"N1763","MONTHLY","ets",18,0.133661945202066,1,1,4.00782085675115,0.169999999999987
"N1764","MONTHLY","bets",18,0.252161978158208,1,1,5.84014991823084,0.110000000000014
"N1764","MONTHLY","ets",18,0.25105921544256,1,1,5.64483060813578,0.139999999999986
"N1765","MONTHLY","bets",18,0.217718018693488,1,1,5.02516968002525,0.180000000000007
"N1765","MONTHLY","ets",18,0.413851220879712,1,1,4.33229358194172,0.120000000000005
"N1766","MONTHLY","bets",18,0.428530634411379,1,1,4.18606980012152,0.110000000000014
"N1766","MONTHLY","ets",18,1.0095121811391,0.666666666666667,0.944444444444444,3.67989954987038,0.0900000000000034
"N1767","MONTHLY","bets",18,0.128971411741164,1,1,5.05920762441602,0.0999999999999943
"N1767","MONTHLY","ets",18,0.117196400777905,1,1,4.86398303390498,0.0999999999999943
"N1768","MONTHLY","bets",18,0.329259940940441,1,1,5.24391203810757,0.139999999999986
"N1768","MONTHLY","ets",18,0.281090379595106,1,1,5.05563577995499,0.110000000000014
"N1769","MONTHLY","bets",18,0.353182513261879,1,1,4.60652623940558,0.120000000000005
"N1769","MONTHLY","ets",18,0.913867923360388,0.777777777777778,1,3.90493722601202,0.129999999999995
"N1770","MONTHLY","bets",18,0.573232966959232,0.944444444444444,1,4.29556965798527,0.110000000000014
"N1770","MONTHLY","ets",18,0.662345560969228,1,1,4.02277213258032,0.159999999999997
"N1771","MONTHLY","bets",18,0.572082986966444,0.944444444444444,1,4.85408049313778,0.109999999999985
"N1771","MONTHLY","ets",18,0.607650314313902,0.888888888888889,1,4.04216549175419,0.140000000000015
"N1772","MONTHLY","bets",18,0.496758998856974,1,1,5.61085450056879,0.25
"N1772","MONTHLY","ets",18,0.47814676613772,1,1,4.5732961551431,0.149999999999977
"N1773","MONTHLY","bets",18,0.464299074366999,0.944444444444444,1,5.10354777619162,0.170000000000016
"N1773","MONTHLY","ets",18,0.564308272371192,0.944444444444444,1,4.99010014919831,0.159999999999997
"N1774","MONTHLY","bets",18,0.409418210388959,1,1,5.13402550318327,0.169999999999987
"N1774","MONTHLY","ets",18,0.611937294910295,0.944444444444444,1,4.9439239596347,0.129999999999995
"N1775","MONTHLY","bets",18,0.588599797969577,1,1,5.46656262222259,0.109999999999985
"N1775","MONTHLY","ets",18,0.913157811498153,1,1,6.52331036576057,0.170000000000016
"N1776","MONTHLY","bets",18,0.582175794705983,1,1,5.22333601244166,0.159999999999997
"N1776","MONTHLY","ets",18,0.673772064372002,1,1,4.96499841817228,0.169999999999987
"N1777","MONTHLY","bets",18,0.304486526717534,1,1,4.89192704869978,0.129999999999995
"N1777","MONTHLY","ets",18,0.502472920323521,0.944444444444444,1,4.30597122059635,0.120000000000005
"N1778","MONTHLY","bets",18,0.415057336351434,1,1,5.1922478203791,0.169999999999987
"N1778","MONTHLY","ets",18,0.396614753987473,1,1,4.7549630720988,0.160000000000025
"N1779","MONTHLY","bets",18,0.396273977821946,1,1,5.53176528411664,0.119999999999976
"N1779","MONTHLY","ets",18,0.424080903505063,1,1,5.4066279133667,0.140000000000015
"N1780","MONTHLY","bets",18,0.549342892650046,0.944444444444444,1,5.53715354035863,0.269999999999982
"N1780","MONTHLY","ets",18,0.521900191386719,1,1,5.08845674592596,0.120000000000005
"N1781","MONTHLY","bets",18,0.859378981925667,0.888888888888889,0.944444444444444,8.39870432155539,0.129999999999995
"N1781","MONTHLY","ets",18,0.852718329690576,0.888888888888889,0.944444444444444,8.0950337005839,0.110000000000014
"N1782","MONTHLY","bets",18,0.707955695555416,0.888888888888889,1,5.76140499234292,0.120000000000005
"N1782","MONTHLY","ets",18,0.675689692307036,0.944444444444444,1,5.81383034168591,0.169999999999987
"N1783","MONTHLY","bets",18,0.42115422131249,1,1,5.13925248109675,0.109999999999985
"N1783","MONTHLY","ets",18,0.458368671403031,1,1,4.49968910526314,0.120000000000005
"N1784","MONTHLY","bets",18,0.462353378841586,1,1,4.94156430031251,0.110000000000014
"N1784","MONTHLY","ets",18,0.469043581779741,1,1,4.61728091027686,0.129999999999995
"N1785","MONTHLY","bets",18,0.384290302635429,1,1,4.78995350568404,0.110000000000014
"N1785","MONTHLY","ets",18,0.400730555441477,1,1,4.47196684003409,0.0999999999999943
"N1786","MONTHLY","bets",18,0.336349475940243,1,1,5.14784808093751,0.110000000000014
"N1786","MONTHLY","ets",18,0.325678909304988,1,1,4.85850534162499,0.0999999999999943
"N1787","MONTHLY","bets",18,0.588505162763638,1,1,4.47650618034701,0.130000000000024
"N1787","MONTHLY","ets",18,0.594340327343936,0.944444444444444,1,4.01684492165291,0.119999999999976
"N1788","MONTHLY","bets",18,0.420598105329128,1,1,5.02826962809177,0.159999999999997
"N1788","MONTHLY","ets",18,0.454915392340932,1,1,4.93028388336686,0.150000000000006
"N1789","MONTHLY","bets",18,0.399204490162251,1,1,4.82020084935247,0.140000000000015
"N1789","MONTHLY","ets",18,0.358352135268828,1,1,4.55764898092111,0.129999999999995
"N1790","MONTHLY","bets",18,1.39178662137939,0.666666666666667,0.833333333333333,7.14565020818458,0.139999999999986
"N1790","MONTHLY","ets",18,1.25647656624207,0.666666666666667,0.833333333333333,6.04715445910341,0.139999999999986
"N1791","MONTHLY","bets",18,2.53371493585214,0.388888888888889,0.666666666666667,18.9670443406672,0.120000000000005
"N1791","MONTHLY","ets",18,1.91450272638907,0.444444444444444,0.777777777777778,13.6514312488205,0.110000000000014
"N1792","MONTHLY","bets",18,0.759110013920683,0.888888888888889,1,4.6588091752834,0.129999999999995
"N1792","MONTHLY","ets",18,0.784697070139221,0.777777777777778,1,4.1958993281838,0.180000000000007
"N1793","MONTHLY","bets",18,0.689701437972182,0.888888888888889,1,4.26457958940038,0.200000000000017
"N1793","MONTHLY","ets",18,0.694512357012314,0.944444444444444,1,4.03165983198263,0.139999999999986
"N1794","MONTHLY","bets",18,0.760180525783835,0.777777777777778,0.944444444444444,4.69953946077997,0.150000000000006
"N1794","MONTHLY","ets",18,0.769737371468952,0.777777777777778,1,3.99996692789055,0.169999999999987
"N1795","MONTHLY","bets",18,0.703822777533125,0.888888888888889,1,4.85392837107762,0.120000000000005
"N1795","MONTHLY","ets",18,0.693587310046728,0.888888888888889,1,4.4471575461313,0.139999999999986
"N1796","MONTHLY","bets",18,1.20034522882726,0.777777777777778,0.944444444444444,5.6858595826473,0.150000000000006
"N1796","MONTHLY","ets",18,1.38548622712073,0.611111111111111,0.833333333333333,6.32940131567602,0.159999999999997
"N1797","MONTHLY","bets",18,1.21551813648597,0.611111111111111,0.944444444444444,5.28703102786005,0.139999999999986
"N1797","MONTHLY","ets",18,1.59434609647056,0.166666666666667,0.666666666666667,8.38493641229949,0.129999999999995
"N1798","MONTHLY","bets",18,0.454773133658294,1,1,4.50388645113862,0.120000000000005
"N1798","MONTHLY","ets",18,0.506199208643181,0.944444444444444,1,4.39034759816153,0.0800000000000125
"N1799","MONTHLY","bets",18,1.73856962479074,0.444444444444444,0.833333333333333,7.32124757690794,0.120000000000005
"N1799","MONTHLY","ets",18,1.89300566313754,0.277777777777778,0.722222222222222,12.7822456333312,0.129999999999995
"N1800","MONTHLY","bets",18,0.792535034214373,0.833333333333333,1,4.29262910080195,0.120000000000005
"N1800","MONTHLY","ets",18,0.790831799708392,0.833333333333333,1,4.11091770343483,0.0799999999999841
"N1801","MONTHLY","bets",18,0.942192004788736,0.888888888888889,1,5.02581570624291,0.109999999999985
"N1801","MONTHLY","ets",18,0.844259915895381,0.833333333333333,0.944444444444444,4.12595883387566,0.110000000000014
"N1802","MONTHLY","bets",18,0.931326925804565,0.777777777777778,1,5.48123913504114,0.109999999999985
"N1802","MONTHLY","ets",18,0.870186229955634,0.777777777777778,1,5.27318689955193,0.110000000000014
"N1803","MONTHLY","bets",18,0.322371511629378,1,1,6.96921960400711,0.110000000000014
"N1803","MONTHLY","ets",18,0.339641311089287,1,1,4.85562702286267,0.0999999999999943
"N1804","MONTHLY","bets",18,0.974139953465619,0.722222222222222,0.944444444444444,4.96642983700396,0.110000000000014
"N1804","MONTHLY","ets",18,0.937053305043941,0.722222222222222,0.944444444444444,4.64088024353857,0.159999999999997
"N1805","MONTHLY","bets",18,0.97342643853632,0.777777777777778,0.944444444444444,6.13840817459998,0.110000000000014
"N1805","MONTHLY","ets",18,0.987094132131979,0.722222222222222,0.888888888888889,5.10334901107919,0.139999999999986
"N1806","MONTHLY","bets",18,0.62451472273338,1,1,4.12087920354401,0.129999999999995
"N1806","MONTHLY","ets",18,0.67593750516258,0.888888888888889,1,3.76660864254646,0.110000000000014
"N1807","MONTHLY","bets",18,0.677842476053648,1,1,8.95525424732234,0.110000000000014
"N1807","MONTHLY","ets",18,0.662833532355746,1,1,8.28210335696382,0.159999999999997
"N1808","MONTHLY","bets",18,0.353064299635767,1,1,11.3653233604941,0.109999999999985
"N1808","MONTHLY","ets",18,0.370956152176132,1,1,11.3043048162185,0.110000000000014
"N1809","MONTHLY","bets",18,0.69509537958153,1,1,7.5886335454847,0.170000000000016
"N1809","MONTHLY","ets",18,0.756918999586032,0.888888888888889,1,4.47509348800844,0.180000000000007
"N1810","MONTHLY","bets",18,0.51671062519917,1,1,4.82638544968442,0.139999999999986
"N1810","MONTHLY","ets",18,0.641723804970105,1,1,4.49237646315152,0.170000000000016
"N1811","MONTHLY","bets",18,0.360440480726054,1,1,5.32117650496126,0.129999999999995
"N1811","MONTHLY","ets",18,0.679095132588366,1,1,4.59372320038337,0.139999999999986
"N1812","MONTHLY","bets",18,0.321789089779347,1,1,5.96775096428919,0.129999999999995
"N1812","MONTHLY","ets",18,0.321903232816975,1,1,5.57872913623411,0.120000000000005
"N1813","MONTHLY","bets",18,0.686641126932186,0.944444444444444,1,4.65685026121974,0.179999999999978
"N1813","MONTHLY","ets",18,0.676462908015679,0.944444444444444,1,4.48250740889527,0.140000000000015
"N1814","MONTHLY","bets",18,0.272893596482914,1,1,5.33475819640942,0.150000000000006
"N1814","MONTHLY","ets",18,0.377316943760478,1,1,4.78350282759749,0.159999999999997
"N1815","MONTHLY","bets",18,0.730932882366063,1,1,4.33008739704611,0.139999999999986
"N1815","MONTHLY","ets",18,0.742083449244121,0.944444444444444,1,4.12447795449811,0.159999999999997
"N1816","MONTHLY","bets",18,0.686756803581572,1,1,5.95953723032517,0.25
"N1816","MONTHLY","ets",18,0.798357524116577,1,1,5.73240150460506,0.140000000000015
"N1817","MONTHLY","bets",18,0.546752845904206,1,1,5.06947846135914,0.120000000000005
"N1817","MONTHLY","ets",18,0.495769426916481,1,1,4.63011304789361,0.0999999999999943
"N1818","MONTHLY","bets",18,0.468123132541083,1,1,4.8745712151088,0.120000000000005
"N1818","MONTHLY","ets",18,0.903777141293953,0.833333333333333,1,3.98732708105681,0.139999999999986
"N1819","MONTHLY","bets",18,0.376172622716462,1,1,6.27013710472224,0.129999999999995
"N1819","MONTHLY","ets",18,0.470273179223925,1,1,5.02716318967273,0.140000000000015
"N1820","MONTHLY","bets",18,2.54619759261347,0.333333333333333,0.777777777777778,10.8015646489907,0.110000000000014
"N1820","MONTHLY","ets",18,2.25775546889,0.222222222222222,0.722222222222222,10.225985181366,0.169999999999987
"N1821","MONTHLY","bets",18,0.976047225204101,0.777777777777778,1,5.07857121531165,0.110000000000014
"N1821","MONTHLY","ets",18,0.699138142515733,0.944444444444444,1,3.75763832320387,0.159999999999997
"N1822","MONTHLY","bets",18,0.221104822954733,1,1,5.34671073752561,0.119999999999976
"N1822","MONTHLY","ets",18,0.519084520972531,1,1,4.62071931084259,0.0900000000000034
"N1823","MONTHLY","bets",18,0.752871780576497,0.888888888888889,0.944444444444444,4.18595843658789,0.109999999999985
"N1823","MONTHLY","ets",18,0.750221933624442,0.944444444444444,0.944444444444444,4.39943288348339,0.110000000000014
"N1824","MONTHLY","bets",18,0.687974134616175,0.888888888888889,1,4.74799692588303,0.120000000000005
"N1824","MONTHLY","ets",18,0.756465117052415,0.888888888888889,1,4.18670910780657,0.129999999999995
"N1825","MONTHLY","bets",18,0.491487534570583,1,1,5.41038921826888,0.169999999999987
"N1825","MONTHLY","ets",18,1.12322851917823,0.666666666666667,0.888888888888889,5.87003004012086,0.130000000000024
"N1826","MONTHLY","bets",18,0.649596722125904,1,1,6.39619390378341,0.109999999999985
"N1826","MONTHLY","ets",18,0.640475642383192,1,1,5.74321392041526,0.110000000000014
"N1827","MONTHLY","bets",18,0.656218614938961,0.944444444444444,1,3.71010850915164,0.109999999999985
"N1827","MONTHLY","ets",18,0.623050695631547,0.944444444444444,1,3.57902742104263,0.170000000000016
"N1828","MONTHLY","bets",18,1.19688961559934,0.611111111111111,0.944444444444444,4.78849774665215,0.110000000000014
"N1828","MONTHLY","ets",18,1.18222115648275,0.555555555555556,0.833333333333333,4.78430409308707,0.139999999999986
"N1829","MONTHLY","bets",18,0.62948644294582,1,1,6.34944291371276,0.109999999999985
"N1829","MONTHLY","ets",18,0.653739954155485,1,1,6.30266128891251,0.100000000000023
"N1830","MONTHLY","bets",18,1.4530849292024,0.611111111111111,0.888888888888889,5.35586565120522,0.0999999999999943
"N1830","MONTHLY","ets",18,1.40359419928784,0.611111111111111,0.888888888888889,5.15520321272084,0.129999999999995
"N1831","MONTHLY","bets",18,0.508411090946511,1,1,6.44210966485697,0.0999999999999943
"N1831","MONTHLY","ets",18,0.549859041413576,1,1,6.09630315113541,0.0799999999999841
"N1832","MONTHLY","bets",18,1.83216845688805,0.444444444444444,0.722222222222222,10.5008302214989,0.139999999999986
"N1832","MONTHLY","ets",18,1.33635912005707,0.5,0.833333333333333,9.27038731201251,0.140000000000015
"N1833","MONTHLY","bets",18,1.73273761891605,0.5,0.777777777777778,19.843509936214,0.0999999999999943
"N1833","MONTHLY","ets",18,1.86449254717716,0.444444444444444,0.611111111111111,27.245474275048,0.179999999999978
"N1834","MONTHLY","bets",18,3.24101671205947,0.388888888888889,0.611111111111111,29.2096288900596,0.230000000000018
"N1834","MONTHLY","ets",18,4.17774562018331,0.0555555555555556,0.222222222222222,59.3401681139574,0.159999999999997
"N1835","MONTHLY","bets",18,0.677447140932691,1,1,4.23915452938406,0.139999999999986
"N1835","MONTHLY","ets",18,0.65814775962456,1,1,4.09112717522488,0.150000000000006
"N1836","MONTHLY","bets",18,0.765311635318818,0.833333333333333,1,4.90355333918792,0.169999999999987
"N1836","MONTHLY","ets",18,0.733108595494955,0.833333333333333,1,4.27516448894688,0.170000000000016
"N1837","MONTHLY","bets",18,3.11198065328034,0.333333333333333,0.5,31.0701066867445,0.139999999999986
"N1837","MONTHLY","ets",18,2.34879888889512,0.222222222222222,0.444444444444444,26.4602288580988,0.140000000000015
"N1838","MONTHLY","bets",18,0.741634686331423,0.833333333333333,0.944444444444444,5.40489865718401,0.129999999999995
"N1838","MONTHLY","ets",18,0.667340776028427,0.833333333333333,0.944444444444444,4.9792203291241,0.120000000000005
"N1839","MONTHLY","bets",18,4.4759715036588,0.111111111111111,0.222222222222222,65.0131683115713,0.130000000000024
"N1839","MONTHLY","ets",18,4.43756884633084,0.0555555555555556,0.111111111111111,75.2756579158223,0.289999999999992
"N1840","MONTHLY","bets",18,1.3610028888093,0.888888888888889,0.888888888888889,7.88473426138086,0.169999999999987
"N1840","MONTHLY","ets",18,1.02295176151136,0.777777777777778,0.833333333333333,7.79880327308729,0.159999999999997
"N1841","MONTHLY","bets",18,1.01561562783494,0.888888888888889,0.944444444444444,6.79471592044693,0.170000000000016
"N1841","MONTHLY","ets",18,1.26924349164994,0.611111111111111,0.833333333333333,5.56332332159314,0.109999999999985
"N1842","MONTHLY","bets",18,0.45545537919215,1,1,4.26137850094284,0.120000000000005
"N1842","MONTHLY","ets",18,0.456237698675764,0.944444444444444,1,4.16975440707569,0.159999999999997
"N1843","MONTHLY","bets",18,0.554950936607543,1,1,4.98847318771766,0.129999999999995
"N1843","MONTHLY","ets",18,0.667280437939897,0.944444444444444,1,4.49173432995578,0.160000000000025
"N1844","MONTHLY","bets",18,0.513952422609443,0.944444444444444,1,4.21265704854422,0.109999999999985
"N1844","MONTHLY","ets",18,0.508258621387417,0.944444444444444,1,3.98245974371911,0.140000000000015
"N1845","MONTHLY","bets",18,0.463895905652288,1,1,8.2261806265645,0.109999999999985
"N1845","MONTHLY","ets",18,0.537440431774361,1,1,4.47790321611156,0.170000000000016
"N1846","MONTHLY","bets",18,0.254441763675693,1,1,5.67753463559373,0.120000000000005
"N1846","MONTHLY","ets",18,0.212152586580891,1,1,5.36326150558002,0.159999999999997
"N1847","MONTHLY","bets",18,0.400291220437583,1,1,5.39753687448814,0.120000000000005
"N1847","MONTHLY","ets",18,0.472257259077691,1,1,4.73188971354502,0.129999999999995
"N1848","MONTHLY","bets",18,0.293136456446351,1,1,4.7157000541975,0.109999999999985
"N1848","MONTHLY","ets",18,0.251937043514151,1,1,4.18461683445532,0.159999999999997
"N1849","MONTHLY","bets",18,0.742914396652463,1,1,5.06367992438004,0.120000000000005
"N1849","MONTHLY","ets",18,0.518222729113395,0.944444444444444,1,4.35065786706064,0.109999999999985
"N1850","MONTHLY","bets",18,0.946194991853788,0.722222222222222,1,4.97971353500971,0.130000000000024
"N1850","MONTHLY","ets",18,0.929186603724537,0.722222222222222,1,4.74058642616464,0.139999999999986
"N1851","MONTHLY","bets",18,1.32600655065964,0.722222222222222,1,6.06015193722098,0.120000000000005
"N1851","MONTHLY","ets",18,1.30528324620303,0.777777777777778,0.944444444444444,6.09029293066717,0.109999999999985
"N1852","MONTHLY","bets",18,0.900694624845273,0.833333333333333,1,5.26441728927383,0.120000000000005
"N1852","MONTHLY","ets",18,1.02666393817886,0.777777777777778,1,4.85532535114027,0.129999999999995
"N1853","MONTHLY","bets",18,0.74111034230637,0.777777777777778,0.944444444444444,4.33486686369323,0.139999999999986
"N1853","MONTHLY","ets",18,0.732658748969824,0.777777777777778,1,3.93715534072905,0.150000000000006
"N1854","MONTHLY","bets",18,0.731551502923898,1,1,4.75227347041395,0.120000000000005
"N1854","MONTHLY","ets",18,0.695298475461158,1,1,4.50118697589554,0.159999999999997
"N1855","MONTHLY","bets",18,0.613869731795665,0.833333333333333,1,4.01035227686003,0.25
"N1855","MONTHLY","ets",18,0.615165565862934,0.833333333333333,1,3.80813636367912,0.169999999999987
"N1856","MONTHLY","bets",18,1.30397321710353,0.666666666666667,0.833333333333333,8.87315670358323,0.129999999999995
"N1856","MONTHLY","ets",18,1.30283569028933,0.611111111111111,0.888888888888889,9.04525166518797,0.170000000000016
"N1857","MONTHLY","bets",18,0.614693563135281,0.833333333333333,0.944444444444444,5.8526279388497,0.110000000000014
"N1857","MONTHLY","ets",18,0.605644546147979,0.833333333333333,0.944444444444444,5.66713103420712,0.159999999999997
"N1858","MONTHLY","bets",18,0.661856079642653,0.888888888888889,0.944444444444444,4.15701916586639,0.149999999999977
"N1858","MONTHLY","ets",18,0.654674854612645,0.888888888888889,1,3.63011297028758,0.170000000000016
"N1859","MONTHLY","bets",18,0.813180943574344,0.833333333333333,0.944444444444444,5.0853126510037,0.139999999999986
"N1859","MONTHLY","ets",18,0.788654091486336,0.833333333333333,0.888888888888889,4.62489142657974,0.159999999999997
"N1860","MONTHLY","bets",18,1.0508155315016,0.777777777777778,0.944444444444444,15.1670684379866,0.130000000000024
"N1860","MONTHLY","ets",18,1.29705904463649,0.666666666666667,0.722222222222222,20.688959306649,0.169999999999987
"N1861","MONTHLY","bets",18,0.829150343245284,1,1,4.68278782761362,0.110000000000014
"N1861","MONTHLY","ets",18,0.896001180759682,0.833333333333333,1,4.51472618334615,0.159999999999997
"N1862","MONTHLY","bets",18,0.882410324296856,0.833333333333333,1,4.28027269394135,0.110000000000014
"N1862","MONTHLY","ets",18,0.871523477737206,0.833333333333333,1,4.13883616497877,0.159999999999997
"N1863","MONTHLY","bets",18,0.784092431982068,1,1,4.5519821699572,0.120000000000005
"N1863","MONTHLY","ets",18,0.68972139544885,1,1,4.51658887200682,0.129999999999995
"N1864","MONTHLY","bets",18,0.625109736502629,0.888888888888889,1,4.06358462655289,0.0999999999999943
"N1864","MONTHLY","ets",18,0.621910695687111,0.833333333333333,1,3.7070615005773,0.159999999999997
"N1865","MONTHLY","bets",18,0.706143788086866,0.944444444444444,1,5.08417039538729,0.110000000000014
"N1865","MONTHLY","ets",18,0.677823953390071,0.833333333333333,1,3.89600620612758,0.139999999999986
"N1866","MONTHLY","bets",18,1.4149023697352,0.611111111111111,0.888888888888889,5.77612327177015,0.170000000000016
"N1866","MONTHLY","ets",18,1.48099465808234,0.611111111111111,1,5.09945002682544,0.139999999999986
"N1867","MONTHLY","bets",18,1.45617214428948,0.666666666666667,0.833333333333333,10.0773518363642,0.189999999999998
"N1867","MONTHLY","ets",18,0.909697926105686,0.777777777777778,0.777777777777778,6.45988903455743,0.139999999999986
"N1868","MONTHLY","bets",18,0.534309491258249,0.944444444444444,1,4.77657095044843,0.129999999999995
"N1868","MONTHLY","ets",18,0.522419354449786,0.944444444444444,1,4.54886791397858,0.0900000000000034
"N1869","MONTHLY","bets",18,0.552261043782576,1,1,3.95145092888792,0.120000000000005
"N1869","MONTHLY","ets",18,0.559080963394967,1,1,3.89231263768129,0.159999999999997
"N1870","MONTHLY","bets",18,0.503075165352181,1,1,4.1451252668627,0.169999999999987
"N1870","MONTHLY","ets",18,0.479237386796795,1,1,3.92378190318872,0.170000000000016
"N1871","MONTHLY","bets",18,0.877667512179208,0.777777777777778,0.944444444444444,5.9516516413551,0.189999999999998
"N1871","MONTHLY","ets",18,0.850793219910749,0.777777777777778,0.944444444444444,5.60794592662096,0.159999999999997
"N1872","MONTHLY","bets",18,0.696317780472057,0.888888888888889,1,5.0696534542781,0.129999999999995
"N1872","MONTHLY","ets",18,0.628035507770024,0.944444444444444,1,4.50947655184526,0.180000000000007
"N1873","MONTHLY","bets",18,0.582788328195935,0.888888888888889,1,4.55995190024143,0.120000000000005
"N1873","MONTHLY","ets",18,0.586950639155471,0.888888888888889,0.944444444444444,4.31485912021292,0.179999999999978
"N1874","MONTHLY","bets",18,0.437438198335284,1,1,3.90900353267378,0.140000000000015
"N1874","MONTHLY","ets",18,0.431116905693177,1,1,3.71783995597583,0.169999999999987
"N1875","MONTHLY","bets",18,0.19594631378414,1,1,4.9174148803849,0.109999999999985
"N1875","MONTHLY","ets",18,0.24279920232986,1,1,4.56840755050283,0.159999999999997
"N1876","MONTHLY","bets",18,0.764849193905558,0.888888888888889,1,4.91519150447827,0.370000000000005
"N1876","MONTHLY","ets",18,0.761624431701236,0.944444444444444,1,5.33496872770268,0.169999999999987
"N1877","MONTHLY","bets",18,0.643222416441216,0.944444444444444,1,4.98060945270508,0.169999999999987
"N1877","MONTHLY","ets",18,0.626178482622527,1,1,5.27828855805765,0.140000000000015
"N1878","MONTHLY","bets",18,1.06710855142727,0.944444444444444,1,5.96105636797403,0.129999999999995
"N1878","MONTHLY","ets",18,1.05712977008846,1,1,6.3201329478124,0.139999999999986
"N1879","MONTHLY","bets",18,0.922753589199417,0.944444444444444,1,5.44772279049481,0.120000000000005
"N1879","MONTHLY","ets",18,0.801395122221939,0.833333333333333,1,4.39248619923716,0.140000000000015
"N1880","MONTHLY","bets",18,0.454088644701998,1,1,4.350296321328,0.129999999999995
"N1880","MONTHLY","ets",18,0.388782862566826,1,1,3.91193897981605,0.120000000000005
"N1881","MONTHLY","bets",18,2.13117484692138,0.444444444444444,0.777777777777778,12.2035848732274,0.120000000000005
"N1881","MONTHLY","ets",18,2.12978997779142,0.333333333333333,0.666666666666667,15.2763699118794,0.110000000000014
"N1882","MONTHLY","bets",18,0.208678604056699,1,1,3.55719367970136,0.120000000000005
"N1882","MONTHLY","ets",18,0.224906596018724,1,1,2.5923364957981,0.159999999999997
"N1883","MONTHLY","bets",18,0.310039283843599,1,1,3.61210657166528,0.260000000000019
"N1883","MONTHLY","ets",18,0.400381465134009,1,1,2.98641794954576,0.159999999999997
"N1884","MONTHLY","bets",18,0.791058391879974,1,1,4.90212960704156,0.110000000000014
"N1884","MONTHLY","ets",18,0.287819386919084,1,1,4.29075073210099,0.169999999999987
"N1885","MONTHLY","bets",18,0.616930257005148,1,1,6.1098458570631,0.110000000000014
"N1885","MONTHLY","ets",18,0.59235150283927,1,1,6.13063084561491,0.139999999999986
"N1886","MONTHLY","bets",18,0.593731284154714,1,1,4.47716950207252,0.129999999999995
"N1886","MONTHLY","ets",18,0.583119125067027,1,1,4.24125373264937,0.109999999999985
"N1887","MONTHLY","bets",18,1.1730642875028,0.833333333333333,1,4.7514464299662,0.129999999999995
"N1887","MONTHLY","ets",18,1.11369986642406,0.777777777777778,0.944444444444444,4.45578838506734,0.169999999999987
"N1888","MONTHLY","bets",18,0.48504531611504,1,1,4.78288443808916,0.170000000000016
"N1888","MONTHLY","ets",18,0.480772616216145,1,1,4.61803518587908,0.109999999999985
"N1889","MONTHLY","bets",18,0.692469596009515,1,1,4.55729823066115,0.129999999999995
"N1889","MONTHLY","ets",18,0.7312177149177,1,1,4.2521282022341,0.150000000000006
"N1890","MONTHLY","bets",18,0.848472006826931,0.833333333333333,1,4.92723896325841,0.139999999999986
"N1890","MONTHLY","ets",18,0.522899893699638,0.944444444444444,1,4.6816338898046,0.140000000000015
"N1891","MONTHLY","bets",18,1.22204433948918,0.777777777777778,1,5.59720631588176,0.119999999999976
"N1891","MONTHLY","ets",18,1.04433836311304,0.833333333333333,1,5.12650788577736,0.170000000000016
"N1892","MONTHLY","bets",18,0.659333805868151,0.944444444444444,1,4.61113285478066,0.129999999999995
"N1892","MONTHLY","ets",18,0.609908975905597,0.888888888888889,1,4.05409744279872,0.169999999999987
"N1893","MONTHLY","bets",18,0.519344996912567,0.944444444444444,1,4.4312332618789,0.140000000000015
"N1893","MONTHLY","ets",18,0.716962470934768,0.888888888888889,0.944444444444444,6.35640992083645,0.109999999999985
"N1894","MONTHLY","bets",18,1.67247576648024,0.222222222222222,1,4.35366705187533,0.120000000000005
"N1894","MONTHLY","ets",18,1.70275399982056,0.166666666666667,0.611111111111111,11.1529227928148,0.129999999999995
"N1895","MONTHLY","bets",18,0.93099926364383,0.833333333333333,0.888888888888889,9.55675770509527,0.129999999999995
"N1895","MONTHLY","ets",18,0.952895240051457,0.833333333333333,0.888888888888889,10.4317320558029,0.120000000000005
"N1896","MONTHLY","bets",18,0.547638837120045,0.833333333333333,0.888888888888889,5.4930446091104,0.300000000000011
"N1896","MONTHLY","ets",18,1.17124339832942,0.722222222222222,0.944444444444444,5.11224543928086,0.169999999999987
"N1897","MONTHLY","bets",18,0.538263673899072,0.888888888888889,1,4.14629264315692,0.150000000000006
"N1897","MONTHLY","ets",18,0.606975303270984,1,1,3.67819448396869,0.169999999999987
"N1898","MONTHLY","bets",18,0.792216642878652,0.777777777777778,1,4.39273795741727,0.140000000000015
"N1898","MONTHLY","ets",18,0.700787672137766,0.833333333333333,1,3.94164014861332,0.159999999999997
"N1899","MONTHLY","bets",18,0.838567212633493,0.833333333333333,0.944444444444444,4.63402876774304,0.120000000000005
"N1899","MONTHLY","ets",18,0.928034996759113,0.722222222222222,0.888888888888889,5.33240663311778,0.179999999999978
"N1900","MONTHLY","bets",18,0.950234956109876,0.833333333333333,0.944444444444444,5.79493906558209,0.129999999999995
"N1900","MONTHLY","ets",18,0.928943047168245,0.833333333333333,0.944444444444444,5.70011376257205,0.150000000000006
"N1901","MONTHLY","bets",18,0.760654826264738,0.833333333333333,1,3.99289996288914,0.180000000000007
"N1901","MONTHLY","ets",18,0.81832612231779,0.833333333333333,0.944444444444444,4.70685754424534,0.0999999999999943
"N1902","MONTHLY","bets",18,0.970564260910147,0.777777777777778,0.944444444444444,10.4169574402661,0.25
"N1902","MONTHLY","ets",18,0.913387101954402,0.777777777777778,0.777777777777778,11.4411807139527,0.159999999999997
"N1903","MONTHLY","bets",18,0.973261316880353,1,1,6.43810381627445,0.139999999999986
"N1903","MONTHLY","ets",18,0.929805710202017,0.944444444444444,1,5.70456278766154,0.170000000000016
"N1904","MONTHLY","bets",18,0.783524996714945,1,1,10.4814729519772,0.110000000000014
"N1904","MONTHLY","ets",18,0.797779086711061,1,1,10.5738670785412,0.139999999999986
"N1905","MONTHLY","bets",18,1.5891766701717,0.777777777777778,1,6.59026698409481,0.129999999999995
"N1905","MONTHLY","ets",18,1.36863327412834,1,1,6.64645590461119,0.139999999999986
"N1906","MONTHLY","bets",18,1.0666895268018,0.944444444444444,1,6.66654453738852,0.27000000000001
"N1906","MONTHLY","ets",18,1.31050954861975,0.888888888888889,0.944444444444444,7.22221657428338,0.0699999999999932
"N1907","MONTHLY","bets",18,0.748883713134221,1,1,4.52901441127371,0.120000000000005
"N1907","MONTHLY","ets",18,0.794266355152856,0.833333333333333,1,3.77721168467609,0.179999999999978
"N1908","MONTHLY","bets",18,0.386090680987557,1,1,5.07288475357354,0.120000000000005
"N1908","MONTHLY","ets",18,0.403925886865468,1,1,4.77219576229098,0.129999999999995
"N1909","MONTHLY","bets",18,0.904092596260765,0.833333333333333,1,5.57830034632962,0.129999999999995
"N1909","MONTHLY","ets",18,0.891549346669579,0.833333333333333,1,5.21803725008277,0.139999999999986
"N1910","MONTHLY","bets",18,0.8185637569319,0.944444444444444,1,5.46052013940791,0.129999999999995
"N1910","MONTHLY","ets",18,0.680259989271293,0.944444444444444,1,4.88791544255493,0.169999999999987
"N1911","MONTHLY","bets",18,0.951331823773395,0.722222222222222,1,4.51393528194326,0.170000000000016
"N1911","MONTHLY","ets",18,0.89472760691113,0.833333333333333,1,4.51688122987652,0.129999999999995
"N1912","MONTHLY","bets",18,0.97363244265103,0.833333333333333,0.944444444444444,6.75087912272374,0.129999999999995
"N1912","MONTHLY","ets",18,1.05514424506896,0.833333333333333,0.944444444444444,7.13846467792553,0.170000000000016
"N1913","MONTHLY","bets",18,0.750383374957048,0.888888888888889,1,6.00051661173072,0.199999999999989
"N1913","MONTHLY","ets",18,1.00355329033688,0.944444444444444,1,6.20634876162188,0.140000000000015
"N1914","MONTHLY","bets",18,0.903410425565399,0.833333333333333,1,5.55475500569216,0.129999999999995
"N1914","MONTHLY","ets",18,0.813670714246559,1,1,9.18183107210427,0.120000000000005
"N1915","MONTHLY","bets",18,0.899463876854831,0.833333333333333,1,4.94731545264157,0.129999999999995
"N1915","MONTHLY","ets",18,0.822722633770304,0.833333333333333,1,4.58982976366524,0.199999999999989
"N1916","MONTHLY","bets",18,0.490775137286638,1,1,5.31935167406647,0.159999999999997
"N1916","MONTHLY","ets",18,0.399733120793428,0.944444444444444,1,4.65968751217799,0.140000000000015
"N1917","MONTHLY","bets",18,0.80789463926336,0.888888888888889,1,5.36020201141544,0.139999999999986
"N1917","MONTHLY","ets",18,0.849508244932824,0.888888888888889,0.944444444444444,5.11408185684279,0.140000000000015
"N1918","MONTHLY","bets",18,0.513079779027673,1,1,5.48375355196858,0.119999999999976
"N1918","MONTHLY","ets",18,0.4764620192233,1,1,5.66852683602135,0.110000000000014
"N1919","MONTHLY","bets",18,0.893169486528127,0.833333333333333,0.944444444444444,5.57953522917726,0.149999999999977
"N1919","MONTHLY","ets",18,0.893447946165151,0.777777777777778,0.944444444444444,6.38129547677002,0.129999999999995
"N1920","MONTHLY","bets",18,0.514156604428671,1,1,4.6858915932295,0.129999999999995
"N1920","MONTHLY","ets",18,0.574718828791119,1,1,4.31262930562256,0.0900000000000034
"N1921","MONTHLY","bets",18,0.494281044172076,1,1,5.07653930066057,0.110000000000014
"N1921","MONTHLY","ets",18,0.473117800560135,1,1,4.86386223358535,0.110000000000014
"N1922","MONTHLY","bets",18,0.995527713591714,0.833333333333333,0.944444444444444,5.54119695511226,0.109999999999985
"N1922","MONTHLY","ets",18,1.08985102524129,0.833333333333333,1,4.75632564963208,0.140000000000015
"N1923","MONTHLY","bets",18,1.00669306437821,0.833333333333333,0.944444444444444,6.29068427708218,0.120000000000005
"N1923","MONTHLY","ets",18,1.13532194052035,0.777777777777778,0.944444444444444,5.36979454798233,0.140000000000015
"N1924","MONTHLY","bets",18,0.796028317842847,0.944444444444444,0.944444444444444,5.14955488469799,0.129999999999995
"N1924","MONTHLY","ets",18,0.840457006813208,0.888888888888889,0.944444444444444,4.37497582004801,0.120000000000005
"N1925","MONTHLY","bets",18,1.62270053500973,0.5,0.888888888888889,6.07690611303686,0.129999999999995
"N1925","MONTHLY","ets",18,1.69578048776333,0.5,0.722222222222222,9.11374509453396,0.109999999999985
"N1926","MONTHLY","bets",18,0.447705701303459,0.944444444444444,1,4.43681617868274,0.129999999999995
"N1926","MONTHLY","ets",18,0.413498619597542,0.944444444444444,1,3.74667205335104,0.139999999999986
"N1927","MONTHLY","bets",18,0.477825979800943,1,1,5.91446321297546,0.120000000000005
"N1927","MONTHLY","ets",18,0.493855518122283,1,1,5.67488937765689,0.0999999999999943
"N1928","MONTHLY","bets",18,0.434052583226279,1,1,4.4325734606229,0.140000000000015
"N1928","MONTHLY","ets",18,0.442140734532711,1,1,3.74092763807676,0.120000000000005
"N1929","MONTHLY","bets",18,0.730065284528714,0.888888888888889,1,4.40224882766278,0.129999999999995
"N1929","MONTHLY","ets",18,0.719479934306987,0.833333333333333,1,3.79303448667135,0.120000000000005
"N1930","MONTHLY","bets",18,0.48086908102581,1,1,6.67913238157446,0.110000000000014
"N1930","MONTHLY","ets",18,0.478652073008129,1,1,6.42685653237145,0.109999999999985
"N1931","MONTHLY","bets",18,0.789776363588116,0.888888888888889,1,4.19184647830218,0.129999999999995
"N1931","MONTHLY","ets",18,0.732089821438743,0.833333333333333,0.944444444444444,3.86712954031501,0.139999999999986
"N1932","MONTHLY","bets",18,1.15477969821174,0.722222222222222,0.944444444444444,4.40632998356924,0.109999999999985
"N1932","MONTHLY","ets",18,1.74067197125526,0.388888888888889,0.777777777777778,7.72366047095259,0.129999999999995
"N1933","MONTHLY","bets",18,0.852884645232815,0.5,0.888888888888889,4.7166728402614,0.170000000000016
"N1933","MONTHLY","ets",18,0.72782504894213,0.611111111111111,0.833333333333333,4.36425957732969,0.139999999999986
"N1934","MONTHLY","bets",18,2.44106550657446,0.5,0.666666666666667,32.2487919873915,0.159999999999997
"N1934","MONTHLY","ets",18,2.41594482641717,0.5,0.777777777777778,31.0572632981032,0.170000000000016
"N1935","MONTHLY","bets",18,4.37927394495125,0.333333333333333,0.444444444444444,95.6331884006259,0.110000000000014
"N1935","MONTHLY","ets",18,4.38589650505997,0.333333333333333,0.388888888888889,102.040985127772,0.109999999999985
"N1936","MONTHLY","bets",18,0.490792166664899,0.888888888888889,1,3.82508023572216,0.129999999999995
"N1936","MONTHLY","ets",18,0.512530021903418,0.888888888888889,1,3.85824816880322,0.150000000000006
"N1937","MONTHLY","bets",18,0.550921212749562,1,1,6.18989429427934,0.109999999999985
"N1937","MONTHLY","ets",18,0.568947236452034,1,1,5.46503170064179,0.110000000000014
"N1938","MONTHLY","bets",18,0.356545992809673,1,1,4.39886780682056,0.150000000000006
"N1938","MONTHLY","ets",18,0.364652207179411,1,1,4.46539136196743,0.179999999999978
"N1939","MONTHLY","bets",18,0.388891732855851,0.944444444444444,1,3.89237327292234,0.129999999999995
"N1939","MONTHLY","ets",18,0.428351536497993,0.944444444444444,1,4.09897721297008,0.150000000000006
"N1940","MONTHLY","bets",18,0.461215159709127,1,1,5.88716766530465,0.120000000000005
"N1940","MONTHLY","ets",18,0.436563416495922,1,1,6.07890143607149,0.140000000000015
"N1941","MONTHLY","bets",18,2.64353008562847,0.388888888888889,0.555555555555556,36.2996202848348,0.130000000000024
"N1941","MONTHLY","ets",18,2.91390762409075,0.166666666666667,0.388888888888889,52.592847092094,0.149999999999977
"N1942","MONTHLY","bets",18,2.55183814142201,0.444444444444444,0.722222222222222,38.0163590561978,0.129999999999995
"N1942","MONTHLY","ets",18,3.00379683577539,0.222222222222222,0.388888888888889,58.4569705979816,0.120000000000005
"N1943","MONTHLY","bets",18,4.36139572901401,0.222222222222222,0.222222222222222,63.2998123388542,0.129999999999995
"N1943","MONTHLY","ets",18,4.36881323099798,0.222222222222222,0.277777777777778,65.3939026336013,0.120000000000005
"N1944","MONTHLY","bets",18,1.23105718284577,0.555555555555556,0.944444444444444,4.39850376233422,0.129999999999995
"N1944","MONTHLY","ets",18,1.29002468534571,0.388888888888889,0.777777777777778,7.11136423781516,0.140000000000015
"N1945","MONTHLY","bets",18,2.14642106277452,0.166666666666667,0.722222222222222,14.0713850728898,0.129999999999995
"N1945","MONTHLY","ets",18,2.13686170698412,0.111111111111111,0.388888888888889,17.9514983172548,0.120000000000005
"N1946","MONTHLY","bets",18,0.941972812374761,0.888888888888889,1,4.72948896764191,0.120000000000005
"N1946","MONTHLY","ets",18,0.882316709550149,0.777777777777778,1,4.1332754748733,0.109999999999985
"N1947","MONTHLY","bets",18,1.21489100971382,0.722222222222222,0.944444444444444,5.61031228027308,0.120000000000005
"N1947","MONTHLY","ets",18,1.20919599366007,0.611111111111111,0.833333333333333,6.32542681926908,0.129999999999995
"N1948","MONTHLY","bets",18,1.45123840714558,0.555555555555556,0.777777777777778,6.33225984613217,0.139999999999986
"N1948","MONTHLY","ets",18,1.63241599443868,0.444444444444444,0.5,16.3404974922795,0.120000000000005
"N1949","MONTHLY","bets",18,2.43099997142122,0.333333333333333,0.611111111111111,32.3141484466353,0.109999999999985
"N1949","MONTHLY","ets",18,2.46808070831776,0.333333333333333,0.611111111111111,36.8528430294994,0.140000000000015
"N1950","MONTHLY","bets",18,0.912976571299723,0.777777777777778,0.888888888888889,4.3026008812812,0.120000000000005
"N1950","MONTHLY","ets",18,0.905968348251855,0.777777777777778,1,4.42567751354389,0.179999999999978
"N1951","MONTHLY","bets",18,0.944531675229372,0.944444444444444,0.944444444444444,6.77887727250519,0.110000000000014
"N1951","MONTHLY","ets",18,1.0204006470782,0.944444444444444,0.944444444444444,7.04293419382077,0.150000000000006
"N1952","MONTHLY","bets",18,0.777277959873697,0.833333333333333,1,4.70179603591461,0.120000000000005
"N1952","MONTHLY","ets",18,0.739004196264244,0.888888888888889,1,4.96804149367659,0.140000000000015
"N1953","MONTHLY","bets",18,2.4142889869556,0.444444444444444,0.555555555555556,38.6746737032748,0.120000000000005
"N1953","MONTHLY","ets",18,2.38796902242692,0.444444444444444,0.555555555555556,40.0050802989009,0.159999999999997
"N1954","MONTHLY","bets",18,1.82885975229965,0.444444444444444,0.833333333333333,10.4861556732207,0.140000000000015
"N1954","MONTHLY","ets",18,2.91213458499956,0.111111111111111,0.222222222222222,50.1946730919516,0.109999999999985
"N1955","MONTHLY","bets",18,0.431063485381362,1,1,5.73542542348083,0.110000000000014
"N1955","MONTHLY","ets",18,0.399486682877292,1,1,4.92817894820564,0.149999999999977
"N1956","MONTHLY","bets",18,0.408410446950922,1,1,5.91955382651074,0.120000000000005
"N1956","MONTHLY","ets",18,0.414085617072504,1,1,5.11823602941825,0.159999999999997
"N1957","MONTHLY","bets",18,0.619838482314415,1,1,4.75467363857087,0.240000000000009
"N1957","MONTHLY","ets",18,0.576606647194493,1,1,4.73383896282914,0.150000000000006
"N1958","MONTHLY","bets",18,0.786683027669259,1,1,4.99802999531165,0.129999999999995
"N1958","MONTHLY","ets",18,0.765766448190977,1,1,4.7469403473116,0.0900000000000034
"N1959","MONTHLY","bets",18,0.277652092762543,1,1,4.89915899601671,0.110000000000014
"N1959","MONTHLY","ets",18,0.329490163982038,1,1,4.64495829864059,0.150000000000006
"N1960","MONTHLY","bets",18,0.339362927951853,0.944444444444444,1,5.06872257640153,0.140000000000015
"N1960","MONTHLY","ets",18,0.290207406317065,0.944444444444444,1,5.37474072542505,0.129999999999995
"N1961","MONTHLY","bets",18,0.728809749247808,1,1,5.18524228313436,0.110000000000014
"N1961","MONTHLY","ets",18,0.730283752980656,1,1,5.27381833532671,0.109999999999985
"N1962","MONTHLY","bets",18,0.782556567856078,0.944444444444444,0.944444444444444,5.07966503611566,0.120000000000005
"N1962","MONTHLY","ets",18,0.789317417145821,0.944444444444444,0.944444444444444,4.87838115370668,0.109999999999985
"N1963","MONTHLY","bets",18,0.647703468709335,0.888888888888889,0.944444444444444,5.30158240930834,0.120000000000005
"N1963","MONTHLY","ets",18,0.623745497217954,0.888888888888889,0.944444444444444,4.96701514375477,0.129999999999995
"N1964","MONTHLY","bets",18,0.582246597516504,0.944444444444444,1,4.79811445866507,0.169999999999987
"N1964","MONTHLY","ets",18,0.82309461895762,0.888888888888889,1,5.10023751432832,0.120000000000005
"N1965","MONTHLY","bets",18,0.994985439057426,0.888888888888889,1,5.48549663349818,0.109999999999985
"N1965","MONTHLY","ets",18,1.04013488963579,0.777777777777778,1,5.46909940880422,0.140000000000015
"N1966","MONTHLY","bets",18,0.512146425894437,0.888888888888889,0.944444444444444,5.2188198118847,0.120000000000005
"N1966","MONTHLY","ets",18,0.611921528674462,0.888888888888889,0.944444444444444,5.20745727181942,0.139999999999986
"N1967","MONTHLY","bets",18,0.997138435505457,0.611111111111111,0.944444444444444,5.48117678710261,0.109999999999985
"N1967","MONTHLY","ets",18,1.0698386820915,0.833333333333333,0.944444444444444,6.50233019416184,0.140000000000015
"N1968","MONTHLY","bets",18,1.59544391261596,0.722222222222222,1,5.92031990296193,0.119999999999976
"N1968","MONTHLY","ets",18,1.54597104069579,0.611111111111111,1,5.47134769841914,0.130000000000024
"N1969","MONTHLY","bets",18,1.52492513182167,0.777777777777778,1,5.83942863043533,0.139999999999986
"N1969","MONTHLY","ets",18,1.50044392011069,0.666666666666667,1,5.53491096702344,0.150000000000006
"N1970","MONTHLY","bets",18,1.19294689484381,0.611111111111111,1,4.38185097306237,0.129999999999995
"N1970","MONTHLY","ets",18,1.35098646599849,0.388888888888889,0.722222222222222,6.55210480995692,0.109999999999985
"N1971","MONTHLY","bets",18,1.25421884971416,0.5,1,4.50702604822354,0.159999999999997
"N1971","MONTHLY","ets",18,1.35225524605395,0.444444444444444,0.777777777777778,5.63960861053772,0.150000000000006
"N1972","MONTHLY","bets",18,0.836176475005581,0.833333333333333,1,4.19080599788715,0.129999999999995
"N1972","MONTHLY","ets",18,1.23114516020512,0.777777777777778,1,4.32304559580167,0.120000000000005
"N1973","MONTHLY","bets",18,1.33294731040007,0.444444444444444,0.888888888888889,5.81706980306005,0.110000000000014
"N1973","MONTHLY","ets",18,1.40205555566885,0.277777777777778,0.722222222222222,7.40727243149552,0.120000000000005
"N1974","MONTHLY","bets",18,1.4513173692157,0.5,1,4.14333087948217,0.110000000000014
"N1974","MONTHLY","ets",18,1.77487349131532,0.111111111111111,0.388888888888889,20.8428845141348,0.139999999999986
"N1975","MONTHLY","bets",18,1.77658696909575,0.388888888888889,0.666666666666667,10.8908965296433,0.130000000000024
"N1975","MONTHLY","ets",18,1.96904905395545,0.166666666666667,0.388888888888889,24.5266745458966,0.149999999999977
"N1976","MONTHLY","bets",18,0.24460102140269,1,1,4.0653920939367,0.129999999999995
"N1976","MONTHLY","ets",18,0.329057345889783,1,1,3.44915591948916,0.0900000000000034
"N1977","MONTHLY","bets",18,1.4084770213725,0.388888888888889,0.888888888888889,7.24306027676619,0.110000000000014
"N1977","MONTHLY","ets",18,1.42752429685644,0.277777777777778,0.777777777777778,8.36303374543193,0.169999999999987
"N1978","MONTHLY","bets",18,0.577352948245121,1,1,6.44517400105538,0.110000000000014
"N1978","MONTHLY","ets",18,0.567222523251777,0.888888888888889,1,3.87032178136401,0.129999999999995
"N1979","MONTHLY","bets",18,0.548250316452846,1,1,6.17950908131693,0.129999999999995
"N1979","MONTHLY","ets",18,0.49030550589645,0.833333333333333,1,3.49639203152426,0.120000000000005
"N1980","MONTHLY","bets",18,0.924496690199117,0.666666666666667,0.944444444444444,4.43237816506868,0.129999999999995
"N1980","MONTHLY","ets",18,0.939170468747937,0.722222222222222,0.888888888888889,4.74366139217045,0.140000000000015
"N1981","MONTHLY","bets",18,0.746343954663065,0.833333333333333,1,4.86619653827109,0.139999999999986
"N1981","MONTHLY","ets",18,0.781232688718243,0.833333333333333,1,4.73965325554799,0.0900000000000034
"N1982","MONTHLY","bets",18,0.98561386057322,0.833333333333333,1,4.34257884186359,0.159999999999997
"N1982","MONTHLY","ets",18,0.972173343091751,0.833333333333333,0.888888888888889,4.71970316387402,0.170000000000016
"N1983","MONTHLY","bets",18,0.269828826451243,1,1,4.75238687464365,0.139999999999986
"N1983","MONTHLY","ets",18,0.439378669344123,1,1,4.53048229165194,0.129999999999995
"N1984","MONTHLY","bets",18,0.282746351947393,1,1,4.64762905327585,0.129999999999995
"N1984","MONTHLY","ets",18,0.365325736097786,1,1,4.42069168397057,0.120000000000005
"N1985","MONTHLY","bets",18,1.43795526955353,0.666666666666667,0.944444444444444,8.14207573570299,0.120000000000005
"N1985","MONTHLY","ets",18,1.38491372676136,0.722222222222222,0.944444444444444,7.77424586223568,0.0999999999999943
"N1986","MONTHLY","bets",18,1.48079668580004,0.555555555555556,1,5.11869424990082,0.129999999999995
"N1986","MONTHLY","ets",18,1.46324686719696,0.5,1,5.05399697174175,0.0900000000000034
"N1987","MONTHLY","bets",18,0.462133281387507,0.944444444444444,1,4.47972169684007,0.129999999999995
"N1987","MONTHLY","ets",18,0.45193431599576,0.888888888888889,1,4.31188052811769,0.139999999999986
"N1988","MONTHLY","bets",18,0.263877251934197,1,1,6.01500214895618,0.129999999999995
"N1988","MONTHLY","ets",18,0.379497728072403,1,1,5.80616633275241,0.120000000000005
"N1989","MONTHLY","bets",18,1.35149139293362,0.888888888888889,1,6.03126354824059,0.120000000000005
"N1989","MONTHLY","ets",18,1.33120609030004,0.888888888888889,1,5.98033105230359,0.110000000000014
"N1990","MONTHLY","bets",18,0.283312720498777,1,1,5.37705290010819,0.120000000000005
"N1990","MONTHLY","ets",18,0.292704316382552,1,1,5.4609260881424,0.159999999999997
"N1991","MONTHLY","bets",18,0.529452915587027,1,1,4.35902827193144,0.120000000000005
"N1991","MONTHLY","ets",18,0.53291709650775,1,1,4.25317842835526,0.129999999999995
"N1992","MONTHLY","bets",18,0.338542717858192,1,1,4.14690710155933,0.109999999999985
"N1992","MONTHLY","ets",18,0.238205011261973,1,1,3.64095883370488,0.140000000000015
"N1993","MONTHLY","bets",18,0.424498661913308,0.888888888888889,1,4.28276119751317,0.129999999999995
"N1993","MONTHLY","ets",18,0.392554596122084,0.888888888888889,1,4.53777872615739,0.109999999999985
"N1994","MONTHLY","bets",18,0.976100415364306,1,1,4.65923957141726,0.129999999999995
"N1994","MONTHLY","ets",18,1.04787511874795,1,1,5.1337038507253,0.139999999999986
"N1995","MONTHLY","bets",18,0.568827047583885,1,1,5.30723595880437,0.120000000000005
"N1995","MONTHLY","ets",18,0.614769038147709,1,1,5.76183633283074,0.129999999999995
"N1996","MONTHLY","bets",18,0.559428604626584,0.944444444444444,1,5.53544696206645,0.129999999999995
"N1996","MONTHLY","ets",18,0.479594928556708,1,1,5.91973222394947,0.140000000000015
"N1997","MONTHLY","bets",18,0.711687752239538,1,1,4.90797508385042,0.110000000000014
"N1997","MONTHLY","ets",18,0.784937136109245,1,1,5.55136261999208,0.139999999999986
"N1998","MONTHLY","bets",18,0.570916883936481,0.944444444444444,1,4.7224614413397,0.109999999999985
"N1998","MONTHLY","ets",18,0.672188255722181,0.944444444444444,1,5.30342834608248,0.140000000000015
"N1999","MONTHLY","bets",18,0.623107598312018,1,1,5.87349089846823,0.120000000000005
"N1999","MONTHLY","ets",18,0.421924943907101,1,1,5.65905538193414,0.110000000000014
"N2000","MONTHLY","bets",18,1.03253630462547,1,1,5.84485879058694,0.109999999999957
"N2000","MONTHLY","ets",18,0.972725869390487,1,1,6.01880701909437,0.129999999999995
"N2001","MONTHLY","bets",18,0.878181762202602,0.722222222222222,1,4.79296834175877,0.120000000000005
"N2001","MONTHLY","ets",18,0.99356899602479,0.777777777777778,0.944444444444444,6.74171142168303,0.129999999999995
"N2002","MONTHLY","bets",18,0.896967150293476,0.722222222222222,1,4.22698157125884,0.110000000000014
"N2002","MONTHLY","ets",18,0.891723972504044,0.833333333333333,0.944444444444444,5.33372252089364,0.150000000000034
"N2003","MONTHLY","bets",18,0.791428260101478,0.888888888888889,1,5.10702755904316,0.129999999999995
"N2003","MONTHLY","ets",18,0.794529286428489,0.888888888888889,1,5.02533523465233,0.109999999999957
"N2004","MONTHLY","bets",18,2.7527829760753,0.333333333333333,0.388888888888889,27.8365094217656,0.120000000000005
"N2004","MONTHLY","ets",18,2.70290782949888,0.333333333333333,0.444444444444444,26.1439046517972,0.140000000000043
"N2005","MONTHLY","bets",18,0.368192584963976,1,1,4.36897530201701,0.139999999999986
"N2005","MONTHLY","ets",18,0.365516617654389,1,1,4.22782035013103,0.170000000000016
"N2006","MONTHLY","bets",18,0.449867026745653,1,1,4.88913347960817,0.150000000000034
"N2006","MONTHLY","ets",18,0.454274795321465,1,1,5.18960673864631,0.139999999999986
"N2007","MONTHLY","bets",18,0.552802304217783,0.944444444444444,0.944444444444444,7.02001197664326,0.120000000000005
"N2007","MONTHLY","ets",18,0.504307807581289,0.944444444444444,0.944444444444444,6.91661837539459,0.160000000000025
"N2008","MONTHLY","bets",18,0.296799974410551,1,1,6.18541860523771,0.129999999999995
"N2008","MONTHLY","ets",18,0.425754709542089,1,1,5.72647623571828,0.0999999999999659
"N2009","MONTHLY","bets",18,1.25415619632629,0.777777777777778,0.777777777777778,17.0058944528048,0.129999999999995
"N2009","MONTHLY","ets",18,1.2532238048442,0.666666666666667,0.777777777777778,17.912098366882,0.089999999999975
"N2010","MONTHLY","bets",18,1.25158247543297,0.666666666666667,0.777777777777778,15.4242678280431,0.129999999999995
"N2010","MONTHLY","ets",18,1.25271287842294,0.666666666666667,0.777777777777778,16.2584506242056,0.160000000000025
"N2011","MONTHLY","bets",18,0.4913091585754,1,1,5.33641303994586,0.110000000000014
"N2011","MONTHLY","ets",18,0.522245386165774,1,1,5.28813487839741,0.120000000000005
"N2012","MONTHLY","bets",18,0.898386090003754,0.777777777777778,0.944444444444444,4.63092214764109,0.139999999999986
"N2012","MONTHLY","ets",18,0.977606412081992,0.888888888888889,0.944444444444444,5.09960106923293,0.139999999999986
"N2013","MONTHLY","bets",18,1.50307789247742,0.611111111111111,0.722222222222222,10.8349917150644,0.129999999999995
"N2013","MONTHLY","ets",18,1.82536255833745,0.5,0.833333333333333,7.95907447619636,0.170000000000016
"N2014","MONTHLY","bets",18,0.865565037582997,0.777777777777778,0.944444444444444,5.26786473099222,0.120000000000005
"N2014","MONTHLY","ets",18,1.26197446242905,0.555555555555556,0.833333333333333,7.31228548287125,0.159999999999968
"N2015","MONTHLY","bets",18,1.5531879151029,0.5,0.722222222222222,8.44762628998459,0.140000000000043
"N2015","MONTHLY","ets",18,1.35734363354709,0.555555555555556,0.944444444444444,5.27142505321021,0.139999999999986
"N2016","MONTHLY","bets",18,0.895580299829092,0.777777777777778,1,4.62615977874464,0.170000000000016
"N2016","MONTHLY","ets",18,1.05102946030296,0.555555555555556,0.833333333333333,5.13466586456666,0.170000000000016
"N2017","MONTHLY","bets",18,1.08431718419011,0.722222222222222,0.944444444444444,7.73016225169182,0.120000000000005
"N2017","MONTHLY","ets",18,1.16312989337445,0.666666666666667,0.833333333333333,9.6170015480286,0.159999999999968
"N2018","MONTHLY","bets",18,1.25436064918675,0.722222222222222,0.944444444444444,7.46080288835954,0.109999999999957
"N2018","MONTHLY","ets",18,1.18299910842578,0.777777777777778,0.944444444444444,7.23874297905861,0.170000000000016
"N2019","MONTHLY","bets",18,2.48561898845709,0,0.111111111111111,21.5984508567303,0.129999999999995
"N2019","MONTHLY","ets",18,2.48644275805636,0,0.111111111111111,28.3854963500924,0.160000000000025
"N2020","MONTHLY","bets",18,0.63118882556166,1,1,4.08501697829825,0.139999999999986
"N2020","MONTHLY","ets",18,0.377501226597802,1,1,3.60229063545006,0.139999999999986
"N2021","MONTHLY","bets",18,1.00118747856453,0.888888888888889,1,4.65318101394973,0.120000000000005
"N2021","MONTHLY","ets",18,0.744045043735777,0.944444444444444,1,4.31581394448342,0.170000000000016
"N2022","MONTHLY","bets",18,0.672870614966684,0.944444444444444,1,4.32950598463975,0.129999999999995
"N2022","MONTHLY","ets",18,0.670589208897189,0.888888888888889,1,4.12848052333183,0.139999999999986
"N2023","MONTHLY","bets",18,0.939060437234428,0.777777777777778,1,4.32722572819423,0.25
"N2023","MONTHLY","ets",18,0.886761554030086,0.888888888888889,1,4.50880064471152,0.170000000000016
"N2024","MONTHLY","bets",18,0.486841875143041,0.944444444444444,1,4.28367716732762,0.110000000000014
"N2024","MONTHLY","ets",18,0.641388659724997,0.944444444444444,1,4.17227514351872,0.139999999999986
"N2025","MONTHLY","bets",18,0.551671198601621,0.944444444444444,1,4.66370195977871,0.139999999999986
"N2025","MONTHLY","ets",18,0.781646304661694,0.833333333333333,1,4.88986170100107,0.150000000000034
"N2026","MONTHLY","bets",18,0.920456549070424,0.888888888888889,1,5.48229411412493,0.180000000000007
"N2026","MONTHLY","ets",18,0.919421225903452,0.888888888888889,1,5.36613306051555,0.149999999999977
"N2027","MONTHLY","bets",18,0.777543344212729,0.888888888888889,1,4.48071498063193,0.120000000000005
"N2027","MONTHLY","ets",18,0.800937652234569,0.888888888888889,1,4.44169283427904,0.140000000000043
"N2028","MONTHLY","bets",18,0.540570328648587,0.888888888888889,1,4.07844040878188,0.110000000000014
"N2028","MONTHLY","ets",18,0.557650259587951,0.888888888888889,1,4.20030305199731,0.109999999999957
"N2029","MONTHLY","bets",18,1.25169207968017,0.722222222222222,1,4.70099378206319,0.120000000000005
"N2029","MONTHLY","ets",18,0.8193498310984,0.888888888888889,1,4.28381455539865,0.140000000000043
"N2030","MONTHLY","bets",18,0.748238408786377,0.888888888888889,0.944444444444444,6.5280560111205,0.120000000000005
"N2030","MONTHLY","ets",18,0.75672455058467,0.888888888888889,0.944444444444444,6.5496488088432,0.110000000000014
"N2031","MONTHLY","bets",18,0.712840872855066,0.888888888888889,0.888888888888889,6.01952408011773,0.129999999999995
"N2031","MONTHLY","ets",18,0.716366101599708,0.888888888888889,0.888888888888889,6.06401874407633,0.139999999999986
"N2032","MONTHLY","bets",18,0.876124858968719,0.944444444444444,1,4.47382020886923,0.120000000000005
"N2032","MONTHLY","ets",18,0.455514928863743,0.944444444444444,1,3.97160330411919,0.139999999999986
"N2033","MONTHLY","bets",18,1.10652376814429,0.666666666666667,1,4.78477729283248,0.110000000000014
"N2033","MONTHLY","ets",18,0.434838032896179,0.944444444444444,1,4.40577189456531,0.160000000000025
"N2034","MONTHLY","bets",18,0.621060716973742,0.944444444444444,1,4.54100951093853,0.120000000000005
"N2034","MONTHLY","ets",18,0.759410628510096,0.833333333333333,0.944444444444444,4.30958303626502,0.129999999999995
"N2035","MONTHLY","bets",18,0.963143896926369,0.722222222222222,0.888888888888889,6.39235307125766,0.110000000000014
"N2035","MONTHLY","ets",18,0.899125773120608,0.722222222222222,0.888888888888889,6.05174029344044,0.159999999999968
"N2036","MONTHLY","bets",18,2.18309903700396,0.388888888888889,0.666666666666667,13.5035284199952,0.120000000000005
"N2036","MONTHLY","ets",18,2.27652834695073,0.444444444444444,0.666666666666667,12.1635514163769,0.129999999999995
"N2037","MONTHLY","bets",18,1.29084174176079,0.666666666666667,1,5.27720982245416,0.110000000000014
"N2037","MONTHLY","ets",18,1.16181221095576,0.722222222222222,1,5.51894147183113,0.139999999999986
"N2038","MONTHLY","bets",18,1.0545745768694,0.777777777777778,0.888888888888889,7.78698305031905,0.129999999999995
"N2038","MONTHLY","ets",18,0.848675198055974,0.888888888888889,0.944444444444444,5.1211400281501,0.140000000000043
"N2039","MONTHLY","bets",18,1.06105487493788,0.555555555555556,0.888888888888889,4.7797544047673,0.120000000000005
"N2039","MONTHLY","ets",18,1.03080421943466,0.555555555555556,0.944444444444444,4.55005717643297,0.109999999999957
"N2040","MONTHLY","bets",18,0.913358660842518,0.722222222222222,1,4.78798264298609,0.129999999999995
"N2040","MONTHLY","ets",18,0.95164711725454,0.888888888888889,0.944444444444444,5.44941099032382,0.140000000000043
"N2041","MONTHLY","bets",18,0.5360465930397,0.944444444444444,1,5.84574677027263,0.139999999999986
"N2041","MONTHLY","ets",18,0.662430069115159,0.944444444444444,1,5.68087225566409,0.120000000000005
"N2042","MONTHLY","bets",18,0.857166479108635,0.833333333333333,1,5.36814249315671,0.129999999999995
"N2042","MONTHLY","ets",18,0.688313104669844,0.777777777777778,1,4.17125193116162,0.189999999999998
"N2043","MONTHLY","bets",18,0.356900905364257,1,1,4.3448325778423,0.110000000000014
"N2043","MONTHLY","ets",18,0.405134835066123,1,1,4.33847014051754,0.159999999999968
"N2044","MONTHLY","bets",18,1.82142628478083,0.277777777777778,0.611111111111111,10.0913452156744,0.109999999999957
"N2044","MONTHLY","ets",18,1.1613252044523,0.5,0.888888888888889,4.81631841606072,0.160000000000025
"N2045","MONTHLY","bets",18,2.06865116709693,0.611111111111111,0.722222222222222,20.7249285022669,0.120000000000005
"N2045","MONTHLY","ets",18,2.17677605061594,0.611111111111111,0.777777777777778,20.1548372007883,0.139999999999986
"N2046","MONTHLY","bets",18,0.783435933776845,0.888888888888889,0.944444444444444,6.19936190731041,0.110000000000014
"N2046","MONTHLY","ets",18,0.858561292977539,0.833333333333333,0.944444444444444,5.84933958961857,0.139999999999986
"N2047","MONTHLY","bets",18,0.423148753405551,1,1,6.30586099761185,0.140000000000043
"N2047","MONTHLY","ets",18,0.462080111220658,1,1,4.60969332434645,0.129999999999995
"N2048","MONTHLY","bets",18,0.356424352353075,0.944444444444444,1,4.32618983879898,0.170000000000016
"N2048","MONTHLY","ets",18,0.82378096493316,0.555555555555556,1,3.31289935631286,0.169999999999959
"N2049","MONTHLY","bets",18,1.0185319278676,0.833333333333333,0.944444444444444,9.89169558025041,0.150000000000034
"N2049","MONTHLY","ets",18,1.63891452764529,0.444444444444444,0.833333333333333,13.6072564751217,0.149999999999977
"N2050","MONTHLY","bets",18,1.06648604901749,0.611111111111111,0.944444444444444,5.50272642760025,0.140000000000043
"N2050","MONTHLY","ets",18,1.02376330215857,0.555555555555556,0.833333333333333,6.2394535767248,0.169999999999959
"N2051","MONTHLY","bets",18,1.21018605347135,0.555555555555556,0.944444444444444,4.54784508403189,0.110000000000014
"N2051","MONTHLY","ets",18,1.2094368639809,0.555555555555556,0.833333333333333,5.24628555593049,0.139999999999986
"N2052","MONTHLY","bets",18,0.91943273711931,0.777777777777778,0.888888888888889,6.17967960168646,0.120000000000005
"N2052","MONTHLY","ets",18,0.916528166008204,0.722222222222222,0.888888888888889,6.21946715893464,0.169999999999959
"N2053","MONTHLY","bets",18,1.28543592402197,0.722222222222222,0.944444444444444,6.50795438496978,0.120000000000005
"N2053","MONTHLY","ets",18,0.633996583654336,0.944444444444444,1,3.8043041123923,0.169999999999959
"N2054","MONTHLY","bets",18,0.754473995499977,0.944444444444444,1,5.75552422651197,0.139999999999986
"N2054","MONTHLY","ets",18,0.674983459945066,0.888888888888889,1,5.52211012269893,0.110000000000014
"N2055","MONTHLY","bets",18,0.798929231430044,0.888888888888889,1,4.98977259149655,0.449999999999989
"N2055","MONTHLY","ets",18,0.580435147109972,1,1,4.8579827491839,0.139999999999986
"N2056","MONTHLY","bets",18,0.666488629831162,0.888888888888889,1,4.95075105655444,0.120000000000005
"N2056","MONTHLY","ets",18,0.669265296162964,0.833333333333333,1,4.35279231001165,0.169999999999959
"N2057","MONTHLY","bets",18,0.459350677831822,1,1,4.72894734212301,0.129999999999995
"N2057","MONTHLY","ets",18,0.357150527506717,1,1,4.5451639356075,0.170000000000016
"N2058","MONTHLY","bets",18,0.408854818843525,1,1,9.14573965972095,0.199999999999989
"N2058","MONTHLY","ets",18,0.50958538720861,1,1,4.08369179066075,0.110000000000014
"N2059","MONTHLY","bets",18,0.516247445751006,1,1,8.22931728521818,0.150000000000034
"N2059","MONTHLY","ets",18,0.165924271661807,1,1,4.01256124626343,0.129999999999995
"N2060","MONTHLY","bets",18,0.311793576125202,1,1,10.9805975964451,0.129999999999995
"N2060","MONTHLY","ets",18,0.240784457153247,1,1,10.2807526982663,0.139999999999986
"N2061","MONTHLY","bets",18,0.741146574319023,1,1,10.8145656845946,0.120000000000005
"N2061","MONTHLY","ets",18,0.696592792354954,1,1,11.2254478245096,0.129999999999995
"N2062","MONTHLY","bets",18,0.490330750200664,1,1,4.58894271494454,0.120000000000005
"N2062","MONTHLY","ets",18,0.476503224049401,1,1,4.75031148031172,0.089999999999975
"N2063","MONTHLY","bets",18,0.556000877378742,1,1,5.00152250590446,0.120000000000005
"N2063","MONTHLY","ets",18,0.41905523566028,1,1,4.66801730641457,0.160000000000025
"N2064","MONTHLY","bets",18,1.10198858371712,0.833333333333333,0.944444444444444,6.25138137487888,0.120000000000005
"N2064","MONTHLY","ets",18,1.10367154617102,0.888888888888889,0.944444444444444,6.21067723287326,0.129999999999995
"N2065","MONTHLY","bets",18,0.605317174429993,0.944444444444444,1,5.15679580046732,0.170000000000016
"N2065","MONTHLY","ets",18,0.561262425195215,0.944444444444444,1,5.33199678611144,0.139999999999986
"N2066","MONTHLY","bets",18,0.912690278071358,1,1,6.99947315107238,0.139999999999986
"N2066","MONTHLY","ets",18,0.843088335322962,1,1,7.62103119015503,0.160000000000025
"N2067","MONTHLY","bets",18,0.920913764295709,0.944444444444444,1,4.34165341867338,0.129999999999995
"N2067","MONTHLY","ets",18,1.17831173458465,0.5,1,3.74542921038388,0.170000000000016
"N2068","MONTHLY","bets",18,1.27572296097874,0.777777777777778,1,5.68864400262983,0.120000000000005
"N2068","MONTHLY","ets",18,1.32267741918997,0.833333333333333,1,5.86364000866428,0.139999999999986
"N2069","MONTHLY","bets",18,0.275028012312792,1,1,6.88766552232284,0.110000000000014
"N2069","MONTHLY","ets",18,0.266964309446412,1,1,6.6725579747804,0.160000000000025
"N2070","MONTHLY","bets",18,0.797579721208373,0.944444444444444,1,4.43904271558075,0.129999999999995
"N2070","MONTHLY","ets",18,0.775500047045828,0.944444444444444,1,4.46161249681777,0.149999999999977
"N2071","MONTHLY","bets",18,0.745801587506211,0.944444444444444,1,4.71322065889379,0.120000000000005
"N2071","MONTHLY","ets",18,0.689255141590136,0.944444444444444,1,4.62765657829606,0.159999999999968
"N2072","MONTHLY","bets",18,1.16250031360714,0.722222222222222,0.944444444444444,4.61993907818504,0.139999999999986
"N2072","MONTHLY","ets",18,0.930389858729619,0.666666666666667,0.944444444444444,3.85343550648623,0.189999999999998
"N2073","MONTHLY","bets",18,0.689149235201052,1,1,5.36530788895494,0.110000000000014
"N2073","MONTHLY","ets",18,0.731639652526883,1,1,5.91290775088544,0.150000000000034
"N2074","MONTHLY","bets",18,0.56494016396398,1,1,3.58830141556444,0.129999999999995
"N2074","MONTHLY","ets",18,0.381718785826842,1,1,2.70158369975372,0.139999999999986
"N2075","MONTHLY","bets",18,1.22781330496015,0.611111111111111,0.944444444444444,5.65460713031581,0.129999999999995
"N2075","MONTHLY","ets",18,1.05659017435634,0.611111111111111,0.944444444444444,5.53669640940267,0.170000000000016
"N2076","MONTHLY","bets",18,1.38476566162627,0.777777777777778,0.888888888888889,9.52597075378364,0.110000000000014
"N2076","MONTHLY","ets",18,1.35870708961924,0.777777777777778,0.888888888888889,9.58548991684073,0.110000000000014
"N2077","MONTHLY","bets",18,2.49061012334976,1,1,12.4193027070801,0.110000000000014
"N2077","MONTHLY","ets",18,2.36886420586262,1,1,12.5392580812553,0.109999999999957
"N2078","MONTHLY","bets",18,0.407411118747986,1,1,7.46208558628015,0.120000000000005
"N2078","MONTHLY","ets",18,0.420507470098352,1,1,7.87155794946162,0.109999999999957
"N2079","MONTHLY","bets",18,0.452715258895125,1,1,5.21223891481461,0.110000000000014
"N2079","MONTHLY","ets",18,0.468373096847117,1,1,4.35463503473282,0.170000000000016
"N2080","MONTHLY","bets",18,0.784055447208581,0.944444444444444,1,4.86829111705425,0.120000000000005
"N2080","MONTHLY","ets",18,0.770052204960772,0.944444444444444,1,5.17871539159077,0.160000000000025
"N2081","MONTHLY","bets",18,0.942727893510644,1,1,8.00702767484485,0.120000000000005
"N2081","MONTHLY","ets",18,0.877233283394731,1,1,6.13378764615647,0.129999999999995
"N2082","MONTHLY","bets",18,0.955412970431364,0.666666666666667,0.833333333333333,6.20348969887264,0.129999999999995
"N2082","MONTHLY","ets",18,0.833612301857183,0.722222222222222,0.888888888888889,5.30497562648089,0.120000000000005
"N2083","MONTHLY","bets",18,2.16839955388151,0.777777777777778,0.777777777777778,45.8808232100427,0.310000000000002
"N2083","MONTHLY","ets",18,2.44564637899103,0.611111111111111,0.833333333333333,37.7395366675243,0.160000000000025
"N2084","MONTHLY","bets",18,0.537475059708328,1,1,4.87893913118529,0.139999999999986
"N2084","MONTHLY","ets",18,0.545283301913016,1,1,4.93018457155563,0.160000000000025
"N2085","MONTHLY","bets",18,1.34302321883272,1,1,13.354641962611,0.139999999999986
"N2085","MONTHLY","ets",18,1.25839827246072,0.833333333333333,1,5.68026319550048,0.259999999999991
"N2086","MONTHLY","bets",18,0.478244973235145,1,1,4.96528758958154,0.129999999999995
"N2086","MONTHLY","ets",18,0.498447862015606,0.944444444444444,1,3.89344810318783,0.170000000000016
"N2087","MONTHLY","bets",18,1.00480626750777,1,1,7.8959368800214,0.160000000000025
"N2087","MONTHLY","ets",18,0.774633061300753,0.833333333333333,0.944444444444444,6.04973671183195,0.120000000000005
"N2088","MONTHLY","bets",18,1.40500220580861,0.722222222222222,1,4.96132517250743,0.120000000000005
"N2088","MONTHLY","ets",18,1.40256416281402,0.333333333333333,1,4.02563472850523,0.110000000000014
"N2089","MONTHLY","bets",18,1.33512751711948,0.722222222222222,1,4.7756139687965,0.129999999999995
"N2089","MONTHLY","ets",18,1.41701121444136,0.333333333333333,1,4.01789480713574,0.120000000000005
"N2090","MONTHLY","bets",18,0.737042197326655,0.944444444444444,1,7.58936694327573,0.109999999999957
"N2090","MONTHLY","ets",18,0.702759973323764,1,1,7.56049577513905,0.0900000000000318
"N2091","MONTHLY","bets",18,0.443360438570408,1,1,6.14672156774677,0.120000000000005
"N2091","MONTHLY","ets",18,0.84265270288043,0.722222222222222,1,3.48496123513713,0.110000000000014
"N2092","MONTHLY","bets",18,1.29400899045175,0.888888888888889,1,7.41088151019107,0.110000000000014
"N2092","MONTHLY","ets",18,1.35061357168861,0.888888888888889,1,7.48267772532413,0.139999999999986
"N2093","MONTHLY","bets",18,0.601932944169563,1,1,5.76248591905546,0.110000000000014
"N2093","MONTHLY","ets",18,0.533133563262276,0.944444444444444,1,4.95756068464827,0.189999999999998
"N2094","MONTHLY","bets",18,1.57822481626778,0.388888888888889,0.944444444444444,4.59119417004322,0.110000000000014
"N2094","MONTHLY","ets",18,1.52705404867711,0.277777777777778,0.944444444444444,4.10147939771433,0.139999999999986
"N2095","MONTHLY","bets",18,1.07988677227785,0.666666666666667,0.944444444444444,4.85484841826986,0.120000000000005
"N2095","MONTHLY","ets",18,0.83351528655873,0.777777777777778,0.944444444444444,5.08914985090313,0.140000000000043
"N2096","MONTHLY","bets",18,0.548793981360634,1,1,5.91662915483413,0.139999999999986
"N2096","MONTHLY","ets",18,0.701981167427855,0.944444444444444,1,4.79256789199858,0.159999999999968
"N2097","MONTHLY","bets",18,0.555237055631311,0.944444444444444,1,4.00487947373156,0.120000000000005
"N2097","MONTHLY","ets",18,0.568460839911575,0.888888888888889,1,3.85475176403105,0.160000000000025
"N2098","MONTHLY","bets",18,1.19649880567501,0.833333333333333,0.833333333333333,28.6531564039953,0.139999999999986
"N2098","MONTHLY","ets",18,1.55094306053604,0.388888888888889,0.833333333333333,26.4668102945689,0.129999999999995
"N2099","MONTHLY","bets",18,0.565719280915074,1,1,4.13271219524714,0.120000000000005
"N2099","MONTHLY","ets",18,0.526404496872181,0.944444444444444,1,3.78410391318816,0.139999999999986
"N2100","MONTHLY","bets",18,1.9809523055022,0.666666666666667,0.944444444444444,9.29113974377604,0.120000000000005
"N2100","MONTHLY","ets",18,1.89457520167515,0.722222222222222,0.944444444444444,9.16677278583433,0.159999999999968
"N2101","MONTHLY","bets",18,0.612627317307336,1,1,6.01174694682921,0.160000000000025
"N2101","MONTHLY","ets",18,0.705690904878568,1,1,6.36512356303632,0.149999999999977
"N2102","MONTHLY","bets",18,0.602919619630186,0.944444444444444,1,4.940602391135,0.120000000000005
"N2102","MONTHLY","ets",18,0.693056909284495,0.888888888888889,1,4.61613849490031,0.140000000000043
"N2103","MONTHLY","bets",18,1.26058702893156,1,1,11.0304482044034,0.139999999999986
"N2103","MONTHLY","ets",18,1.0632534482285,1,1,9.42236226801369,0.160000000000025
"N2104","MONTHLY","bets",18,0.728411732332444,0.944444444444444,1,6.83399134393584,0.139999999999986
"N2104","MONTHLY","ets",18,0.690844285788119,0.944444444444444,1,6.97140917583693,0.149999999999977
"N2105","MONTHLY","bets",18,0.969865933894237,0.777777777777778,1,6.29809095314618,0.140000000000043
"N2105","MONTHLY","ets",18,0.913364927245482,0.777777777777778,1,6.21740357250151,0.0999999999999659
"N2106","MONTHLY","bets",18,0.55767256842413,1,1,4.73750514505833,0.110000000000014
"N2106","MONTHLY","ets",18,0.476195705106722,1,1,3.98493266556187,0.100000000000023
"N2107","MONTHLY","bets",18,0.427323711560328,1,1,4.56440471052416,0.120000000000005
"N2107","MONTHLY","ets",18,0.440332342362041,1,1,4.17420297219868,0.169999999999959
"N2108","MONTHLY","bets",18,1.47284780340748,0.888888888888889,1,6.69843331855393,0.129999999999995
"N2108","MONTHLY","ets",18,1.5547212731939,0.777777777777778,1,6.42838191044259,0.140000000000043
"N2109","MONTHLY","bets",18,0.983997122921909,0.833333333333333,1,6.83638195942109,0.110000000000014
"N2109","MONTHLY","ets",18,0.971927478278067,0.888888888888889,1,6.98770971567602,0.159999999999968
"N2110","MONTHLY","bets",18,1.29803840231294,0.833333333333333,1,6.2628433561209,0.170000000000016
"N2110","MONTHLY","ets",18,1.3185616237989,0.833333333333333,1,6.06471824389973,0.0799999999999841
"N2111","MONTHLY","bets",18,0.844596076877094,0.944444444444444,0.944444444444444,7.03410103284448,0.120000000000005
"N2111","MONTHLY","ets",18,0.880759884431692,0.833333333333333,0.944444444444444,6.34871833533731,0.160000000000025
"N2112","MONTHLY","bets",18,0.810342393920635,0.833333333333333,1,4.04284009172961,0.110000000000014
"N2112","MONTHLY","ets",18,0.745163963787441,0.833333333333333,1,3.88122266867291,0.139999999999986
"N2113","MONTHLY","bets",18,1.25646938814241,0.555555555555556,0.888888888888889,4.67675908986482,0.100000000000023
"N2113","MONTHLY","ets",18,1.28620431512699,0.555555555555556,0.888888888888889,4.2580502687738,0.149999999999977
"N2114","MONTHLY","bets",18,0.833567886068863,0.888888888888889,0.944444444444444,6.50388904441248,0.129999999999995
"N2114","MONTHLY","ets",18,0.895099258245608,0.888888888888889,1,6.36322538543619,0.139999999999986
"N2115","MONTHLY","bets",18,0.789703946372973,0.888888888888889,1,5.7654684412172,0.140000000000043
"N2115","MONTHLY","ets",18,0.855392189666966,0.833333333333333,1,5.76636174091458,0.149999999999977
"N2116","MONTHLY","bets",18,0.871339124118778,0.888888888888889,1,6.42725551543196,0.110000000000014
"N2116","MONTHLY","ets",18,0.926947001255138,0.833333333333333,1,6.21105451993603,0.139999999999986
"N2117","MONTHLY","bets",18,0.769481096852828,0.944444444444444,1,8.01626229567809,0.0999999999999659
"N2117","MONTHLY","ets",18,0.777351579970701,1,1,8.1594445768439,0.110000000000014
"N2118","MONTHLY","bets",18,1.02284707932155,0.888888888888889,1,4.80238296255653,0.0900000000000318
"N2118","MONTHLY","ets",18,0.837158400421946,0.888888888888889,1,3.68742646516553,0.129999999999995
"N2119","MONTHLY","bets",18,0.75293257890998,0.777777777777778,1,3.87280799970167,0.129999999999995
"N2119","MONTHLY","ets",18,0.688932841521,0.666666666666667,1,3.01735234043607,0.139999999999986
"N2120","MONTHLY","bets",18,1.33805349785167,1,1,15.0152821129931,0.180000000000007
"N2120","MONTHLY","ets",18,0.884357445325217,0.944444444444444,1,6.11405684402836,0.129999999999995
"N2121","MONTHLY","bets",18,0.696051084622568,1,1,5.7455801841818,0.139999999999986
"N2121","MONTHLY","ets",18,0.627235774172391,0.888888888888889,0.944444444444444,6.13314014562305,0.139999999999986
"N2122","MONTHLY","bets",18,1.80123354904044,0.555555555555556,1,6.77466494858064,0.129999999999995
"N2122","MONTHLY","ets",18,1.96202560896371,0.222222222222222,0.722222222222222,7.28838722294376,0.140000000000043
"N2123","MONTHLY","bets",18,2.55469814402382,0.111111111111111,0.444444444444444,18.753949590615,0.129999999999995
"N2123","MONTHLY","ets",18,2.65886297038548,0.0555555555555556,0.388888888888889,26.7754715201462,0.139999999999986
"N2124","MONTHLY","bets",18,1.54580754522766,0.611111111111111,0.944444444444444,6.29138931414954,0.120000000000005
"N2124","MONTHLY","ets",18,1.48940296070882,0.5,0.888888888888889,6.72176101035745,0.110000000000014
"N2125","MONTHLY","bets",18,1.11102038077092,0.777777777777778,0.944444444444444,6.02146211065876,0.110000000000014
"N2125","MONTHLY","ets",18,1.00855535596817,0.833333333333333,0.944444444444444,5.56871928783119,0.120000000000005
"N2126","MONTHLY","bets",18,0.967510249985267,0.833333333333333,0.944444444444444,5.27555476330741,0.129999999999995
"N2126","MONTHLY","ets",18,0.912022932934148,0.777777777777778,0.944444444444444,5.069681292889,0.149999999999977
"N2127","MONTHLY","bets",18,0.88555550892227,0.722222222222222,0.944444444444444,6.23900016891427,0.110000000000014
"N2127","MONTHLY","ets",18,0.878494518210513,0.777777777777778,0.944444444444444,6.27491149458787,0.0900000000000318
"N2128","MONTHLY","bets",18,0.397652345979517,1,1,4.18511956966366,0.120000000000005
"N2128","MONTHLY","ets",18,0.432555686429057,1,1,3.84430567735742,0.170000000000016
"N2129","MONTHLY","bets",18,0.423273449639141,1,1,4.48153152800321,0.089999999999975
"N2129","MONTHLY","ets",18,0.394998518367837,1,1,4.3824631603122,0.160000000000025
"N2130","MONTHLY","bets",18,0.668268489570651,0.888888888888889,1,4.9124176128916,0.0900000000000318
"N2130","MONTHLY","ets",18,0.663170578346568,0.833333333333333,0.944444444444444,4.85168055347404,0.159999999999968
"N2131","MONTHLY","bets",18,0.893092037673984,0.777777777777778,0.888888888888889,7.49035376231389,0.120000000000005
"N2131","MONTHLY","ets",18,0.986654144937009,0.666666666666667,0.833333333333333,6.1447163100822,0.150000000000034
"N2132","MONTHLY","bets",18,1.13184235067053,0.666666666666667,0.944444444444444,7.5659206507119,0.129999999999995
"N2132","MONTHLY","ets",18,1.17663146082076,0.611111111111111,0.833333333333333,6.1218106356237,0.170000000000016
"N2133","MONTHLY","bets",18,2.53093948443788,0.444444444444444,0.666666666666667,28.0793979065875,0.149999999999977
"N2133","MONTHLY","ets",18,2.51323061373062,0.444444444444444,0.666666666666667,28.3620244743362,0.160000000000025
"N2134","MONTHLY","bets",18,0.816591834541983,0.833333333333333,0.944444444444444,5.646291486563,0.129999999999995
"N2134","MONTHLY","ets",18,1.13017185557166,0.777777777777778,0.944444444444444,6.15876650863526,0.149999999999977
"N2135","MONTHLY","bets",18,0.554524192625948,1,1,4.63075433747379,0.120000000000005
"N2135","MONTHLY","ets",18,0.701946825114919,0.777777777777778,1,3.83717812789547,0.210000000000036
"N2136","MONTHLY","bets",18,3.28450471366798,0.444444444444444,0.444444444444444,72.5662789131766,0.120000000000005
"N2136","MONTHLY","ets",18,3.27601303452121,0.444444444444444,0.444444444444444,73.5295151733788,0.129999999999995
"N2137","MONTHLY","bets",18,0.297950110689342,1,1,5.52682337314032,0.129999999999995
"N2137","MONTHLY","ets",18,0.309349175716321,1,1,5.11205188861257,0.120000000000005
"N2138","MONTHLY","bets",18,0.759213826747007,0.833333333333333,1,4.41634874255235,0.129999999999995
"N2138","MONTHLY","ets",18,0.750368623582662,0.833333333333333,1,4.18844227081508,0.110000000000014
"N2139","MONTHLY","bets",18,0.938672339444755,0.777777777777778,1,4.47829642092786,0.159999999999968
"N2139","MONTHLY","ets",18,0.971879279805969,0.722222222222222,0.833333333333333,5.28720301365889,0.140000000000043
"N2140","MONTHLY","bets",18,1.44916820399825,0.5,0.888888888888889,6.64077763496176,0.139999999999986
"N2140","MONTHLY","ets",18,1.43957034956784,0.5,0.833333333333333,8.11123192641531,0.100000000000023
"N2141","MONTHLY","bets",18,0.783443156915555,0.944444444444444,1,4.83808310626862,0.139999999999986
"N2141","MONTHLY","ets",18,0.772247220290597,0.944444444444444,1,4.97015754188909,0.259999999999991
"N2142","MONTHLY","bets",18,0.892778879473736,0.888888888888889,1,5.41880240986546,0.129999999999995
"N2142","MONTHLY","ets",18,0.928977193303661,0.833333333333333,1,5.5039039685892,0.139999999999986
"N2143","MONTHLY","bets",18,1.29778080340434,0.611111111111111,0.944444444444444,5.43855467933598,0.120000000000005
"N2143","MONTHLY","ets",18,1.22105478719659,0.611111111111111,0.944444444444444,5.12105116968591,0.129999999999995
"N2144","MONTHLY","bets",18,2.60289576913021,0.333333333333333,0.388888888888889,33.3249904551605,0.169999999999959
"N2144","MONTHLY","ets",18,2.54226875353632,0.333333333333333,0.333333333333333,43.4483820629096,0.140000000000043
"N2145","MONTHLY","bets",18,1.84523069789403,0.277777777777778,0.722222222222222,13.9663233686632,0.110000000000014
"N2145","MONTHLY","ets",18,1.90016059592947,0.277777777777778,0.666666666666667,15.7695865071655,0.129999999999995
"N2146","MONTHLY","bets",18,0.678667443311491,0.888888888888889,1,5.15573326899476,0.129999999999995
"N2146","MONTHLY","ets",18,0.694935635246997,0.944444444444444,1,5.43710165967138,0.110000000000014
"N2147","MONTHLY","bets",18,0.405834530834512,1,1,4.43426424602902,0.129999999999995
"N2147","MONTHLY","ets",18,0.406027655950296,1,1,4.26023073630674,0.139999999999986
"N2148","MONTHLY","bets",18,0.425310670013379,0.944444444444444,1,6.11662716922841,0.110000000000014
"N2148","MONTHLY","ets",18,0.474829994658369,0.944444444444444,1,7.12111965098489,0.160000000000025
"N2149","MONTHLY","bets",18,0.360919892098533,1,1,5.21954128353889,0.129999999999995
"N2149","MONTHLY","ets",18,0.227026427626805,1,1,5.23864982310908,0.139999999999986
"N2150","MONTHLY","bets",18,0.537749314375348,1,1,6.73591309167844,0.160000000000025
"N2150","MONTHLY","ets",18,0.258692559443486,1,1,2.83290834283985,0.120000000000005
"N2151","MONTHLY","bets",18,0.580657318887179,1,1,5.64758870021815,0.109999999999957
"N2151","MONTHLY","ets",18,0.443051498394131,1,1,4.86716033163454,0.140000000000043
"N2152","MONTHLY","bets",18,1.02983975812127,0.944444444444444,1,6.36771404473352,0.110000000000014
"N2152","MONTHLY","ets",18,0.923245359795807,0.944444444444444,1,6.20178221129615,0.109999999999957
"N2153","MONTHLY","bets",18,0.424256579129068,0.944444444444444,0.944444444444444,7.62216866371134,0.109999999999957
"N2153","MONTHLY","ets",18,0.394497878723988,0.944444444444444,0.944444444444444,6.07327920631482,0.110000000000014
"N2154","MONTHLY","bets",18,0.368906441408361,1,1,4.48591233922383,0.110000000000014
"N2154","MONTHLY","ets",18,0.395713094610004,1,1,4.41768050606784,0.139999999999986
"N2155","MONTHLY","bets",18,0.372777223282851,0.944444444444444,1,4.59447818872778,0.120000000000005
"N2155","MONTHLY","ets",18,0.306976307414582,1,1,3.82890058409742,0.129999999999995
"N2156","MONTHLY","bets",18,0.462801266325689,0.944444444444444,1,4.2015778426753,0.120000000000005
"N2156","MONTHLY","ets",18,0.413775529720239,1,1,4.03902293040213,0.110000000000014
"N2157","MONTHLY","bets",18,0.310975061332442,1,1,7.72671368633524,0.110000000000014
"N2157","MONTHLY","ets",18,0.413377434045288,1,1,4.34683052276364,0.159999999999968
"N2158","MONTHLY","bets",18,0.433183481259206,0.888888888888889,1,4.39597901361591,0.159999999999968
"N2158","MONTHLY","ets",18,0.461009245336679,0.888888888888889,1,4.246623924339,0.139999999999986
"N2159","MONTHLY","bets",18,0.475158896168449,0.888888888888889,1,4.43947402705359,0.140000000000043
"N2159","MONTHLY","ets",18,0.484976905741386,0.833333333333333,1,4.24227356880883,0.159999999999968
"N2160","MONTHLY","bets",18,0.87955437282761,1,1,5.67744447503934,0.120000000000005
"N2160","MONTHLY","ets",18,0.462263267008125,1,1,5.05353964992269,0.160000000000025
"N2161","MONTHLY","bets",18,0.829914638277844,1,1,4.89463879963502,0.120000000000005
"N2161","MONTHLY","ets",18,0.789957864876581,1,1,3.38620267838309,0.109999999999957
"N2162","MONTHLY","bets",18,0.901508092697414,0.777777777777778,1,4.79190875355575,0.109999999999957
"N2162","MONTHLY","ets",18,0.863465041612758,0.777777777777778,1,4.43545220065619,0.140000000000043
"N2163","MONTHLY","bets",18,0.609291884319606,1,1,5.04996195305177,0.110000000000014
"N2163","MONTHLY","ets",18,0.51384986579535,1,1,4.86393146945141,0.159999999999968
"N2164","MONTHLY","bets",18,0.676505427229264,1,1,5.3047791396542,0.120000000000005
"N2164","MONTHLY","ets",18,0.69904453448919,0.888888888888889,1,4.93477996728522,0.139999999999986
"N2165","MONTHLY","bets",18,0.85404308865027,0.888888888888889,0.944444444444444,5.94057889934851,0.229999999999961
"N2165","MONTHLY","ets",18,0.741824809267962,0.888888888888889,0.944444444444444,5.65343117225902,0.160000000000025
"N2166","MONTHLY","bets",18,0.382137479954676,1,1,4.19393580644655,0.110000000000014
"N2166","MONTHLY","ets",18,0.43929389127529,1,1,3.95068823059498,0.120000000000005
"N2167","MONTHLY","bets",18,0.937365991959352,0.888888888888889,1,5.38250027806363,0.129999999999995
"N2167","MONTHLY","ets",18,0.849233553344868,0.944444444444444,1,5.78359765708272,0.139999999999986
"N2168","MONTHLY","bets",18,1.20301227502187,0.666666666666667,0.944444444444444,5.45971498919888,0.120000000000005
"N2168","MONTHLY","ets",18,1.30601668275306,0.555555555555556,0.888888888888889,6.15977276151757,0.139999999999986
"N2169","MONTHLY","bets",18,0.973695654509665,0.888888888888889,1,5.26092115976846,0.109999999999957
"N2169","MONTHLY","ets",18,1.1277215592176,0.722222222222222,0.888888888888889,5.30824686371439,0.120000000000005
"N2170","MONTHLY","bets",18,0.506385812171404,1,1,5.49025109727701,0.129999999999995
"N2170","MONTHLY","ets",18,0.618513673367947,1,1,5.13184324670488,0.0900000000000318
"N2171","MONTHLY","bets",18,0.670081558404923,0.944444444444444,1,4.32532209297372,0.129999999999995
"N2171","MONTHLY","ets",18,0.650462716909777,1,1,4.22365923607894,0.149999999999977
"N2172","MONTHLY","bets",18,0.828414540499679,0.944444444444444,1,5.28763795083161,0.169999999999959
"N2172","MONTHLY","ets",18,0.872014445318937,0.944444444444444,1,5.2896779418316,0.170000000000016
"N2173","MONTHLY","bets",18,0.353473012012324,1,1,6.28665024627357,0.129999999999995
"N2173","MONTHLY","ets",18,0.318539601831228,1,1,6.72476020135512,0.0900000000000318
"N2174","MONTHLY","bets",18,0.449561655416113,1,1,9.69778868356477,0.120000000000005
"N2174","MONTHLY","ets",18,0.390961215971483,1,1,10.1276925645411,0.129999999999995
"N2175","MONTHLY","bets",18,0.832728578198759,1,1,5.40582468474834,0.120000000000005
"N2175","MONTHLY","ets",18,0.793227713388963,1,1,5.34951498476751,0.110000000000014
"N2176","MONTHLY","bets",18,0.808764748121974,0.944444444444444,1,4.71276081011898,0.21999999999997
"N2176","MONTHLY","ets",18,0.779228795078627,1,1,4.41771573711918,0.160000000000025
"N2177","MONTHLY","bets",18,0.585696520317694,1,1,5.0374952420008,0.199999999999989
"N2177","MONTHLY","ets",18,0.427781939229456,1,1,5.2563040106734,0.100000000000023
"N2178","MONTHLY","bets",18,0.714265824811644,1,1,5.89883299035614,0.129999999999995
"N2178","MONTHLY","ets",18,0.66083441116668,1,1,6.22893086212655,0.110000000000014
"N2179","MONTHLY","bets",18,0.970947822879691,0.888888888888889,0.944444444444444,5.19952158401132,0.120000000000005
"N2179","MONTHLY","ets",18,0.892304665219911,0.888888888888889,0.944444444444444,4.71150508753508,0.129999999999995
"N2180","MONTHLY","bets",18,0.642991588052994,0.944444444444444,1,4.34658390172552,0.120000000000005
"N2180","MONTHLY","ets",18,0.631904069767442,0.888888888888889,1,4.19970338541505,0.129999999999995
"N2181","MONTHLY","bets",18,0.522387626652223,0.944444444444444,1,4.49779176095983,0.109999999999957
"N2181","MONTHLY","ets",18,0.537290606477503,0.944444444444444,1,5.0407548852984,0.120000000000005
"N2182","MONTHLY","bets",18,0.175516148277182,0.944444444444444,1,2.20405043800376,0.109999999999957
"N2182","MONTHLY","ets",18,0.275649190868424,0.888888888888889,1,1.79274509808352,0.150000000000034
"N2183","MONTHLY","bets",18,0.752359704493161,0.833333333333333,1,4.04479323591486,0.110000000000014
"N2183","MONTHLY","ets",18,0.692701295488809,0.888888888888889,1,3.77363605641599,0.159999999999968
"N2184","MONTHLY","bets",18,1.59414139303178,0.5,0.888888888888889,7.18080553819511,0.110000000000014
"N2184","MONTHLY","ets",18,1.62871606064372,0.5,0.722222222222222,9.21058132767306,0.139999999999986
"N2185","MONTHLY","bets",18,1.35798449776377,0.5,0.611111111111111,10.3023972468254,0.109999999999957
"N2185","MONTHLY","ets",18,1.34766066390016,0.444444444444444,0.611111111111111,9.7616317765836,0.120000000000005
"N2186","MONTHLY","bets",18,1.46867988300679,0.5,0.666666666666667,13.9302883673225,0.189999999999998
"N2186","MONTHLY","ets",18,1.4301307934029,0.5,0.666666666666667,12.7775370344022,0.189999999999998
"N2187","MONTHLY","bets",18,0.838125651857446,0.722222222222222,0.944444444444444,4.59173480589867,0.259999999999991
"N2187","MONTHLY","ets",18,0.852398485218728,0.666666666666667,0.944444444444444,4.67163073779327,0.189999999999998
"N2188","MONTHLY","bets",18,1.07604200613255,0.666666666666667,0.944444444444444,5.12179193078976,0.180000000000007
"N2188","MONTHLY","ets",18,1.08841867485847,0.611111111111111,0.833333333333333,5.66458157082289,0.149999999999977
"N2189","MONTHLY","bets",18,0.298179147850094,1,1,3.66312434366059,0.169999999999959
"N2189","MONTHLY","ets",18,0.278391127768202,1,1,3.51254982143129,0.140000000000043
"N2190","MONTHLY","bets",18,0.994827195686416,0.833333333333333,1,4.38902866999774,0.139999999999986
"N2190","MONTHLY","ets",18,0.989597493878528,0.777777777777778,0.888888888888889,4.44193381212383,0.110000000000014
"N2191","MONTHLY","bets",18,1.03574438809068,0.722222222222222,0.944444444444444,5.03764384914363,0.110000000000014
"N2191","MONTHLY","ets",18,1.04090828157936,0.666666666666667,0.888888888888889,5.14274037646102,0.170000000000016
"N2192","MONTHLY","bets",18,1.83355194398676,0.444444444444444,0.666666666666667,18.7444854725755,0.129999999999995
"N2192","MONTHLY","ets",18,1.81609320508141,0.444444444444444,0.555555555555556,19.6346232452158,0.120000000000005
"N2193","MONTHLY","bets",18,1.80373421690845,0.388888888888889,0.666666666666667,18.2219386637117,0.120000000000005
"N2193","MONTHLY","ets",18,1.81957095967601,0.333333333333333,0.611111111111111,19.7630565260165,0.139999999999986
"N2194","MONTHLY","bets",18,0.394570764752248,1,1,4.35030984904009,0.110000000000014
"N2194","MONTHLY","ets",18,0.309852867071907,1,1,3.91457223509584,0.160000000000025
"N2195","MONTHLY","bets",18,1.21232487995714,0.722222222222222,0.944444444444444,6.24456691433041,0.159999999999968
"N2195","MONTHLY","ets",18,1.28309555367181,0.611111111111111,0.833333333333333,9.2476396024204,0.170000000000016
"N2196","MONTHLY","bets",18,0.304284960275832,1,1,5.03817366499535,0.129999999999995
"N2196","MONTHLY","ets",18,0.425348480945071,1,1,4.88354980762832,0.140000000000043
"N2197","MONTHLY","bets",18,0.932310470401014,0.944444444444444,1,4.94667508972311,0.120000000000005
"N2197","MONTHLY","ets",18,1.00340633925144,0.888888888888889,1,4.8914962701785,0.170000000000016
"N2198","MONTHLY","bets",18,0.906499623551994,0.722222222222222,0.888888888888889,7.03791044699476,0.129999999999995
"N2198","MONTHLY","ets",18,0.966719185890888,0.666666666666667,0.833333333333333,7.64168537276717,0.120000000000005
"N2199","MONTHLY","bets",18,1.51666786406154,0.611111111111111,0.777777777777778,9.84027042879904,0.129999999999995
"N2199","MONTHLY","ets",18,1.60233141846552,0.5,0.666666666666667,16.3764940640543,0.149999999999977
"N2200","MONTHLY","bets",18,1.33724936331212,0.777777777777778,0.833333333333333,13.4177203393462,0.129999999999995
"N2200","MONTHLY","ets",18,1.6907153767809,0.444444444444444,0.777777777777778,21.4440987153234,0.160000000000025
"N2201","MONTHLY","bets",18,0.988327822204953,0.722222222222222,0.944444444444444,5.18102990858591,0.110000000000014
"N2201","MONTHLY","ets",18,0.899950461010014,0.722222222222222,0.944444444444444,4.86001775124978,0.109999999999957
"N2202","MONTHLY","bets",18,1.80197871881231,0.444444444444444,0.777777777777778,16.1883676992709,0.120000000000005
"N2202","MONTHLY","ets",18,1.84861331021102,0.388888888888889,0.666666666666667,20.9877469904324,0.180000000000007
"N2203","MONTHLY","bets",18,1.60834306595788,0.611111111111111,0.833333333333333,9.19573332605303,0.110000000000014
"N2203","MONTHLY","ets",18,1.7390949148567,0.333333333333333,0.666666666666667,15.7250720273122,0.160000000000025
"N2204","MONTHLY","bets",18,1.33975662649208,0.666666666666667,0.833333333333333,9.5709353370186,0.120000000000005
"N2204","MONTHLY","ets",18,1.48986230735531,0.777777777777778,0.833333333333333,12.1998140713022,0.159999999999968
"N2205","MONTHLY","bets",18,1.34508612049135,0.555555555555556,0.777777777777778,9.56000761585905,0.120000000000005
"N2205","MONTHLY","ets",18,1.35968347552256,0.555555555555556,0.666666666666667,13.5120768919908,0.129999999999995
"N2206","MONTHLY","bets",18,1.29751704492119,0.555555555555556,0.944444444444444,7.22816319907271,0.110000000000014
"N2206","MONTHLY","ets",18,1.52390956128424,0.555555555555556,0.666666666666667,15.3910177740273,0.139999999999986
"N2207","MONTHLY","bets",18,1.48838533548151,0.5,0.777777777777778,10.733918033431,0.109999999999957
"N2207","MONTHLY","ets",18,1.51979532402452,0.666666666666667,0.888888888888889,8.65033377862704,0.160000000000025
"N2208","MONTHLY","bets",18,1.42033248061305,0.611111111111111,0.833333333333333,10.3687416286436,0.120000000000005
"N2208","MONTHLY","ets",18,1.19624754093912,0.444444444444444,0.777777777777778,9.72200316070065,0.159999999999968
"N2209","MONTHLY","bets",18,1.29150064741901,0.666666666666667,0.888888888888889,6.31879139605741,0.129999999999995
"N2209","MONTHLY","ets",18,1.21263301172779,0.722222222222222,0.777777777777778,7.94965294259812,0.169999999999959
"N2210","MONTHLY","bets",18,0.306168654650738,0.555555555555556,0.888888888888889,3.31108089908358,0.120000000000005
"N2210","MONTHLY","ets",18,0.212143013081139,0.777777777777778,0.833333333333333,2.80936249657189,0.160000000000025
"N2211","MONTHLY","bets",18,0.285507278841339,0.777777777777778,0.777777777777778,5.56533536559893,0.120000000000005
"N2211","MONTHLY","ets",18,0.342938494941313,0.722222222222222,0.777777777777778,6.02065108779647,0.170000000000016
"N2212","MONTHLY","bets",18,0.570354351882827,0.888888888888889,0.944444444444444,8.23072565323822,0.139999999999986
"N2212","MONTHLY","ets",18,0.45170966068417,0.777777777777778,0.888888888888889,7.74188143897592,0.180000000000007
"N2213","MONTHLY","bets",18,0.487674179272318,0.777777777777778,0.833333333333333,10.032166571435,0.110000000000014
"N2213","MONTHLY","ets",18,0.481395132342284,0.777777777777778,0.777777777777778,10.6892330791396,0.189999999999998
"N2214","MONTHLY","bets",18,0.18475593955496,1,1,1.15698325330021,0.110000000000014
"N2214","MONTHLY","ets",18,0.175817029797506,1,1,0.966125617262705,0.149999999999977
"N2215","MONTHLY","bets",18,1.16098397313072,0.611111111111111,0.833333333333333,10.4596234478977,0.110000000000014
"N2215","MONTHLY","ets",18,1.10395341611973,0.555555555555556,0.777777777777778,13.0188409905706,0.139999999999986
"N2216","MONTHLY","bets",18,0.507821011352735,0.777777777777778,1,2.39051668258416,0.0999999999999659
"N2216","MONTHLY","ets",18,0.677932675868531,0.222222222222222,0.666666666666667,3.67621924471746,0.129999999999995
"N2217","MONTHLY","bets",18,0.661229828231614,1,1,4.86107130655257,0.160000000000025
"N2217","MONTHLY","ets",18,1.40774365148646,1,1,4.99477774371199,0.149999999999977
"N2218","MONTHLY","bets",18,0.560161968769406,0.888888888888889,1,3.43249821837773,0.110000000000014
"N2218","MONTHLY","ets",18,0.974531003180146,0.888888888888889,1,5.56562698662167,0.160000000000025
"N2219","MONTHLY","bets",18,0.363962531502793,0.777777777777778,1,1.49869973947595,0.129999999999995
"N2219","MONTHLY","ets",18,0.388192395386111,0.611111111111111,1,1.24450176564232,0.139999999999986
"N2220","MONTHLY","bets",18,0.270008939465886,0.722222222222222,1,1.06806824225443,0.120000000000005
"N2220","MONTHLY","ets",18,0.283204743786228,0.833333333333333,1,1.11954184801109,0.139999999999986
"N2221","MONTHLY","bets",18,1.01730300242588,0.777777777777778,0.944444444444444,4.81123698503518,0.129999999999995
"N2221","MONTHLY","ets",18,0.446362241599962,0.944444444444444,0.944444444444444,3.53049861977014,0.160000000000025
"N2222","MONTHLY","bets",18,0.918733506024849,0.666666666666667,1,3.72605845223898,0.129999999999995
"N2222","MONTHLY","ets",18,1.34580831304616,0.222222222222222,0.333333333333333,14.9297343309523,0.150000000000034
"N2223","MONTHLY","bets",18,0.118539594134851,0.944444444444444,1,1.72248211883626,0.120000000000005
"N2223","MONTHLY","ets",18,0.163630615266588,0.944444444444444,1,1.15669081616186,0.129999999999995
"N2224","MONTHLY","bets",18,0.808895206326322,0.722222222222222,1,2.69265193168639,0.110000000000014
"N2224","MONTHLY","ets",18,0.81470357334103,0.222222222222222,0.833333333333333,2.13968836153965,0.159999999999968
"N2225","MONTHLY","bets",18,1.19112004787753,0.777777777777778,0.944444444444444,11.3142942560309,0.0999999999999659
"N2225","MONTHLY","ets",18,1.13079473247041,0.777777777777778,0.944444444444444,11.1128404186942,0.129999999999995
"N2226","MONTHLY","bets",18,0.538251287037599,0.944444444444444,0.944444444444444,6.17315449851988,0.120000000000005
"N2226","MONTHLY","ets",18,0.874701333457196,0.388888888888889,0.833333333333333,6.93673718475109,0.139999999999986
"N2227","MONTHLY","bets",18,1.25575933500162,0.555555555555556,1,3.92233334606331,0.110000000000014
"N2227","MONTHLY","ets",18,1.46566693973513,0.222222222222222,0.388888888888889,15.1856682316085,0.120000000000005
"N2228","MONTHLY","bets",18,0.795074648478065,0.722222222222222,0.833333333333333,3.98361064384677,0.129999999999995
"N2228","MONTHLY","ets",18,1.13424116923175,0.111111111111111,0.166666666666667,15.0193749005429,0.149999999999977
"N2229","MONTHLY","bets",18,0.901716706281044,1,1,4.32288595986068,0.229999999999961
"N2229","MONTHLY","ets",18,1.11050114875667,0.444444444444444,0.888888888888889,3.70939661917851,0.160000000000025
"N2230","MONTHLY","bets",18,0.195267379452827,1,1,3.98711947468938,0.110000000000014
"N2230","MONTHLY","ets",18,0.182647675068268,1,1,4.315469725626,0.139999999999986
"N2231","MONTHLY","bets",18,1.47610003395873,0.555555555555556,0.888888888888889,6.52325279506572,0.129999999999995
"N2231","MONTHLY","ets",18,1.29792397601945,0.555555555555556,0.888888888888889,6.65997488995712,0.139999999999986
"N2232","MONTHLY","bets",18,0.645138937423556,1,1,3.90931566718951,0.0999999999999659
"N2232","MONTHLY","ets",18,0.941670510577158,0.388888888888889,0.722222222222222,4.0894244044133,0.160000000000025
"N2233","MONTHLY","bets",18,0.9521920553872,0.944444444444444,1,4.04085894924589,0.129999999999995
"N2233","MONTHLY","ets",18,1.17258355545662,0.222222222222222,0.666666666666667,9.00216773422719,0.149999999999977
"N2234","MONTHLY","bets",18,0.211620127018278,1,1,4.15062647017176,0.129999999999995
"N2234","MONTHLY","ets",18,0.545534919121202,1,1,3.08632548561353,0.150000000000034
"N2235","MONTHLY","bets",18,1.29229732842268,0.722222222222222,1,4.48037997518758,0.110000000000014
"N2235","MONTHLY","ets",18,1.25581225102779,0.111111111111111,0.833333333333333,4.27239509346584,0.149999999999977
"N2236","MONTHLY","bets",18,1.03908862820084,0.5,1,3.43374025332054,0.110000000000014
"N2236","MONTHLY","ets",18,1.20316063936011,0.0555555555555556,0.277777777777778,9.53711232296473,0.160000000000025
"N2237","MONTHLY","bets",18,1.09275448262488,0.444444444444444,1,3.57562470197364,0.110000000000014
"N2237","MONTHLY","ets",18,1.30554040505115,0.0555555555555556,0.111111111111111,13.332838319747,0.139999999999986
"N2238","MONTHLY","bets",18,1.05320381500281,0.666666666666667,1,3.78089301347527,0.139999999999986
"N2238","MONTHLY","ets",18,1.19298572308721,0.277777777777778,1,3.1827983205655,0.170000000000016
"N2239","MONTHLY","bets",18,1.59597562353655,0.444444444444444,1,4.51868998228659,0.129999999999995
"N2239","MONTHLY","ets",18,1.60997889426594,0.388888888888889,0.722222222222222,7.93522124412513,0.160000000000025
"N2240","MONTHLY","bets",18,1.53684259310155,0.5,0.833333333333333,6.64711263233713,0.110000000000014
"N2240","MONTHLY","ets",18,1.51298680955278,0.5,0.888888888888889,6.40530626735414,0.159999999999968
"N2241","MONTHLY","bets",18,1.68769949556661,0.5,0.833333333333333,8.41343116055874,0.110000000000014
"N2241","MONTHLY","ets",18,1.68651998995571,0.5,0.944444444444444,7.44938210570006,0.129999999999995
"N2242","MONTHLY","bets",18,1.43622669536658,0.333333333333333,1,4.436146709753,0.110000000000014
"N2242","MONTHLY","ets",18,1.36915228745031,0.222222222222222,1,3.55688684584705,0.149999999999977
"N2243","MONTHLY","bets",18,0.623979046061956,1,1,4.13706193408943,0.129999999999995
"N2243","MONTHLY","ets",18,0.399447978903547,1,1,3.60607173497261,0.140000000000043
"N2244","MONTHLY","bets",18,1.16723220274511,0.611111111111111,1,4.01194592147561,0.0999999999999659
"N2244","MONTHLY","ets",18,1.53553763617614,0.166666666666667,0.444444444444444,13.5253697976462,0.170000000000016
"N2245","MONTHLY","bets",18,1.24248054396251,0.388888888888889,0.944444444444444,3.9701446172123,0.120000000000005
"N2245","MONTHLY","ets",18,0.6306797428596,0.666666666666667,1,2.58510547898998,0.139999999999986
"N2246","MONTHLY","bets",18,0.572335220438665,1,1,4.55234900492522,0.129999999999995
"N2246","MONTHLY","ets",18,0.569575357346612,1,1,4.50492994944406,0.140000000000043
"N2247","MONTHLY","bets",18,1.99499076700784,0.277777777777778,0.611111111111111,9.79193162086367,0.110000000000014
"N2247","MONTHLY","ets",18,1.95559436853599,0.277777777777778,0.555555555555556,10.1563455422432,0.149999999999977
"N2248","MONTHLY","bets",18,0.979023127201541,0.888888888888889,1,3.71671945500034,0.110000000000014
"N2248","MONTHLY","ets",18,1.00348144513855,0.611111111111111,1,3.20576344300447,0.150000000000034
"N2249","MONTHLY","bets",18,1.11092911304027,0.611111111111111,1,3.54908740023035,0.129999999999995
"N2249","MONTHLY","ets",18,0.997878370982331,0.444444444444444,1,3.00710789364882,0.139999999999986
"N2250","MONTHLY","bets",18,1.54682807484904,0.166666666666667,1,4.45332631471608,0.110000000000014
"N2250","MONTHLY","ets",18,2.16910584972579,0.0555555555555556,0.0555555555555556,40.7654593114998,0.129999999999995
"N2251","MONTHLY","bets",18,2.07425513323858,0.222222222222222,0.722222222222222,7.61088909887531,0.110000000000014
"N2251","MONTHLY","ets",18,2.60691905344234,0,0.0555555555555556,64.6772917708015,0.110000000000014
"N2252","MONTHLY","bets",18,0.721184986759642,1,1,4.04455796535295,0.110000000000014
"N2252","MONTHLY","ets",18,0.299438771469696,1,1,6.03137373641848,0.169999999999959
"N2253","MONTHLY","bets",18,0.596077320477169,1,1,4.04729468083647,0.120000000000005
"N2253","MONTHLY","ets",18,0.662385951212142,0.777777777777778,0.888888888888889,4.2540128613181,0.110000000000014
"N2254","MONTHLY","bets",18,1.89224295410705,0.388888888888889,0.666666666666667,14.3856423478038,0.139999999999986
"N2254","MONTHLY","ets",18,1.92752736096053,0.388888888888889,0.722222222222222,13.6688391535139,0.150000000000034
"N2255","MONTHLY","bets",18,0.100213448228978,1,1,3.5077470211611,0.120000000000005
"N2255","MONTHLY","ets",18,0.0814447846882933,1,1,2.85440755384593,0.159999999999968
"N2256","MONTHLY","bets",18,0.244330851325878,1,1,4.60845197981932,0.120000000000005
"N2256","MONTHLY","ets",18,0.324520103564715,1,1,5.46936333884669,0.139999999999986
"N2257","MONTHLY","bets",18,3.36978367943003,0,0.166666666666667,53.1535638709816,0.129999999999995
"N2257","MONTHLY","ets",18,3.3955953555876,0,0.277777777777778,49.8841580535754,0.140000000000043
"N2258","MONTHLY","bets",18,0.86389132852182,1,1,4.34777795550084,0.120000000000005
"N2258","MONTHLY","ets",18,0.854382002306102,0.888888888888889,1,3.26100909867889,0.159999999999968
"N2259","MONTHLY","bets",18,0.555356857112701,1,1,4.07592606457836,0.110000000000014
"N2259","MONTHLY","ets",18,0.65692052022646,0.888888888888889,1,3.11795478133886,0.149999999999977
"N2260","MONTHLY","bets",18,1.02957997744142,0.888888888888889,1,4.12398787111544,0.129999999999995
"N2260","MONTHLY","ets",18,1.04082968642493,0.388888888888889,1,2.8456201570087,0.169999999999959
"N2261","MONTHLY","bets",18,1.60785820517198,0.555555555555556,1,5.21593599326477,0.120000000000005
"N2261","MONTHLY","ets",18,1.39158940111227,0.166666666666667,0.833333333333333,4.67226646330678,0.170000000000016
"N2262","MONTHLY","bets",18,1.44119737441832,0.666666666666667,1,4.66564080186142,0.129999999999995
"N2262","MONTHLY","ets",18,1.38804587951621,0.222222222222222,0.833333333333333,5.83477853094718,0.160000000000025
"N2263","MONTHLY","bets",18,0.809184629330179,1,1,4.00968378489663,0.129999999999995
"N2263","MONTHLY","ets",18,0.684439219091706,1,1,3.57150762750829,0.139999999999986
"N2264","MONTHLY","bets",18,0.32030917188237,1,1,4.51397188292511,0.120000000000005
"N2264","MONTHLY","ets",18,0.316071690527814,1,1,4.25233912032033,0.160000000000025
"N2265","MONTHLY","bets",18,0.153042433594841,1,1,3.78100525940414,0.110000000000014
"N2265","MONTHLY","ets",18,0.151227439911043,1,1,3.71421608936528,0.169999999999959
"N2266","MONTHLY","bets",18,0.605281956218012,1,1,3.87673285236271,0.089999999999975
"N2266","MONTHLY","ets",18,0.357181833257084,0.944444444444444,1,3.06527019444162,0.160000000000025
"N2267","MONTHLY","bets",18,0.503330932223424,1,1,6.09747695944433,0.129999999999995
"N2267","MONTHLY","ets",18,0.629459048321365,1,1,6.22875417003953,0.139999999999986
"N2268","MONTHLY","bets",18,0.162458292330091,1,1,4.12592670605874,0.100000000000023
"N2268","MONTHLY","ets",18,0.137724367737273,1,1,3.38900227836703,0.149999999999977
"N2269","MONTHLY","bets",18,0.537396519647654,1,1,4.12634126896655,0.129999999999995
"N2269","MONTHLY","ets",18,0.311434007071408,1,1,3.08453472407396,0.150000000000034
"N2270","MONTHLY","bets",18,0.392130276840051,1,1,4.49893965801513,0.120000000000005
"N2270","MONTHLY","ets",18,0.395583738259954,1,1,4.40338520511962,0.139999999999986
"N2271","MONTHLY","bets",18,0.436895494801186,1,1,3.9525957872761,0.110000000000014
"N2271","MONTHLY","ets",18,0.416173384053944,0.944444444444444,1,3.08496377350721,0.139999999999986
"N2272","MONTHLY","bets",18,1.26988151683162,0.611111111111111,1,4.68733989072134,0.120000000000005
"N2272","MONTHLY","ets",18,1.30980529112965,0.5,0.722222222222222,5.07312236555061,0.160000000000025
"N2273","MONTHLY","bets",18,1.50562706638112,0.555555555555556,0.944444444444444,5.333316092138,0.129999999999995
"N2273","MONTHLY","ets",18,0.775112563321044,0.777777777777778,1,3.81457289836573,0.149999999999977
"N2274","MONTHLY","bets",18,0.637921828213123,1,1,5.42496700830768,0.129999999999995
"N2274","MONTHLY","ets",18,0.608142030120474,1,1,5.16436402311526,0.140000000000043
"N2275","MONTHLY","bets",18,1.14586444244158,0.555555555555556,1,3.91566247721958,0.120000000000005
"N2275","MONTHLY","ets",18,1.07761951566101,0.111111111111111,0.833333333333333,3.68504295412873,0.159999999999968
"N2276","MONTHLY","bets",18,1.34925965981967,0.333333333333333,1,4.07229056955547,0.120000000000005
"N2276","MONTHLY","ets",18,1.31234919100398,0.111111111111111,0.611111111111111,7.67039142606282,0.160000000000025
"N2277","MONTHLY","bets",18,0.797019677795955,0.833333333333333,1,3.80830596955909,0.109999999999957
"N2277","MONTHLY","ets",18,0.862381024563951,0.722222222222222,1,3.56060030094357,0.140000000000043
"N2278","MONTHLY","bets",18,1.51932437186984,0.166666666666667,1,4.41881641573978,0.139999999999986
"N2278","MONTHLY","ets",18,1.51231348225162,0.0555555555555556,0.444444444444444,6.68789558408581,0.159999999999968
"N2279","MONTHLY","bets",18,1.0000578830385,0.833333333333333,1,4.32110239164184,0.120000000000005
"N2279","MONTHLY","ets",18,1.04391703999339,0.666666666666667,0.944444444444444,4.10926837273604,0.140000000000043
"N2280","MONTHLY","bets",18,0.810219867083833,1,1,4.90916729052644,0.110000000000014
"N2280","MONTHLY","ets",18,0.784307965525261,1,1,4.83195713762518,0.149999999999977
"N2281","MONTHLY","bets",18,0.625511386140318,1,1,4.55793631416284,0.139999999999986
"N2281","MONTHLY","ets",18,0.619522439719911,1,1,3.38592633158472,0.150000000000034
"N2282","MONTHLY","bets",18,1.21609808058924,0.666666666666667,1,4.51280987146492,0.139999999999986
"N2282","MONTHLY","ets",18,1.20457466448053,0.666666666666667,0.944444444444444,4.6433288403747,0.129999999999995
"N2283","MONTHLY","bets",18,1.05227881186018,0.777777777777778,1,4.22603134535578,0.129999999999995
"N2283","MONTHLY","ets",18,1.06087513808955,0.777777777777778,1,3.88849813840828,0.140000000000043
"N2284","MONTHLY","bets",18,1.71727126214876,0.111111111111111,1,4.01883711072616,0.139999999999986
"N2284","MONTHLY","ets",18,1.6843902397705,0.111111111111111,0.555555555555556,5.12811403305436,0.120000000000005
"N2285","MONTHLY","bets",18,0.680702924312331,0.888888888888889,1,3.75680149311938,0.139999999999986
"N2285","MONTHLY","ets",18,0.652812290752578,0.888888888888889,1,3.28652763072856,0.140000000000043
"N2286","MONTHLY","bets",18,1.87105064835948,0.444444444444444,0.777777777777778,11.9267870277022,0.109999999999957
"N2286","MONTHLY","ets",18,1.86567076175386,0.444444444444444,0.777777777777778,11.0130557158583,0.140000000000043
"N2287","MONTHLY","bets",18,0.320827175264812,1,1,3.90695511949106,0.120000000000005
"N2287","MONTHLY","ets",18,0.390425032184885,1,1,3.36299517199889,0.139999999999986
"N2288","MONTHLY","bets",18,0.337135200164587,1,1,4.08115802328992,0.129999999999995
"N2288","MONTHLY","ets",18,0.663516202739017,1,1,2.87349048984787,0.150000000000034
"N2289","MONTHLY","bets",18,0.466768936518892,1,1,3.72418163512067,0.109999999999957
"N2289","MONTHLY","ets",18,0.641338833040896,0.722222222222222,0.944444444444444,2.66171617840262,0.160000000000025
"N2290","MONTHLY","bets",18,3.28525119287465,0.111111111111111,0.444444444444444,29.5698038132567,0.089999999999975
"N2290","MONTHLY","ets",18,3.30447026408482,0.0555555555555556,0.388888888888889,28.3890001834029,0.110000000000014
"N2291","MONTHLY","bets",18,0.272669482433928,1,1,4.36909605390846,0.110000000000014
"N2291","MONTHLY","ets",18,0.351125611920764,1,1,3.27109882894349,0.139999999999986
"N2292","MONTHLY","bets",18,0.193980795661329,1,1,4.29532071572254,0.120000000000005
"N2292","MONTHLY","ets",18,0.210763698421405,1,1,2.98714099217067,0.140000000000043
"N2293","MONTHLY","bets",18,1.22440667677796,0.722222222222222,1,4.29056237061197,0.170000000000016
"N2293","MONTHLY","ets",18,1.04198621144779,0.666666666666667,0.833333333333333,3.96761833745579,0.159999999999968
"N2294","MONTHLY","bets",18,0.684556423972407,1,1,4.13493305434924,0.120000000000005
"N2294","MONTHLY","ets",18,0.606309553672961,0.944444444444444,1,2.92261127662395,0.160000000000025
"N2295","MONTHLY","bets",18,0.917252214603625,0.833333333333333,1,3.40158292608109,0.120000000000005
"N2295","MONTHLY","ets",18,0.89273417593348,0.555555555555556,1,2.87320033423582,0.169999999999959
"N2296","MONTHLY","bets",18,1.50949214764947,0.611111111111111,0.944444444444444,5.76093282008243,0.129999999999995
"N2296","MONTHLY","ets",18,1.52304533706578,0.555555555555556,0.944444444444444,5.56973378466492,0.160000000000025
"N2297","MONTHLY","bets",18,0.249320379162935,0.944444444444444,1,4.34638009397084,0.139999999999986
"N2297","MONTHLY","ets",18,0.540970793954867,0.833333333333333,1,2.54856702818307,0.150000000000034
"N2298","MONTHLY","bets",18,0.201767466791604,1,1,4.08008501102376,0.129999999999995
"N2298","MONTHLY","ets",18,0.232293129266109,1,1,3.57153183707658,0.139999999999986
"N2299","MONTHLY","bets",18,0.884917862324937,0.722222222222222,0.888888888888889,4.76066283205973,0.259999999999991
"N2299","MONTHLY","ets",18,0.498242985698897,0.888888888888889,1,2.84937235000549,0.129999999999995
"N2300","MONTHLY","bets",18,0.686519949820286,0.944444444444444,1,3.43781878165215,0.110000000000014
"N2300","MONTHLY","ets",18,0.649377376441534,0.666666666666667,1,2.20176315046222,0.139999999999986
"N2301","MONTHLY","bets",18,1.42095796201428,0.444444444444444,0.944444444444444,4.43170849353705,0.129999999999995
"N2301","MONTHLY","ets",18,0.852189720128717,0.555555555555556,0.944444444444444,3.15294477566266,0.120000000000005
"N2302","MONTHLY","bets",18,1.73321333403046,0.388888888888889,0.777777777777778,6.03158786399441,0.129999999999995
"N2302","MONTHLY","ets",18,1.84940578900449,0.166666666666667,0.333333333333333,24.3707467945034,0.139999999999986
"N2303","MONTHLY","bets",18,1.06451371636664,0.666666666666667,1,3.8116798135488,0.110000000000014
"N2303","MONTHLY","ets",18,0.467025311639004,0.888888888888889,1,3.2438931949085,0.159999999999968
"N2304","MONTHLY","bets",18,0.781420962412455,0.111111111111111,0.722222222222222,2.67375097770286,0.139999999999986
"N2304","MONTHLY","ets",18,0.578493713159799,0.222222222222222,0.777777777777778,2.93491899089808,0.159999999999968
"N2305","MONTHLY","bets",18,1.60982662018714,0.222222222222222,0.722222222222222,8.96656586351303,0.140000000000043
"N2305","MONTHLY","ets",18,1.89523795177827,0.0555555555555556,0.277777777777778,33.4546933989845,0.139999999999986
"N2306","MONTHLY","bets",18,0.56570350138428,1,1,3.70002466531567,0.129999999999995
"N2306","MONTHLY","ets",18,0.400092128243627,0.888888888888889,1,2.49532225852765,0.139999999999986
"N2307","MONTHLY","bets",18,0.956859713711233,0.777777777777778,1,3.82120629363371,0.120000000000005
"N2307","MONTHLY","ets",18,0.779513024822174,0.5,1,2.450512349502,0.139999999999986
"N2308","MONTHLY","bets",18,0.363770159323545,1,1,3.62543631622182,0.110000000000014
"N2308","MONTHLY","ets",18,0.321147625032205,1,1,3.0365203298423,0.129999999999995
"N2309","MONTHLY","bets",18,1.24940355853291,0.444444444444444,1,3.80046708812027,0.110000000000014
"N2309","MONTHLY","ets",18,1.34057715808286,0.222222222222222,0.444444444444444,13.5197783002217,0.160000000000025
"N2310","MONTHLY","bets",18,1.1312385856212,0.611111111111111,1,4.14260278010512,0.109999999999957
"N2310","MONTHLY","ets",18,1.33033658572082,0.388888888888889,0.611111111111111,10.1763014493559,0.140000000000043
"N2311","MONTHLY","bets",18,1.45181252204735,0.166666666666667,0.722222222222222,4.78208080828977,0.110000000000014
"N2311","MONTHLY","ets",18,1.65143657490319,0.111111111111111,0.166666666666667,27.3716396072722,0.139999999999986
"N2312","MONTHLY","bets",18,0.701630764668874,0.944444444444444,1,3.68874817678329,0.129999999999995
"N2312","MONTHLY","ets",18,0.860051640102238,0.388888888888889,0.888888888888889,2.72690546543776,0.149999999999977
"N2313","MONTHLY","bets",18,0.402652705360204,1,1,3.19707391577613,0.110000000000014
"N2313","MONTHLY","ets",18,0.329081512757879,1,1,2.99252205219616,0.129999999999995
"N2314","MONTHLY","bets",18,0.726620147259043,0.555555555555556,0.888888888888889,3.22887029717292,0.110000000000014
"N2314","MONTHLY","ets",18,0.670277168364076,0.555555555555556,0.888888888888889,2.98256834348235,0.189999999999998
"N2315","MONTHLY","bets",18,0.539199322268896,0.611111111111111,1,2.79002881255355,0.110000000000014
"N2315","MONTHLY","ets",18,0.516742722101357,0.611111111111111,0.944444444444444,2.67961470210238,0.149999999999977
"N2316","MONTHLY","bets",18,0.662647010422347,0.888888888888889,1,4.08815835054432,0.110000000000014
"N2316","MONTHLY","ets",18,1.55961620703979,0.777777777777778,1,5.29870698336211,0.139999999999986
"N2317","MONTHLY","bets",18,0.347269873809912,1,1,2.5360974755951,0.110000000000014
"N2317","MONTHLY","ets",18,0.275742920258392,1,1,1.60833607807947,0.110000000000014
"N2318","MONTHLY","bets",18,0.568306714448686,1,1,3.03359238175149,0.110000000000014
"N2318","MONTHLY","ets",18,0.43763018617457,0.944444444444444,1,2.38152311441979,0.139999999999986
"N2319","MONTHLY","bets",18,0.122117915084523,0.944444444444444,0.944444444444444,1.75196517534001,0.110000000000014
"N2319","MONTHLY","ets",18,0.134925788546299,0.888888888888889,0.944444444444444,1.1126756058588,0.150000000000034
"N2320","MONTHLY","bets",18,0.133077073186482,1,1,2.46338537202716,0.109999999999957
"N2320","MONTHLY","ets",18,0.0643700019886814,1,1,1.53594375007356,0.160000000000025
"N2321","MONTHLY","bets",18,0.306857741583217,1,1,3.12586767497866,0.110000000000014
"N2321","MONTHLY","ets",18,0.0793698539675314,1,1,2.12521685449151,0.149999999999977
"N2322","MONTHLY","bets",18,0.129932958303062,0.944444444444444,1,2.60481706538053,0.129999999999995
"N2322","MONTHLY","ets",18,0.122547532528991,0.944444444444444,1,1.90633197791851,0.120000000000005
"N2323","MONTHLY","bets",18,0.0851925339799386,1,1,2.9835847131205,0.110000000000014
"N2323","MONTHLY","ets",18,0.118320787924114,1,1,2.55553770281049,0.139999999999986
"N2324","MONTHLY","bets",18,0.203941194470906,0.944444444444444,1,3.46370888225689,0.169999999999959
"N2324","MONTHLY","ets",18,0.217704008380763,0.944444444444444,1,4.69276775163822,0.140000000000043
"N2325","MONTHLY","bets",18,0.328671230722545,1,1,2.81317170572103,0.169999999999959
"N2325","MONTHLY","ets",18,0.552502018776169,0.5,1,1.76676616797922,0.189999999999998
"N2326","MONTHLY","bets",18,0.277326574375013,1,1,3.53039677958053,0.120000000000005
"N2326","MONTHLY","ets",18,0.115598613196831,1,1,1.8770047131207,0.160000000000025
"N2327","MONTHLY","bets",18,1.36128180350191,0.388888888888889,0.888888888888889,5.50068305212068,0.129999999999995
"N2327","MONTHLY","ets",18,0.672185285294993,1,1,4.06669962681027,0.139999999999986
"N2328","MONTHLY","bets",18,1.85098628269934,0.333333333333333,0.777777777777778,8.59528276890743,0.120000000000005
"N2328","MONTHLY","ets",18,1.65209238429237,0.333333333333333,0.5,13.6520615196116,0.129999999999995
"N2329","MONTHLY","bets",18,1.16205651688759,0.722222222222222,0.888888888888889,10.0855191866791,0.120000000000005
"N2329","MONTHLY","ets",18,1.31416528020453,0.722222222222222,0.833333333333333,12.0152762641243,0.160000000000025
"N2330","MONTHLY","bets",18,0.274561918082458,1,1,4.71989578161161,0.110000000000014
"N2330","MONTHLY","ets",18,0.241605486812008,1,1,4.33039727499536,0.139999999999986
"N2331","MONTHLY","bets",18,0.881169732026644,1,1,5.15685904194366,0.110000000000014
"N2331","MONTHLY","ets",18,0.69146811404672,1,1,4.7233721383527,0.139999999999986
"N2332","MONTHLY","bets",18,1.24336313629464,0.777777777777778,0.944444444444444,5.05690946012423,0.109999999999957
"N2332","MONTHLY","ets",18,1.25080697702625,0.555555555555556,0.944444444444444,4.43714909723097,0.140000000000043
"N2333","MONTHLY","bets",18,1.81588385239574,0.388888888888889,0.722222222222222,13.7274301966401,0.139999999999986
"N2333","MONTHLY","ets",18,2.15581903160666,0.222222222222222,0.333333333333333,30.0181638281836,0.139999999999986
"N2334","MONTHLY","bets",18,2.57799711483013,0.166666666666667,0.555555555555556,15.5683175647752,0.189999999999998
"N2334","MONTHLY","ets",18,2.91244947578363,0.0555555555555556,0.0555555555555556,60.0743648490177,0.149999999999977
"N2335","MONTHLY","bets",18,1.85024739806489,0.388888888888889,0.888888888888889,6.83973686201543,0.129999999999995
"N2335","MONTHLY","ets",18,1.58858491941258,0.388888888888889,0.944444444444444,4.99455352373889,0.160000000000025
"N2336","MONTHLY","bets",18,2.31947008581181,0.277777777777778,0.722222222222222,10.2821860985473,0.120000000000005
"N2336","MONTHLY","ets",18,1.71943952139075,0.666666666666667,1,5.9899023490776,0.159999999999968
"N2337","MONTHLY","bets",18,0.413248513007223,0.944444444444444,1,3.06899473246473,0.120000000000005
"N2337","MONTHLY","ets",18,0.45603248796786,0.722222222222222,1,2.41268709140424,0.160000000000025
"N2338","MONTHLY","bets",18,0.758909655419682,0.944444444444444,1,4.30962580641436,0.120000000000005
"N2338","MONTHLY","ets",18,0.314096086047096,0.944444444444444,0.944444444444444,4.19050778735439,0.139999999999986
"N2339","MONTHLY","bets",18,1.21440892351301,0.333333333333333,0.777777777777778,5.39487328044645,0.110000000000014
"N2339","MONTHLY","ets",18,0.629946327571068,0.833333333333333,1,3.04653644379739,0.139999999999986
"N2340","MONTHLY","bets",18,2.15932174952534,0.444444444444444,0.666666666666667,22.0065525541408,0.110000000000014
"N2340","MONTHLY","ets",18,2.15803539552528,0.555555555555556,0.722222222222222,23.3678090140329,0.139999999999986
"N2341","MONTHLY","bets",18,0.308504350106841,1,1,4.50867460196551,0.129999999999995
"N2341","MONTHLY","ets",18,0.719296946542223,0.944444444444444,1,4.368873752614,0.110000000000014
"N2342","MONTHLY","bets",18,0.92826555324597,0.833333333333333,0.944444444444444,4.43043169788853,0.129999999999995
"N2342","MONTHLY","ets",18,1.01358389956569,0.777777777777778,0.944444444444444,4.25115983496257,0.160000000000025
"N2343","MONTHLY","bets",18,0.35358291350403,1,1,4.63854198869295,0.110000000000014
"N2343","MONTHLY","ets",18,0.652361531532759,0.944444444444444,1,3.12874178008536,0.159999999999968
"N2344","MONTHLY","bets",18,0.526897192749368,1,1,12.7063894611096,0.109999999999957
"N2344","MONTHLY","ets",18,0.512461760215656,1,1,4.64951159098025,0.129999999999995
"N2345","MONTHLY","bets",18,0.270163697467975,1,1,4.63724723215629,0.25
"N2345","MONTHLY","ets",18,0.301405235968274,1,1,4.10470518998902,0.140000000000043
"N2346","MONTHLY","bets",18,1.44165473055044,0.388888888888889,0.944444444444444,4.31267524480296,0.110000000000014
"N2346","MONTHLY","ets",18,0.852189720128717,0.555555555555556,0.944444444444444,3.15294477566266,0.159999999999968
"N2347","MONTHLY","bets",18,1.77366399273223,0.277777777777778,0.666666666666667,8.26955936758374,0.160000000000025
"N2347","MONTHLY","ets",18,1.84940578900449,0.166666666666667,0.333333333333333,24.3707467945034,0.159999999999968
"N2348","MONTHLY","bets",18,0.93149175410039,0.722222222222222,1,4.22638670421215,0.150000000000034
"N2348","MONTHLY","ets",18,0.964786244670298,0.722222222222222,0.944444444444444,4.20381571115804,0.139999999999986
"N2349","MONTHLY","bets",18,0.350527142552059,1,1,4.1399665971862,0.129999999999995
"N2349","MONTHLY","ets",18,0.312030055154404,1,1,3.96940307006574,0.120000000000005
"N2350","MONTHLY","bets",18,1.01640487513055,1,1,4.64451262446343,0.110000000000014
"N2350","MONTHLY","ets",18,0.862228669665575,0.888888888888889,1,3.36418759595661,0.160000000000025
"N2351","MONTHLY","bets",18,1.28131397806905,0.611111111111111,1,4.09188797542171,0.120000000000005
"N2351","MONTHLY","ets",18,1.28217775944823,0.444444444444444,0.888888888888889,4.45314133385831,0.139999999999986
"N2352","MONTHLY","bets",18,1.72623160891359,0.222222222222222,0.833333333333333,5.33121839941724,0.120000000000005
"N2352","MONTHLY","ets",18,1.66251784094375,0.166666666666667,0.722222222222222,10.7860597754727,0.160000000000025
"N2353","MONTHLY","bets",18,1.97739280421068,0.277777777777778,0.777777777777778,6.84454939184681,0.149999999999977
"N2353","MONTHLY","ets",18,2.06366283115883,0.111111111111111,0.5,16.7989915050153,0.160000000000025
"N2354","MONTHLY","bets",18,1.76993166504474,0.444444444444444,0.722222222222222,6.65150670943608,0.129999999999995
"N2354","MONTHLY","ets",18,1.79527910763949,0.333333333333333,0.722222222222222,7.6743850697514,0.139999999999986
"N2355","MONTHLY","bets",18,2.38194724294746,0.222222222222222,0.5,16.865819428374,0.110000000000014
"N2355","MONTHLY","ets",18,2.37589760474146,0.222222222222222,0.5,17.4894499294072,0.139999999999986
"N2356","MONTHLY","bets",18,0.435108872140615,0.944444444444444,1,2.94038129101617,0.110000000000014
"N2356","MONTHLY","ets",18,0.319345420773184,0.888888888888889,1,1.93142156320725,0.170000000000016
"N2357","MONTHLY","bets",18,1.05969564109712,0.611111111111111,0.944444444444444,3.60521786492598,0.120000000000005
"N2357","MONTHLY","ets",18,0.467025311639004,0.888888888888889,1,3.2438931949085,0.129999999999995
"N2358","MONTHLY","bets",18,1.07446890787603,0.611111111111111,0.944444444444444,3.66887504737518,0.110000000000014
"N2358","MONTHLY","ets",18,0.655425117779859,0.666666666666667,0.888888888888889,2.88454183996405,0.139999999999986
"N2359","MONTHLY","bets",18,1.74948532553435,0.555555555555556,0.666666666666667,16.3918879140442,0.129999999999995
"N2359","MONTHLY","ets",18,1.71844565817705,0.555555555555556,0.611111111111111,18.8340584911079,0.160000000000025
"N2360","MONTHLY","bets",18,0.279556282411096,1,1,3.96429227878093,0.110000000000014
"N2360","MONTHLY","ets",18,0.289332701560851,1,1,3.72339591511348,0.129999999999995
"N2361","MONTHLY","bets",18,0.567598075665666,0.888888888888889,1,3.47496056284939,0.110000000000014
"N2361","MONTHLY","ets",18,0.615967461991713,0.888888888888889,0.944444444444444,3.56351772590914,0.129999999999995
"N2362","MONTHLY","bets",18,0.440426736890347,1,1,3.88840599758806,0.0999999999999659
"N2362","MONTHLY","ets",18,0.450383960760066,1,1,3.42414918622573,0.180000000000007
"N2363","MONTHLY","bets",18,0.346466423408111,1,1,8.87224462265758,0.110000000000014
"N2363","MONTHLY","ets",18,0.444947948638054,1,1,4.13226779214353,0.120000000000005
"N2364","MONTHLY","bets",18,0.399726843413252,0.944444444444444,1,3.96331897126153,0.129999999999995
"N2364","MONTHLY","ets",18,0.471361706870718,0.944444444444444,1,3.30701383393226,0.139999999999986
"N2365","MONTHLY","bets",18,2.32346497150939,0.222222222222222,0.833333333333333,10.7688397177028,0.120000000000005
"N2365","MONTHLY","ets",18,2.38966058561942,0.111111111111111,0.166666666666667,34.4543385321436,0.160000000000025
"N2366","MONTHLY","bets",18,1.10867596227672,0.5,0.888888888888889,4.24416314994742,0.109999999999957
"N2366","MONTHLY","ets",18,1.18927618228269,0.5,0.888888888888889,4.70294893383763,0.110000000000014
"N2367","MONTHLY","bets",18,2.02150072763023,0.166666666666667,0.666666666666667,12.0590832800285,0.120000000000005
"N2367","MONTHLY","ets",18,1.51909647176046,0.222222222222222,0.611111111111111,16.7911197656761,0.139999999999986
"N2368","MONTHLY","bets",18,2.39588080906642,0.277777777777778,0.5,15.6394195353852,0.129999999999995
"N2368","MONTHLY","ets",18,2.3809895246893,0.277777777777778,0.5,16.2006562552386,0.170000000000016
"N2369","MONTHLY","bets",18,1.49582096445069,0.333333333333333,0.833333333333333,4.69238307051861,0.150000000000034
"N2369","MONTHLY","ets",18,0.94530746032543,0.722222222222222,1,3.43520744250963,0.149999999999977
"N2370","MONTHLY","bets",18,0.935602648658181,0.888888888888889,1,4.47162912547076,0.129999999999995
"N2370","MONTHLY","ets",18,0.88049095549196,0.888888888888889,1,3.73914423171446,0.170000000000016
"N2371","MONTHLY","bets",18,1.38959424053835,0.611111111111111,1,4.41064016853929,0.110000000000014
"N2371","MONTHLY","ets",18,1.06243129610032,0.388888888888889,0.888888888888889,3.75367541803174,0.149999999999977
"N2372","MONTHLY","bets",18,1.09862835539965,0.611111111111111,0.833333333333333,4.29538140822487,0.120000000000005
"N2372","MONTHLY","ets",18,1.02250407442485,0.388888888888889,0.555555555555556,10.184824039668,0.150000000000034
"N2373","MONTHLY","bets",18,1.09617524057154,0.722222222222222,0.888888888888889,5.03850350570401,0.110000000000014
"N2373","MONTHLY","ets",18,1.0271215393844,0.722222222222222,0.888888888888889,5.25114034269633,0.159999999999968
"N2374","MONTHLY","bets",18,0.390314162153138,1,1,4.2827974368752,0.129999999999995
"N2374","MONTHLY","ets",18,0.364280607376193,1,1,3.65156066186957,0.150000000000034
"N2375","MONTHLY","bets",18,0.701188717908123,0.722222222222222,0.944444444444444,2.94408330261354,0.110000000000014
"N2375","MONTHLY","ets",18,0.415926386490906,0.888888888888889,1,2.64186235082714,0.159999999999968
"N2376","MONTHLY","bets",18,0.461903975032628,0.777777777777778,1,2.8278533959726,0.110000000000014
"N2376","MONTHLY","ets",18,0.232847279921518,0.888888888888889,1,2.6569720828953,0.160000000000025
"N2377","MONTHLY","bets",18,0.620531577942825,0.888888888888889,1,3.79589687157217,0.129999999999995
"N2377","MONTHLY","ets",18,0.772159224267885,0.944444444444444,1,3.24109377659388,0.139999999999986
"N2378","MONTHLY","bets",18,0.692987141861082,0.611111111111111,0.888888888888889,3.19734134568884,0.110000000000014
"N2378","MONTHLY","ets",18,0.670277168364076,0.555555555555556,0.888888888888889,2.98256834348235,0.159999999999968
"N2379","MONTHLY","bets",18,0.467693525588176,0.722222222222222,1,2.90935822240931,0.109999999999957
"N2379","MONTHLY","ets",18,0.516742722101357,0.611111111111111,0.944444444444444,2.67961470210238,0.160000000000025
"N2380","MONTHLY","bets",18,1.0217453193816,0.944444444444444,1,4.21689593703817,0.129999999999995
"N2380","MONTHLY","ets",18,1.02484652078655,0.944444444444444,1,3.89136609063201,0.160000000000025
"N2381","MONTHLY","bets",18,0.413882142983132,1,1,3.44689956123297,0.120000000000005
"N2381","MONTHLY","ets",18,0.448553213967427,1,1,3.16196172782326,0.159999999999968
"N2382","MONTHLY","bets",18,0.386963486917746,1,1,3.89717907473363,0.110000000000014
"N2382","MONTHLY","ets",18,0.388024634619969,1,1,3.30790536696158,0.149999999999977
"N2383","MONTHLY","bets",18,1.1960448771299,0.444444444444444,0.888888888888889,5.14887849838276,0.110000000000014
"N2383","MONTHLY","ets",18,1.16263938338116,0.444444444444444,0.888888888888889,4.76389358549903,0.170000000000016
"N2384","MONTHLY","bets",18,0.409386507874621,0.888888888888889,1,3.21204083899117,0.110000000000014
"N2384","MONTHLY","ets",18,0.389675573837251,0.888888888888889,1,2.82703713154046,0.149999999999977
"N2385","MONTHLY","bets",18,0.516371668118965,0.944444444444444,1,3.21882425987092,0.129999999999995
"N2385","MONTHLY","ets",18,0.529851493770501,0.944444444444444,1,2.9979916742197,0.140000000000043
"N2386","MONTHLY","bets",18,0.362576510925103,0.888888888888889,1,2.83254790733906,0.110000000000014
"N2386","MONTHLY","ets",18,0.112633260472253,1,1,2.69336838018816,0.169999999999959
"N2387","MONTHLY","bets",18,0.888699907442787,0.722222222222222,0.888888888888889,4.54756293612889,0.109999999999957
"N2387","MONTHLY","ets",18,0.98159389762693,0.555555555555556,0.833333333333333,4.73241469559916,0.140000000000043
"N2388","MONTHLY","bets",18,0.50136885332843,1,1,3.76010094879898,0.110000000000014
"N2388","MONTHLY","ets",18,0.50340557273884,1,1,3.43502827615006,0.139999999999986
"N2389","MONTHLY","bets",18,0.594581057967474,0.722222222222222,0.944444444444444,3.9217015422913,0.110000000000014
"N2389","MONTHLY","ets",18,0.538577410943339,0.777777777777778,0.944444444444444,3.35657614364201,0.129999999999995
"N2390","MONTHLY","bets",18,0.139985517864477,1,1,3.29294092798531,0.139999999999986
"N2390","MONTHLY","ets",18,0.118863191729244,1,1,2.87038113742421,0.180000000000007
"N2391","MONTHLY","bets",18,1.15635752738337,0.222222222222222,0.722222222222222,6.878542632323,0.139999999999986
"N2391","MONTHLY","ets",18,1.11446187269513,0.277777777777778,0.722222222222222,6.79090729230376,0.170000000000016
"N2392","MONTHLY","bets",18,0.659917410966274,0.888888888888889,1,3.72610635815308,0.110000000000014
"N2392","MONTHLY","ets",18,1.55961620703979,0.777777777777778,1,5.29870698336211,0.139999999999986
"N2393","MONTHLY","bets",18,0.355308491537786,1,1,3.88882184181015,0.129999999999995
"N2393","MONTHLY","ets",18,0.575795551763658,0.944444444444444,1,2.64262750533464,0.160000000000025
"N2394","MONTHLY","bets",18,0.887802941377571,0.833333333333333,1,4.58312522546693,0.120000000000005
"N2394","MONTHLY","ets",18,0.664992027170432,0.833333333333333,0.944444444444444,3.7325124243275,0.139999999999986
"N2395","MONTHLY","bets",18,0.220700222817788,1,1,4.13799093799394,0.110000000000014
"N2395","MONTHLY","ets",18,0.202773306257711,1,1,3.36479210411612,0.120000000000005
"N2396","MONTHLY","bets",18,0.75216720943305,0.888888888888889,1,4.22710067603293,0.110000000000014
"N2396","MONTHLY","ets",18,0.607544209752891,0.888888888888889,1,3.46665110917912,0.110000000000014
"N2397","MONTHLY","bets",18,0.588505024540196,1,1,4.57030256645335,0.139999999999986
"N2397","MONTHLY","ets",18,0.402746042242677,1,1,4.00893138274137,0.139999999999986
"N2398","MONTHLY","bets",18,0.683037178124709,1,1,6.86603457884354,0.120000000000005
"N2398","MONTHLY","ets",18,0.729665869979831,1,1,5.91704046588681,0.140000000000043
"N2399","MONTHLY","bets",18,0.684421746385201,1,1,3.87397580956948,0.110000000000014
"N2399","MONTHLY","ets",18,0.741929354931903,1,1,3.6081549718287,0.149999999999977
"N2400","MONTHLY","bets",18,0.461114494943335,1,1,3.62952961931258,0.110000000000014
"N2400","MONTHLY","ets",18,0.383031295126107,1,1,3.32080677573814,0.160000000000025
"N2401","MONTHLY","bets",18,0.404338577190019,1,1,3.64551491165658,0.120000000000005
"N2401","MONTHLY","ets",18,0.505593683178852,1,1,3.10240496535708,0.159999999999968
"N2402","MONTHLY","bets",18,0.686951050498662,1,1,4.5396968862435,0.110000000000014
"N2402","MONTHLY","ets",18,0.453715064141519,1,1,3.54086210118874,0.139999999999986
"N2403","MONTHLY","bets",18,0.638207851558456,1,1,3.96517729594295,0.120000000000005
"N2403","MONTHLY","ets",18,0.734767168900079,1,1,3.53836616303619,0.139999999999986
"N2404","MONTHLY","bets",18,0.825531583066048,0.944444444444444,1,3.84634042557941,0.110000000000014
"N2404","MONTHLY","ets",18,1.03229416286982,0.555555555555556,1,3.13077142010147,0.149999999999977
"N2405","MONTHLY","bets",18,0.334020153098144,0.888888888888889,1,4.11206098960689,0.109999999999957
"N2405","MONTHLY","ets",18,0.425959516787944,0.888888888888889,1,3.07377662200847,0.110000000000014
"N2406","MONTHLY","bets",18,0.788977490688066,1,1,4.34847024096437,0.110000000000014
"N2406","MONTHLY","ets",18,0.744273398642793,0.888888888888889,1,3.46482668004366,0.160000000000025
"N2407","MONTHLY","bets",18,0.721683493793917,0.611111111111111,1,3.24684320554539,0.109999999999957
"N2407","MONTHLY","ets",18,0.717375157910972,0.611111111111111,1,3.07121404781215,0.160000000000025
"N2408","MONTHLY","bets",18,0.463693290695646,0.944444444444444,1,3.61564558300819,0.110000000000014
"N2408","MONTHLY","ets",18,0.503866169301239,0.944444444444444,1,3.24190717684089,0.139999999999986
"N2409","MONTHLY","bets",18,0.504995495399263,0.888888888888889,1,3.14476095807827,0.110000000000014
"N2409","MONTHLY","ets",18,0.484932342362522,0.833333333333333,1,2.62853285443638,0.150000000000034
"N2410","MONTHLY","bets",18,0.141067642079884,0.944444444444444,0.944444444444444,3.11997633009911,0.110000000000014
"N2410","MONTHLY","ets",18,0.304330321560021,0.944444444444444,1,2.77196835963904,0.120000000000005
"N2411","MONTHLY","bets",18,1.48065778739733,0.555555555555556,1,4.6786685938084,0.109999999999957
"N2411","MONTHLY","ets",18,0.78198253441019,1,1,4.47245401356262,0.140000000000043
"N2412","MONTHLY","bets",18,1.74898142154636,0.444444444444444,0.833333333333333,5.55312553096828,0.159999999999968
"N2412","MONTHLY","ets",18,1.52511274920125,0.388888888888889,0.833333333333333,5.4484815285124,0.160000000000025
"N2413","MONTHLY","bets",18,0.71421989634346,0.944444444444444,1,4.50573362679944,0.120000000000005
"N2413","MONTHLY","ets",18,0.273253762551095,0.944444444444444,1,4.27489740527549,0.169999999999959
"N2414","MONTHLY","bets",18,1.68641812868578,0.277777777777778,0.611111111111111,7.42713596095706,0.28000000000003
"N2414","MONTHLY","ets",18,1.01391929640963,0.611111111111111,0.888888888888889,4.03448917057961,0.139999999999986
"N2415","MONTHLY","bets",18,1.83800706640334,0.277777777777778,0.611111111111111,12.0555696578603,0.129999999999995
"N2415","MONTHLY","ets",18,1.80190573832795,0.277777777777778,0.555555555555556,17.9639031617856,0.139999999999986
"N2416","MONTHLY","bets",18,0.502031341279999,0.888888888888889,1,4.01703814271355,0.110000000000014
"N2416","MONTHLY","ets",18,0.48562924127182,0.888888888888889,1,3.93321822968633,0.120000000000005
"N2417","MONTHLY","bets",18,1.17155216086653,0.777777777777778,0.833333333333333,7.52496628246203,0.129999999999995
"N2417","MONTHLY","ets",18,1.12477381014944,0.777777777777778,0.833333333333333,6.3503219475427,0.0900000000000318
"N2418","MONTHLY","bets",18,0.809671114620516,0.777777777777778,0.944444444444444,4.51757589461625,0.110000000000014
"N2418","MONTHLY","ets",18,0.787290917150453,0.833333333333333,0.944444444444444,4.42554717444277,0.120000000000005
"N2419","MONTHLY","bets",18,1.46362152231277,0.444444444444444,0.944444444444444,4.83739776551081,0.129999999999995
"N2419","MONTHLY","ets",18,1.48526827015365,0.166666666666667,0.722222222222222,7.12379869267863,0.139999999999986
"N2420","MONTHLY","bets",18,2.06128098963183,0.166666666666667,0.666666666666667,11.2089748912187,0.110000000000014
"N2420","MONTHLY","ets",18,1.91802187287003,0.222222222222222,0.555555555555556,14.1059040430928,0.139999999999986
"N2421","MONTHLY","bets",18,1.96409234755238,0.277777777777778,0.722222222222222,10.7931700799853,0.129999999999995
"N2421","MONTHLY","ets",18,1.99950043342058,0.277777777777778,0.666666666666667,13.3949434309934,0.120000000000005
"N2422","MONTHLY","bets",18,1.18022561940897,0.666666666666667,0.944444444444444,6.48353021929482,0.110000000000014
"N2422","MONTHLY","ets",18,1.14273968375509,0.666666666666667,0.888888888888889,6.79972118630678,0.110000000000014
"N2423","MONTHLY","bets",18,0.940493299782079,0.777777777777778,1,3.95933898088798,0.110000000000014
"N2423","MONTHLY","ets",18,0.966383874238096,0.555555555555556,0.944444444444444,3.75482864740312,0.109999999999957
"N2424","MONTHLY","bets",18,1.02472389657646,0.722222222222222,1,3.84239946879976,0.110000000000014
"N2424","MONTHLY","ets",18,0.437762016154491,0.888888888888889,1,3.29948184821813,0.139999999999986
"N2425","MONTHLY","bets",18,0.455455869829335,0.888888888888889,1,3.0617458736755,0.140000000000043
"N2425","MONTHLY","ets",18,0.452286712202822,0.888888888888889,1,2.52578088202404,0.149999999999977
"N2426","MONTHLY","bets",18,1.04600514224354,0.611111111111111,1,3.56282925757041,0.110000000000014
"N2426","MONTHLY","ets",18,1.06865979540909,0.611111111111111,0.944444444444444,3.61287073763385,0.139999999999986
"N2427","MONTHLY","bets",18,2.64515620314691,0.0555555555555556,0.333333333333333,15.8266453858041,0.110000000000014
"N2427","MONTHLY","ets",18,2.75117521587272,0.0555555555555556,0.111111111111111,33.9272172977354,0.139999999999986
"N2428","MONTHLY","bets",18,1.11739070518281,0.444444444444444,0.888888888888889,4.41253414736175,0.110000000000014
"N2428","MONTHLY","ets",18,1.21222694830984,0.444444444444444,0.888888888888889,4.72693238506781,0.160000000000025
"N2429","MONTHLY","bets",18,1.58718473454652,0.5,0.666666666666667,10.2969235913972,0.110000000000014
"N2429","MONTHLY","ets",18,1.60705475426204,0.444444444444444,0.666666666666667,11.0189724830479,0.129999999999995
"N2430","MONTHLY","bets",18,2.48153060719615,0.277777777777778,0.5,17.472046411229,0.0999999999999659
"N2430","MONTHLY","ets",18,2.42530235004044,0.277777777777778,0.555555555555556,16.7504054903027,0.150000000000034
"N2431","MONTHLY","bets",18,1.57509624559818,0.333333333333333,0.777777777777778,7.28924599438863,0.110000000000014
"N2431","MONTHLY","ets",18,1.02953915619879,0.611111111111111,0.944444444444444,4.72466075538106,0.159999999999968
"N2432","MONTHLY","bets",18,1.0588380563334,0.722222222222222,1,4.63815871821188,0.120000000000005
"N2432","MONTHLY","ets",18,0.995603340000143,0.666666666666667,0.944444444444444,3.99481229262467,0.129999999999995
"N2433","MONTHLY","bets",18,1.53166856728026,0.277777777777778,0.888888888888889,5.13673306964621,0.109999999999957
"N2433","MONTHLY","ets",18,1.03813251436689,0.555555555555556,1,3.62909587629408,0.150000000000034
"N2434","MONTHLY","bets",18,0.970218907053876,0.777777777777778,0.944444444444444,4.34858830235515,0.129999999999995
"N2434","MONTHLY","ets",18,1.14833313605447,0.611111111111111,0.944444444444444,5.26099509105992,0.189999999999998
"N2435","MONTHLY","bets",18,1.11970774639472,0.611111111111111,0.888888888888889,4.72953551089358,0.129999999999995
"N2435","MONTHLY","ets",18,1.15029325432885,0.555555555555556,0.888888888888889,5.02564896299834,0.150000000000034
"N2436","MONTHLY","bets",18,0.555162270696784,1,1,3.78265238644687,0.139999999999986
"N2436","MONTHLY","ets",18,0.499772187620287,0.944444444444444,1,3.41420838971711,0.139999999999986
"N2437","MONTHLY","bets",18,0.785897536097249,1,1,7.79983510583097,0.089999999999975
"N2437","MONTHLY","ets",18,1.45440709019426,0.722222222222222,1,7.51389806147994,0.110000000000014
"N2438","MONTHLY","bets",18,0.387026589932832,0.888888888888889,1,5.02967277314653,0.110000000000014
"N2438","MONTHLY","ets",18,0.421197121501224,0.888888888888889,1,4.1848556980582,0.139999999999986
"N2439","MONTHLY","bets",18,1.62825417783237,0.722222222222222,1,6.63405369774427,0.110000000000014
"N2439","MONTHLY","ets",18,1.57586748452216,0.666666666666667,0.888888888888889,5.64516332192731,0.129999999999995
"N2440","MONTHLY","bets",18,0.964268802081427,0.777777777777778,0.944444444444444,3.87717393139431,0.110000000000014
"N2440","MONTHLY","ets",18,0.956457108351033,0.777777777777778,0.888888888888889,3.55414778383002,0.0999999999999659
"N2441","MONTHLY","bets",18,0.680682415444778,1,1,4.78139183619552,0.109999999999957
"N2441","MONTHLY","ets",18,0.710075420616531,1,1,4.04251828636049,0.140000000000043
"N2442","MONTHLY","bets",18,0.405376741720157,1,1,4.44004435014041,0.110000000000014
"N2442","MONTHLY","ets",18,0.396656846445405,1,1,3.98667336862221,0.149999999999977
"N2443","MONTHLY","bets",18,1.36193831723374,0.555555555555556,1,4.91535019093613,0.110000000000014
"N2443","MONTHLY","ets",18,1.36351058920729,0.611111111111111,1,4.98753035411129,0.120000000000005
"N2444","MONTHLY","bets",18,0.855524932161472,0.944444444444444,1,4.54290971478496,0.110000000000014
"N2444","MONTHLY","ets",18,0.812867590596477,0.944444444444444,1,4.60174989453464,0.120000000000005
"N2445","MONTHLY","bets",18,0.537606689868444,1,1,5.01819348196113,0.129999999999995
"N2445","MONTHLY","ets",18,0.446530685561772,1,1,4.03498148392825,0.139999999999986
"N2446","MONTHLY","bets",18,0.713244439673878,0.722222222222222,0.944444444444444,4.6373185632009,0.0999999999999659
"N2446","MONTHLY","ets",18,0.713371405326115,0.722222222222222,0.944444444444444,4.65948959523727,0.150000000000034
"N2447","MONTHLY","bets",18,0.280954732269806,1,1,4.8859057964061,0.110000000000014
"N2447","MONTHLY","ets",18,0.229383379584976,1,1,3.75868112772634,0.129999999999995
"N2448","MONTHLY","bets",18,0.824639724916123,1,1,5.31415529878422,0.110000000000014
"N2448","MONTHLY","ets",18,0.798088639505091,1,1,5.56782992821532,0.129999999999995
"N2449","MONTHLY","bets",18,1.01994656731273,0.833333333333333,1,5.20404283540265,0.110000000000014
"N2449","MONTHLY","ets",18,1.13913249582695,0.555555555555556,0.944444444444444,4.71496212288186,0.129999999999995
"N2450","MONTHLY","bets",18,1.34952850922582,0.555555555555556,0.833333333333333,7.42074968019612,0.120000000000005
"N2450","MONTHLY","ets",18,1.34601865350888,0.444444444444444,0.833333333333333,8.0412809642363,0.129999999999995
"N2451","MONTHLY","bets",18,1.60014869516204,0.333333333333333,0.888888888888889,5.04227298011362,0.120000000000005
"N2451","MONTHLY","ets",18,2.18111027231545,0.111111111111111,0.388888888888889,12.348814002364,0.089999999999975
"N2452","MONTHLY","bets",18,0.9571662031812,0.833333333333333,1,3.89658463633427,0.110000000000014
"N2452","MONTHLY","ets",18,1.0489635634556,0.833333333333333,1,3.87487612280353,0.110000000000014
"N2453","MONTHLY","bets",18,2.4779693545997,0.0555555555555556,0.388888888888889,18.0768892237359,0.129999999999995
"N2453","MONTHLY","ets",18,3.4975998076545,0,0.0555555555555556,58.6411154749166,0.110000000000014
"N2454","MONTHLY","bets",18,1.49071451834645,0.388888888888889,0.833333333333333,6.171302096379,0.139999999999986
"N2454","MONTHLY","ets",18,2.38261039332848,0.111111111111111,0.388888888888889,19.7722886468497,0.120000000000005
"N2455","MONTHLY","bets",18,2.06034963366762,0.277777777777778,0.611111111111111,11.0288740078853,0.110000000000014
"N2455","MONTHLY","ets",18,3.11224229645056,0,0.277777777777778,48.778602968904,0.0900000000000318
"N2456","MONTHLY","bets",18,1.14816167106159,0.722222222222222,1,4.59407854796176,0.120000000000005
"N2456","MONTHLY","ets",18,0.923391213422453,0.944444444444444,1,4.77094261291485,0.129999999999995
"N2457","MONTHLY","bets",18,2.16585930956181,0.555555555555556,0.722222222222222,15.3103816577384,0.120000000000005
"N2457","MONTHLY","ets",18,2.22623806622368,0.388888888888889,0.5,13.8494515237433,0.0799999999999841
"N2458","MONTHLY","bets",18,1.04587042689208,0.777777777777778,1,4.58128912729415,0.129999999999995
"N2458","MONTHLY","ets",18,1.03411037289202,0.722222222222222,1,4.31009169136066,0.139999999999986
"N2459","MONTHLY","bets",18,1.5049336282773,0.722222222222222,0.833333333333333,11.5252552265293,0.150000000000034
"N2459","MONTHLY","ets",18,1.4920622534022,0.444444444444444,0.777777777777778,10.9934791527023,0.159999999999968
"N2460","MONTHLY","bets",18,2.51964075555788,0.111111111111111,0.5,11.2610807778639,0.169999999999959
"N2460","MONTHLY","ets",18,2.88962940493316,0,0.166666666666667,40.4124272022924,0.170000000000016
"N2461","MONTHLY","bets",18,2.92060824023791,0.666666666666667,1,8.76443607240388,0.110000000000014
"N2461","MONTHLY","ets",18,0.443748953323806,1,1,5.11734261377658,0.120000000000005
"N2462","MONTHLY","bets",18,3.53352799717012,0.333333333333333,0.333333333333333,56.6306785806008,0.129999999999995
"N2462","MONTHLY","ets",18,3.13619589154674,0.333333333333333,0.333333333333333,72.6751568593676,0.139999999999986
"N2463","MONTHLY","bets",18,0.791729461668864,0.666666666666667,0.944444444444444,3.55268654573663,0.120000000000005
"N2463","MONTHLY","ets",18,1.16875349029813,0.222222222222222,0.444444444444444,14.6487038502146,0.139999999999986
"N2464","MONTHLY","bets",18,0.949742914373074,0.222222222222222,0.5,6.25376098101063,0.110000000000014
"N2464","MONTHLY","ets",18,0.871998911937402,0.222222222222222,0.611111111111111,7.54045362175162,0.139999999999986
"N2465","MONTHLY","bets",18,0.993158636065298,0.333333333333333,0.666666666666667,6.47401642741204,0.160000000000025
"N2465","MONTHLY","ets",18,2.28098262807313,0.222222222222222,0.333333333333333,24.2338827061975,0.139999999999986
"N2466","MONTHLY","bets",18,0.537376775276318,0.944444444444444,0.944444444444444,6.7849198612351,0.189999999999998
"N2466","MONTHLY","ets",18,0.80340164758708,0.944444444444444,0.944444444444444,6.08062592885484,0.160000000000025
"N2467","MONTHLY","bets",18,0.418482116307775,1,1,3.34760281927951,0.110000000000014
"N2467","MONTHLY","ets",18,0.342398844194831,0.944444444444444,1,2.19116306194682,0.139999999999986
"N2468","MONTHLY","bets",18,0.477410678410149,0.888888888888889,1,2.40313972533954,0.150000000000034
"N2468","MONTHLY","ets",18,0.576965498414103,0.722222222222222,0.833333333333333,5.48086893497639,0.159999999999968
"N2469","MONTHLY","bets",18,0.383497748452297,1,1,3.34562969161492,0.139999999999986
"N2469","MONTHLY","ets",18,0.566317632946875,0.777777777777778,0.888888888888889,3.19097204485933,0.160000000000025
"N2470","MONTHLY","bets",18,0.370975111620286,0.944444444444444,1,3.08959275582794,0.120000000000005
"N2470","MONTHLY","ets",18,0.563430211205971,0.833333333333333,0.944444444444444,4.28029432535871,0.139999999999986
"N2471","MONTHLY","bets",18,0.46106735080189,1,1,4.36240180965422,0.25
"N2471","MONTHLY","ets",18,0.803422725786571,0.777777777777778,0.833333333333333,7.34978157739449,0.170000000000016
"N2472","MONTHLY","bets",18,2.06583823898138,0.5,0.833333333333333,7.9497377181286,0.129999999999995
"N2472","MONTHLY","ets",18,2.08557341984915,0.277777777777778,0.5,29.9736450226293,0.120000000000005
"N2473","MONTHLY","bets",18,0.406253399161596,1,1,2.43136669939758,0.110000000000014
"N2473","MONTHLY","ets",18,0.171285655803305,0.944444444444444,1,2.59123432197484,0.139999999999986
"N2474","MONTHLY","bets",18,0.333645157792725,0.944444444444444,1,2.8199903866241,0.139999999999986
"N2474","MONTHLY","ets",18,0.326421492499942,0.944444444444444,1,2.29073271589318,0.160000000000025
"N2475","MONTHLY","bets",18,1.45577220116489,0.777777777777778,1,5.94761282711934,0.129999999999995
"N2475","MONTHLY","ets",18,1.50115593725779,0.777777777777778,1,5.58952723982522,0.180000000000007
"N2476","MONTHLY","bets",18,2.77122339703684,0.166666666666667,0.277777777777778,24.2957939255575,0.129999999999995
"N2476","MONTHLY","ets",18,3.00093498838535,0.0555555555555556,0.166666666666667,50.8971500356158,0.139999999999986
"N2477","MONTHLY","bets",18,3.41581994937617,0.222222222222222,0.444444444444444,23.9729225745039,0.0999999999999659
"N2477","MONTHLY","ets",18,3.27881153600773,0.222222222222222,0.555555555555556,18.936089833899,0.160000000000025
"N2478","MONTHLY","bets",18,2.97999063575546,0.277777777777778,0.5,25.8000893248705,0.129999999999995
"N2478","MONTHLY","ets",18,2.92932703567492,0.333333333333333,0.5,23.6647708568704,0.149999999999977
"N2479","MONTHLY","bets",18,0.545786025845734,0.944444444444444,1,4.33302025452951,0.129999999999995
"N2479","MONTHLY","ets",18,0.615376569973517,0.888888888888889,0.944444444444444,4.22787626427203,0.0900000000000318
"N2480","MONTHLY","bets",18,0.304873461888591,1,1,4.54967064773589,0.110000000000014
"N2480","MONTHLY","ets",18,0.322000284465876,1,1,3.82960801301689,0.109999999999957
"N2481","MONTHLY","bets",18,2.88443189177722,0.111111111111111,0.277777777777778,38.3240027531965,0.139999999999986
"N2481","MONTHLY","ets",18,2.83785050427316,0.0555555555555556,0.222222222222222,57.2271667456782,0.149999999999977
"N2482","MONTHLY","bets",18,2.39055171658928,0.388888888888889,0.611111111111111,19.7109722254973,0.129999999999995
"N2482","MONTHLY","ets",18,2.40022360463145,0.388888888888889,0.611111111111111,19.5570290166504,0.120000000000005
"N2483","MONTHLY","bets",18,2.44602163601541,0.166666666666667,0.444444444444444,19.3790246738193,0.129999999999995
"N2483","MONTHLY","ets",18,2.20684533744007,0.222222222222222,0.5,16.4460077828777,0.140000000000043
"N2484","MONTHLY","bets",18,0.773732435320999,0.888888888888889,0.944444444444444,5.80373589344737,0.120000000000005
"N2484","MONTHLY","ets",18,0.787130349121551,0.722222222222222,1,3.38988984061693,0.159999999999968
"N2485","MONTHLY","bets",18,0.832099069972069,0.444444444444444,0.555555555555556,11.042681418677,0.129999999999995
"N2485","MONTHLY","ets",18,0.880244224271005,0.444444444444444,0.555555555555556,10.8654233714303,0.160000000000025
"N2486","MONTHLY","bets",18,1.08561602226786,0.666666666666667,1,3.85288554869273,0.139999999999986
"N2486","MONTHLY","ets",18,0.706025995170261,0.611111111111111,1,2.37832540311773,0.160000000000025
"N2487","MONTHLY","bets",18,0.134078855060098,0.888888888888889,0.944444444444444,1.10296279905483,0.139999999999986
"N2487","MONTHLY","ets",18,0.134127017133235,0.777777777777778,0.944444444444444,0.93531071514164,0.170000000000016
"N2488","MONTHLY","bets",18,1.15451804666671,0.222222222222222,0.5,11.6812301071796,0.129999999999995
"N2488","MONTHLY","ets",18,1.2074100019115,0.222222222222222,0.333333333333333,15.472819160529,0.149999999999977
"N2489","MONTHLY","bets",18,4.69613259437976,0,0.111111111111111,122.93306321656,0.129999999999995
"N2489","MONTHLY","ets",18,4.59363475828068,0.0555555555555556,0.111111111111111,129.263508940998,0.150000000000034
"N2490","MONTHLY","bets",18,3.10214324806422,0.166666666666667,0.222222222222222,56.2799190442168,0.170000000000016
"N2490","MONTHLY","ets",18,3.24240927355598,0.166666666666667,0.166666666666667,78.9688516743725,0.159999999999968
"N2491","MONTHLY","bets",18,1.70434821689532,0.444444444444444,0.666666666666667,12.921543768508,0.180000000000007
"N2491","MONTHLY","ets",18,1.69990315554568,0.444444444444444,0.555555555555556,14.2650321733904,0.100000000000023
"N2492","MONTHLY","bets",18,0.941919269932355,0.444444444444444,0.888888888888889,4.76077480304958,0.110000000000014
"N2492","MONTHLY","ets",18,1.13871368826175,0.333333333333333,0.611111111111111,6.26606533944027,0.110000000000014
"N2493","MONTHLY","bets",18,1.14835184911488,0.555555555555556,0.722222222222222,8.80406340256599,0.110000000000014
"N2493","MONTHLY","ets",18,1.14188880368724,0.5,0.611111111111111,8.70509496401928,0.109999999999957
"N2494","MONTHLY","bets",18,1.22632201188571,0.444444444444444,0.944444444444444,4.15299345725527,0.110000000000014
"N2494","MONTHLY","ets",18,1.21362602084905,0.388888888888889,0.888888888888889,3.41136988939576,0.150000000000034
"N2495","MONTHLY","bets",18,0.631399373148197,0.722222222222222,0.833333333333333,4.95247836318221,0.110000000000014
"N2495","MONTHLY","ets",18,0.527667030824768,0.833333333333333,0.944444444444444,3.88196638715284,0.120000000000005
"N2496","MONTHLY","bets",18,0.583057309104002,0.944444444444444,1,4.94171645927895,0.129999999999995
"N2496","MONTHLY","ets",18,0.664035936620257,0.888888888888889,0.944444444444444,3.78013789350691,0.109999999999957
"N2497","MONTHLY","bets",18,0.636852289353821,0.888888888888889,1,5.76167900169504,0.120000000000005
"N2497","MONTHLY","ets",18,0.867761302898828,0.777777777777778,0.888888888888889,6.67439522772641,0.140000000000043
"N2498","MONTHLY","bets",18,0.721233652541863,0.888888888888889,1,4.90623707525427,0.110000000000014
"N2498","MONTHLY","ets",18,1.09755409723914,0.5,0.833333333333333,5.06235851065857,0.149999999999977
"N2499","MONTHLY","bets",18,1.05945474803881,0.833333333333333,1,5.80817578022978,0.140000000000043
"N2499","MONTHLY","ets",18,0.9644909690516,0.833333333333333,1,5.78162373366988,0.129999999999995
"N2500","MONTHLY","bets",18,0.398126938616828,0.666666666666667,0.777777777777778,3.00721869633499,0.139999999999986
"N2500","MONTHLY","ets",18,0.358295389200904,0.833333333333333,0.944444444444444,3.183511199116,0.180000000000007
"N2501","MONTHLY","bets",18,1.54672571890408,0.166666666666667,0.666666666666667,7.49123554128832,0.160000000000025
"N2501","MONTHLY","ets",18,1.45902323259236,0.222222222222222,0.444444444444444,12.0670222107245,0.139999999999986
"N2502","MONTHLY","bets",18,0.945370640262481,0.666666666666667,1,3.39013849563789,0.140000000000043
"N2502","MONTHLY","ets",18,1.04262540835118,0.611111111111111,1,3.33203171442274,0.139999999999986
"N2503","MONTHLY","bets",18,0.430953399536173,1,1,3.48051384501315,0.139999999999986
"N2503","MONTHLY","ets",18,0.398865395762642,0.888888888888889,0.944444444444444,2.77029971457223,0.139999999999986
"N2504","MONTHLY","bets",18,1.11934861210229,0.666666666666667,1,4.36911526545493,0.0999999999999659
"N2504","MONTHLY","ets",18,0.819000946206396,0.888888888888889,0.944444444444444,4.8589492059963,0.110000000000014
"N2505","MONTHLY","bets",18,0.786103381839682,1,1,5.00145392355221,0.110000000000014
"N2505","MONTHLY","ets",18,0.580457409439042,1,1,2.94147632389194,0.110000000000014
"N2506","MONTHLY","bets",18,0.893912647798105,0.833333333333333,0.888888888888889,7.04458426289379,0.089999999999975
"N2506","MONTHLY","ets",18,0.895968452975722,0.888888888888889,0.888888888888889,7.41020166406859,0.110000000000014
"N2507","MONTHLY","bets",18,0.729296272704457,0.666666666666667,1,2.74564705130219,0.129999999999995
"N2507","MONTHLY","ets",18,0.814721266051702,0.5,0.666666666666667,7.80103216822008,0.120000000000005
"N2508","MONTHLY","bets",18,0.643585043369071,0.777777777777778,0.944444444444444,3.7876173815756,0.0900000000000318
"N2508","MONTHLY","ets",18,0.598617080398521,0.777777777777778,0.944444444444444,3.53195549492197,0.139999999999986
"N2509","MONTHLY","bets",18,0.599499589198986,0.888888888888889,0.888888888888889,5.78508640048191,0.110000000000014
"N2509","MONTHLY","ets",18,0.670554834849366,0.833333333333333,0.833333333333333,6.95647397249731,0.129999999999995
"N2510","MONTHLY","bets",18,0.929994192903617,0.833333333333333,0.944444444444444,4.01849017051437,0.110000000000014
"N2510","MONTHLY","ets",18,0.860858712937448,0.888888888888889,1,4.18904944633569,0.120000000000005
"N2511","MONTHLY","bets",18,0.366460423461403,0.888888888888889,1,4.66190405076462,0.109999999999957
"N2511","MONTHLY","ets",18,0.637389234129538,0.833333333333333,0.944444444444444,3.26113959312842,0.140000000000043
"N2512","MONTHLY","bets",18,0.633821073646265,0.666666666666667,1,2.90028057027518,0.129999999999995
"N2512","MONTHLY","ets",18,0.562949713464372,0.5,0.777777777777778,4.46775475329323,0.149999999999977
"N2513","MONTHLY","bets",18,0.78768933994093,1,1,5.34515871605559,0.129999999999995
"N2513","MONTHLY","ets",18,0.397548121908966,1,1,5.41945953715806,0.139999999999986
"N2514","MONTHLY","bets",18,1.35270745560489,0.944444444444444,1,4.88676792474349,0.109999999999957
"N2514","MONTHLY","ets",18,1.92807958502514,0.166666666666667,0.277777777777778,18.0478394292865,0.160000000000025
"N2515","MONTHLY","bets",18,0.805633272845359,0.944444444444444,1,4.07006220517852,0.120000000000005
"N2515","MONTHLY","ets",18,0.779202477196459,0.944444444444444,1,3.7659300755423,0.0799999999999841
"N2516","MONTHLY","bets",18,1.48834199890468,0.388888888888889,0.777777777777778,4.3670014328871,0.110000000000014
"N2516","MONTHLY","ets",18,1.34665445201148,0.388888888888889,0.833333333333333,4.57054922936686,0.139999999999986
"N2517","MONTHLY","bets",18,0.158525920959388,0.944444444444444,1,1.54966536073916,0.21999999999997
"N2517","MONTHLY","ets",18,0.244062591035827,0.833333333333333,1,1.19963848087219,0.139999999999986
"N2518","MONTHLY","bets",18,2.44618293555236,0.388888888888889,0.388888888888889,44.3259677635381,0.089999999999975
"N2518","MONTHLY","ets",18,2.48272194884859,0.388888888888889,0.388888888888889,51.4216532677173,0.100000000000023
"N2519","MONTHLY","bets",18,0.8582735803961,0.611111111111111,0.722222222222222,6.15944498207044,0.110000000000014
"N2519","MONTHLY","ets",18,0.667707531334097,0.555555555555556,0.722222222222222,7.11015648439011,0.139999999999986
"N2520","MONTHLY","bets",18,1.0597086918585,0.222222222222222,0.611111111111111,6.35650289753378,0.110000000000014
"N2520","MONTHLY","ets",18,1.3075570788726,0.111111111111111,0.222222222222222,22.5929303228293,0.139999999999986
"N2521","MONTHLY","bets",18,0.968385607148604,0.666666666666667,0.944444444444444,4.76912881458638,0.120000000000005
"N2521","MONTHLY","ets",18,0.974412904580088,0.666666666666667,0.944444444444444,4.92977225428792,0.139999999999986
"N2522","MONTHLY","bets",18,0.498556156695224,1,1,4.16036354532814,0.109999999999957
"N2522","MONTHLY","ets",18,0.553086724995284,1,1,4.0550411559093,0.140000000000043
"N2523","MONTHLY","bets",18,0.251707912396908,1,1,2.78839354894559,0.120000000000005
"N2523","MONTHLY","ets",18,0.235401658053623,1,1,2.47170146127036,0.189999999999998
"N2524","MONTHLY","bets",18,0.545802325791127,0.888888888888889,1,2.63617880631001,0.139999999999986
"N2524","MONTHLY","ets",18,0.610782138877991,0.722222222222222,1,2.34034841013433,0.159999999999968
"N2525","MONTHLY","bets",18,1.58198548222806,0.111111111111111,0.277777777777778,17.2317956816775,0.129999999999995
"N2525","MONTHLY","ets",18,1.6635422231227,0.0555555555555556,0.222222222222222,22.7056777491031,0.120000000000005
"N2526","MONTHLY","bets",18,0.873593714788185,0.611111111111111,0.888888888888889,3.74267514845314,0.129999999999995
"N2526","MONTHLY","ets",18,0.971791760673982,0.555555555555556,0.833333333333333,3.63660164817714,0.149999999999977
"N2527","MONTHLY","bets",18,0.715704356662193,1,1,3.706796327753,0.129999999999995
"N2527","MONTHLY","ets",18,0.770996948745204,0.666666666666667,1,2.7034060393531,0.160000000000025
"N2528","MONTHLY","bets",18,1.00993400082845,0.277777777777778,0.555555555555556,7.72298222370765,0.0999999999999659
"N2528","MONTHLY","ets",18,1.08927621835251,0.277777777777778,0.333333333333333,15.2046100261661,0.160000000000025
"N2529","MONTHLY","bets",18,1.2463627168998,0.388888888888889,0.833333333333333,4.55359825240558,0.129999999999995
"N2529","MONTHLY","ets",18,1.33335717490671,0.111111111111111,0.388888888888889,13.2326760371106,0.139999999999986
"N2530","MONTHLY","bets",18,1.46018199843727,0.111111111111111,0.833333333333333,5.5281762169438,0.110000000000014
"N2530","MONTHLY","ets",18,1.2467376751446,0.222222222222222,0.388888888888889,11.4769225479119,0.110000000000014
"N2531","MONTHLY","bets",18,1.03778874460285,0.277777777777778,0.555555555555556,7.95726036637709,0.110000000000014
"N2531","MONTHLY","ets",18,1.0876971721762,0.277777777777778,0.333333333333333,15.0178505236031,0.139999999999986
"N2532","MONTHLY","bets",18,1.0612039324091,0.777777777777778,0.888888888888889,7.55207433006431,0.110000000000014
"N2532","MONTHLY","ets",18,1.03153117897501,0.833333333333333,0.944444444444444,7.01605760162211,0.139999999999986
"N2533","MONTHLY","bets",18,0.824515948098508,0.944444444444444,1,4.51360227748734,0.120000000000005
"N2533","MONTHLY","ets",18,0.824652611242555,0.833333333333333,1,4.31326414056148,0.0799999999999841
"N2534","MONTHLY","bets",18,1.41719390841145,0.333333333333333,1,4.39473302616193,0.110000000000014
"N2534","MONTHLY","ets",18,1.37415646754088,0.111111111111111,1,3.30731463609186,0.149999999999977
"N2535","MONTHLY","bets",18,1.47637350919936,0.222222222222222,1,4.49098404358915,0.110000000000014
"N2535","MONTHLY","ets",18,1.36072656099314,0.222222222222222,1,3.4250856247457,0.139999999999986
"N2536","MONTHLY","bets",18,0.999174968310358,1,1,10.9656791716048,0.109999999999957
"N2536","MONTHLY","ets",18,0.685181054033762,1,1,8.35913411568123,0.140000000000043
"N2537","MONTHLY","bets",18,2.11561716605273,0.222222222222222,0.777777777777778,7.31956775442043,0.139999999999986
"N2537","MONTHLY","ets",18,1.66660492448952,0.333333333333333,0.833333333333333,6.27246828896454,0.160000000000025
"N2538","MONTHLY","bets",18,2.61803592106481,0.166666666666667,0.5,16.0946334157366,0.129999999999995
"N2538","MONTHLY","ets",18,2.47168125872955,0.111111111111111,0.222222222222222,32.7396398631233,0.169999999999959
"N2539","MONTHLY","bets",18,0.873477342514437,0.888888888888889,1,4.64110022956192,0.170000000000016
"N2539","MONTHLY","ets",18,0.68752618156916,0.888888888888889,0.944444444444444,4.68123113001982,0.0900000000000318
"N2540","MONTHLY","bets",18,0.859268089547103,0.833333333333333,0.944444444444444,4.04655147617692,0.110000000000014
"N2540","MONTHLY","ets",18,0.861479366182384,0.722222222222222,0.888888888888889,4.51198824756803,0.109999999999957
"N2541","MONTHLY","bets",18,0.704829625642121,0.944444444444444,1,4.34754402980648,0.120000000000005
"N2541","MONTHLY","ets",18,0.739896065344878,0.944444444444444,1,4.18507022880488,0.160000000000025
"N2542","MONTHLY","bets",18,0.736257763567414,0.611111111111111,0.777777777777778,5.1509833633087,0.120000000000005
"N2542","MONTHLY","ets",18,0.721061505724461,0.277777777777778,0.611111111111111,6.04032022708272,0.139999999999986
"N2543","MONTHLY","bets",18,0.206327559501985,1,1,2.95762041327313,0.110000000000014
"N2543","MONTHLY","ets",18,0.210640959981151,1,1,2.54953615221055,0.159999999999968
"N2544","MONTHLY","bets",18,0.200606221681229,1,1,2.69840061932353,0.0999999999999659
"N2544","MONTHLY","ets",18,0.216580504113615,1,1,2.44183922723824,0.110000000000014
"N2545","MONTHLY","bets",18,0.766067317175939,0.777777777777778,0.944444444444444,3.73432367169237,0.110000000000014
"N2545","MONTHLY","ets",18,0.615062044315781,0.722222222222222,0.944444444444444,3.29334689868963,0.160000000000025
"N2546","MONTHLY","bets",18,0.558087052562568,0.888888888888889,1,4.33239787510501,0.159999999999968
"N2546","MONTHLY","ets",18,0.711694889583272,0.888888888888889,1,3.58466501091969,0.140000000000043
"N2547","MONTHLY","bets",18,0.987331310993336,0.722222222222222,1,4.0178245442022,0.129999999999995
"N2547","MONTHLY","ets",18,0.990462459326837,0.666666666666667,1,3.79648497301089,0.120000000000005
"N2548","MONTHLY","bets",18,0.637511336428875,0.833333333333333,0.944444444444444,5.06951881487672,0.120000000000005
"N2548","MONTHLY","ets",18,0.7375106934509,0.833333333333333,0.888888888888889,5.42872978097352,0.129999999999995
"N2549","MONTHLY","bets",18,1.34740327838265,0.5,0.722222222222222,12.0739150006379,0.129999999999995
"N2549","MONTHLY","ets",18,1.02327361401431,0.5,0.5,17.1773308499794,0.160000000000025
"N2550","MONTHLY","bets",18,0.325709613775578,0.944444444444444,0.944444444444444,10.1477181263038,0.120000000000005
"N2550","MONTHLY","ets",18,0.41652469555607,0.944444444444444,0.944444444444444,9.14533840771045,0.139999999999986
"N2551","MONTHLY","bets",18,0.388070624685815,0.944444444444444,1,3.5953847646369,0.129999999999995
"N2551","MONTHLY","ets",18,0.500096064284541,0.833333333333333,1,2.6210387543419,0.120000000000005
"N2552","MONTHLY","bets",18,0.164765086625971,1,1,4.29436887373818,0.120000000000005
"N2552","MONTHLY","ets",18,0.142781784298476,1,1,4.5437575388976,0.129999999999995
"N2553","MONTHLY","bets",18,0.192594541481751,1,1,5.57735930637684,0.120000000000005
"N2553","MONTHLY","ets",18,0.215163825193352,1,1,3.49660532501051,0.110000000000014
"N2554","MONTHLY","bets",18,0.748388438522611,0.166666666666667,0.833333333333333,2.19374832271821,0.129999999999995
"N2554","MONTHLY","ets",18,0.694086391738028,0.222222222222222,0.666666666666667,4.64950067260041,0.150000000000034
"N2555","MONTHLY","bets",18,0.774737414947306,0.444444444444444,0.777777777777778,3.96590662059801,0.139999999999986
"N2555","MONTHLY","ets",18,0.750929354501542,0.5,0.722222222222222,5.33466692943508,0.159999999999968
"N2556","MONTHLY","bets",18,0.366995670070113,1,1,4.71410915815581,0.120000000000005
"N2556","MONTHLY","ets",18,0.353037833572942,1,1,2.57555035833743,0.150000000000034
"N2557","MONTHLY","bets",18,1.95535967867168,0.0555555555555556,0.0555555555555556,36.8736484960112,0.129999999999995
"N2557","MONTHLY","ets",18,1.97381559855505,0.0555555555555556,0.111111111111111,47.6636154098861,0.139999999999986
"N2558","MONTHLY","bets",18,1.79603039117129,0.0555555555555556,0.833333333333333,6.44856753319027,0.120000000000005
"N2558","MONTHLY","ets",18,1.6327110013923,0.0555555555555556,0.611111111111111,11.1864506512867,0.129999999999995
"N2559","MONTHLY","bets",18,0.236970278238199,0.888888888888889,1,2.43913749631993,0.129999999999995
"N2559","MONTHLY","ets",18,0.240495079990757,0.777777777777778,1,2.08149246560823,0.110000000000014
"N2560","MONTHLY","bets",18,0.383073313285592,0.944444444444444,1,5.88945332702767,0.110000000000014
"N2560","MONTHLY","ets",18,0.395713425594044,1,1,3.93744208008459,0.110000000000014
"N2561","MONTHLY","bets",18,0.274042149247666,1,1,2.97076976965664,0.110000000000014
"N2561","MONTHLY","ets",18,0.315716934297756,1,1,2.69265034278211,0.139999999999986
"N2562","MONTHLY","bets",18,0.45762683608446,0.555555555555556,1,1.46366729132431,0.139999999999986
"N2562","MONTHLY","ets",18,0.171673003354914,0.833333333333333,0.888888888888889,1.13081665016486,0.140000000000043
"N2563","MONTHLY","bets",18,0.411451594307966,1,1,4.37629156425685,0.0999999999999659
"N2563","MONTHLY","ets",18,0.368469198019162,1,1,3.41419726696935,0.140000000000043
"N2564","MONTHLY","bets",18,0.63128114062524,0.388888888888889,1,1.74480341604382,0.110000000000014
"N2564","MONTHLY","ets",18,0.638752292446664,0.222222222222222,0.833333333333333,1.98016580889242,0.139999999999986
"N2565","MONTHLY","bets",18,0.58050119722582,0.722222222222222,1,1.81997673562699,0.110000000000014
"N2565","MONTHLY","ets",18,0.620794468701365,0.388888888888889,1,1.56509130886262,0.120000000000005
"N2566","MONTHLY","bets",18,0.376640062115817,0.666666666666667,1,1.17875062258943,0.129999999999995
"N2566","MONTHLY","ets",18,0.327286922265471,0.666666666666667,1,1.03491974830343,0.139999999999986
"N2567","MONTHLY","bets",18,0.334834354628574,1,1,3.9654231890751,0.110000000000014
"N2567","MONTHLY","ets",18,0.254899004640788,1,1,3.36625223673719,0.160000000000025
"N2568","MONTHLY","bets",18,1.25194092085576,0.555555555555556,0.944444444444444,4.92922411855118,0.129999999999995
"N2568","MONTHLY","ets",18,1.263618273986,0.611111111111111,0.944444444444444,5.64667938087702,0.120000000000005
"N2569","MONTHLY","bets",18,1.09826348750381,0.833333333333333,0.888888888888889,13.4289611692515,0.269999999999982
"N2569","MONTHLY","ets",18,1.09156274924779,0.722222222222222,0.888888888888889,13.4849611270905,0.120000000000005
"N2570","MONTHLY","bets",18,0.0874220156019058,0.944444444444444,1,0.826279057244751,0.139999999999986
"N2570","MONTHLY","ets",18,0.0677518266862663,0.944444444444444,1,0.687788296091525,0.160000000000025
"N2571","MONTHLY","bets",18,0.108234991290084,0.944444444444444,1,1.09462434391747,0.120000000000005
"N2571","MONTHLY","ets",18,0.078786955658546,0.944444444444444,1,0.877169313446557,0.159999999999968
"N2572","MONTHLY","bets",18,1.26036995960422,0.555555555555556,0.944444444444444,5.6212085303842,0.120000000000005
"N2572","MONTHLY","ets",18,1.20091108949943,0.666666666666667,0.944444444444444,5.21488300606253,0.160000000000025
"N2573","MONTHLY","bets",18,1.76179335610871,0.555555555555556,0.777777777777778,15.2117986940268,0.109999999999957
"N2573","MONTHLY","ets",18,2.07103250461344,0.444444444444444,0.666666666666667,25.2413671272021,0.160000000000025
"N2574","MONTHLY","bets",18,0.869786443028886,0.888888888888889,0.944444444444444,7.27403424068335,0.120000000000005
"N2574","MONTHLY","ets",18,0.940175382256706,0.888888888888889,0.944444444444444,7.71140661078698,0.159999999999968
"N2575","MONTHLY","bets",18,1.10809768417511,0.722222222222222,0.888888888888889,5.571932511943,0.120000000000005
"N2575","MONTHLY","ets",18,1.14054370021734,0.666666666666667,0.944444444444444,6.13453552722747,0.160000000000025
"N2576","MONTHLY","bets",18,1.11670150210972,0.888888888888889,0.888888888888889,22.0526886738933,0.110000000000014
"N2576","MONTHLY","ets",18,1.24064375874398,0.833333333333333,0.888888888888889,22.2560460841615,0.109999999999957
"N2577","MONTHLY","bets",18,0.60933192579617,1,1,4.28912377543803,0.159999999999968
"N2577","MONTHLY","ets",18,0.469781308920666,1,1,5.62763463230014,0.139999999999986
"N2578","MONTHLY","bets",18,0.806981263431817,0.833333333333333,0.944444444444444,5.29836614249038,0.120000000000005
"N2578","MONTHLY","ets",18,0.841412903099702,0.833333333333333,0.888888888888889,5.19343024584965,0.129999999999995
"N2579","MONTHLY","bets",18,1.20409703201206,0.611111111111111,0.888888888888889,4.8603690976452,0.120000000000005
"N2579","MONTHLY","ets",18,1.23826967971185,0.611111111111111,0.944444444444444,4.88986437714966,0.139999999999986
"N2580","MONTHLY","bets",18,0.4926985355995,1,1,3.8991295965963,0.129999999999995
"N2580","MONTHLY","ets",18,0.488723137515756,1,1,3.78800453716344,0.110000000000014
"N2581","MONTHLY","bets",18,0.585937933984843,0.722222222222222,0.833333333333333,3.21609676048273,0.120000000000005
"N2581","MONTHLY","ets",18,0.570522186794922,0.722222222222222,0.777777777777778,2.97381211654801,0.159999999999968
"N2582","MONTHLY","bets",18,0.0851427954294532,1,1,1.91351361618348,0.120000000000005
"N2582","MONTHLY","ets",18,0.0920587544274124,1,1,1.18728505096832,0.160000000000025
"N2583","MONTHLY","bets",18,1.7344831435199,0.555555555555556,0.888888888888889,5.797561927999,0.120000000000005
"N2583","MONTHLY","ets",18,1.08377228168243,0.833333333333333,0.888888888888889,5.18542795296587,0.159999999999968
"N2584","MONTHLY","bets",18,1.016541106565,1,1,6.93110076229488,0.0900000000000318
"N2584","MONTHLY","ets",18,0.422287335610755,1,1,2.89251780449276,0.139999999999986
"N2585","MONTHLY","bets",18,0.226711784813969,1,1,4.73211422329269,0.110000000000014
"N2585","MONTHLY","ets",18,0.519701484643433,1,1,8.1085538665358,0.170000000000016
"N2586","MONTHLY","bets",18,0.0730768064851252,1,1,4.35047697124381,0.129999999999995
"N2586","MONTHLY","ets",18,0.662531782496371,1,1,6.35614594089355,0.149999999999977
"N2587","MONTHLY","bets",18,0.131479869544633,1,1,3.15307430602326,0.110000000000014
"N2587","MONTHLY","ets",18,0.12523911313053,1,1,2.6267887651152,0.150000000000034
"N2588","MONTHLY","bets",18,0.260766987015413,0.888888888888889,1,2.75401099761474,0.129999999999995
"N2588","MONTHLY","ets",18,0.42638199857131,0.777777777777778,1,2.1526951066987,0.139999999999986
"N2589","MONTHLY","bets",18,0.0657693954779818,1,1,2.32679145399431,0.120000000000005
"N2589","MONTHLY","ets",18,0.0802703703329419,1,1,2.03785188272615,0.159999999999968
"N2590","MONTHLY","bets",18,0.174266797991962,0.833333333333333,1,1.52846077424839,0.149999999999977
"N2590","MONTHLY","ets",18,0.156789012482162,0.777777777777778,1,0.999795576086421,0.170000000000016
"N2591","MONTHLY","bets",18,0.103067153796321,0.944444444444444,1,1.19261191014025,0.139999999999986
"N2591","MONTHLY","ets",18,0.100818039844314,0.944444444444444,1,1.00984812790808,0.160000000000025
"N2592","MONTHLY","bets",18,0.0388375034958486,1,1,1.83653518016246,0.129999999999995
"N2592","MONTHLY","ets",18,0.0314151746623647,1,1,1.41365946846228,0.279999999999973
"N2593","MONTHLY","bets",18,1.1561023918119,0.888888888888889,1,5.08767945903556,0.100000000000023
"N2593","MONTHLY","ets",18,0.557225593037105,0.944444444444444,1,4.34911435428227,0.149999999999977
"N2594","MONTHLY","bets",18,0.0444178941411275,1,1,4.52008439731968,0.109999999999957
"N2594","MONTHLY","ets",18,0.167580797806622,1,1,2.70592796277792,0.150000000000034
"N2595","MONTHLY","bets",18,0.0847382208694443,1,1,3.06969269490159,0.129999999999995
"N2595","MONTHLY","ets",18,0.362944419164814,1,1,2.72391324116018,0.139999999999986
"N2596","MONTHLY","bets",18,1.67217746639071,0.555555555555556,0.944444444444444,7.15570553533164,0.120000000000005
"N2596","MONTHLY","ets",18,1.69542040936771,0.5,0.888888888888889,7.36372281163263,0.110000000000014
"N2597","MONTHLY","bets",18,1.31577937672939,0.722222222222222,0.888888888888889,8.65164641299496,0.110000000000014
"N2597","MONTHLY","ets",18,1.31552663826874,0.722222222222222,0.888888888888889,8.48961302141613,0.0799999999999841
"N2598","MONTHLY","bets",18,2.25323074588959,0.277777777777778,0.5,17.5417103821242,0.110000000000014
"N2598","MONTHLY","ets",18,2.08460306554275,0.277777777777778,0.555555555555556,13.5057280178945,0.0799999999999841
"N2599","MONTHLY","bets",18,1.94128065509457,0.333333333333333,0.722222222222222,12.2948835899051,0.0999999999999659
"N2599","MONTHLY","ets",18,1.92240239569233,0.277777777777778,0.722222222222222,12.0895941103049,0.150000000000034
"N2600","MONTHLY","bets",18,1.74717202315512,0.444444444444444,0.888888888888889,8.00760243532935,0.120000000000005
"N2600","MONTHLY","ets",18,1.71977276275427,0.5,0.888888888888889,7.32573685466561,0.129999999999995
"N2601","MONTHLY","bets",18,1.5547614116254,0.444444444444444,0.722222222222222,8.61545918230984,0.120000000000005
"N2601","MONTHLY","ets",18,1.55777956218136,0.388888888888889,0.666666666666667,9.14988647341761,0.129999999999995
"N2602","MONTHLY","bets",18,1.56817430527234,0.555555555555556,1,5.43937464962882,0.139999999999986
"N2602","MONTHLY","ets",18,1.44418450250321,0.611111111111111,1,5.0305656068641,0.089999999999975
"N2603","MONTHLY","bets",18,1.86864050673737,0.611111111111111,0.777777777777778,15.5045561989108,0.140000000000043
"N2603","MONTHLY","ets",18,2.93328832295535,0.333333333333333,0.388888888888889,40.4647021183107,0.109999999999957
"N2604","MONTHLY","bets",18,0.880456033875011,0.888888888888889,1,6.01530099272591,0.0999999999999659
"N2604","MONTHLY","ets",18,0.92471129516523,0.833333333333333,1,5.52810417112843,0.110000000000014
"N2605","MONTHLY","bets",18,1.70741889866447,0.777777777777778,0.833333333333333,26.7957422821524,0.120000000000005
"N2605","MONTHLY","ets",18,1.6692074478752,0.777777777777778,0.833333333333333,25.7207889519455,0.110000000000014
"N2606","MONTHLY","bets",18,0.686901512753855,1,1,4.70046160209178,0.110000000000014
"N2606","MONTHLY","ets",18,0.707913716080821,0.777777777777778,1,2.86685454676266,0.139999999999986
"N2607","MONTHLY","bets",18,0.882166383077823,1,1,5.08938000525394,0.0800000000000409
"N2607","MONTHLY","ets",18,0.892051396751063,1,1,4.90057390848772,0.089999999999975
"N2608","MONTHLY","bets",18,0.551851345815147,0.944444444444444,1,4.17261903864023,0.110000000000014
"N2608","MONTHLY","ets",18,0.602851442084711,0.888888888888889,1,3.4852436983418,0.110000000000014
"N2609","MONTHLY","bets",18,0.901822823848512,0.944444444444444,1,4.35611524508448,0.110000000000014
"N2609","MONTHLY","ets",18,0.932302865720433,0.944444444444444,1,4.38027216518466,0.139999999999986
"N2610","MONTHLY","bets",18,0.899478193616022,1,1,6.95172991433127,0.110000000000014
"N2610","MONTHLY","ets",18,0.844841137458697,1,1,6.80327394096014,0.110000000000014
"N2611","MONTHLY","bets",18,1.29928248006054,1,1,5.6156659572703,0.110000000000014
"N2611","MONTHLY","ets",18,1.09903479554536,0.333333333333333,0.944444444444444,3.07113686703105,0.139999999999986
"N2612","MONTHLY","bets",18,0.726734693089021,1,1,5.20316671196737,0.129999999999995
"N2612","MONTHLY","ets",18,0.272045841242245,1,1,3.0432101636555,0.120000000000005
"N2613","MONTHLY","bets",18,0.608725963138484,0.888888888888889,1,3.8153775522874,0.129999999999995
"N2613","MONTHLY","ets",18,0.664935356475989,0.722222222222222,1,3.09906151508384,0.150000000000034
"N2614","MONTHLY","bets",18,2.1157684034244,0.111111111111111,1,6.00286688126353,0.139999999999986
"N2614","MONTHLY","ets",18,1.81189123469987,0.111111111111111,0.444444444444444,9.7248555132543,0.110000000000014
"N2615","MONTHLY","bets",18,0.639100846067251,1,1,5.4094539381865,0.129999999999995
"N2615","MONTHLY","ets",18,0.159871339017447,1,1,3.01364166029764,0.120000000000005
"N2616","MONTHLY","bets",18,0.486553835716496,1,1,5.93048657331308,0.110000000000014
"N2616","MONTHLY","ets",18,0.148772169355073,1,1,3.12758498052926,0.109999999999957
"N2617","MONTHLY","bets",18,0.69997472154866,1,1,4.55731194429455,0.110000000000014
"N2617","MONTHLY","ets",18,0.689582612023431,1,1,4.57115808120664,0.110000000000014
"N2618","MONTHLY","bets",18,0.412823507271151,1,1,5.10806757954467,0.110000000000014
"N2618","MONTHLY","ets",18,0.624661965060684,0.777777777777778,1,2.87308705566934,0.089999999999975
"N2619","MONTHLY","bets",18,1.42431610969252,0.333333333333333,0.833333333333333,5.64972009638608,0.109999999999957
"N2619","MONTHLY","ets",18,0.981953187159453,0.5,0.944444444444444,3.83332212620293,0.110000000000014
"N2620","MONTHLY","bets",18,1.8948773760385,0.111111111111111,0.777777777777778,5.63061399200353,0.120000000000005
"N2620","MONTHLY","ets",18,1.68116906620311,0.111111111111111,0.555555555555556,8.48406243257943,0.129999999999995
"N2621","MONTHLY","bets",18,2.30501045386784,0.111111111111111,0.166666666666667,21.0433978399225,0.110000000000014
"N2621","MONTHLY","ets",18,2.25481855942207,0.111111111111111,0.166666666666667,29.597974368463,0.139999999999986
"N2622","MONTHLY","bets",18,1.4443889655823,0.666666666666667,1,6.30664529969812,0.120000000000005
"N2622","MONTHLY","ets",18,1.52589153456043,0.166666666666667,0.611111111111111,8.2169755599051,0.110000000000014
"N2623","MONTHLY","bets",18,1.35928203296443,0.611111111111111,1,4.88392266293426,0.110000000000014
"N2623","MONTHLY","ets",18,1.3570949577632,0.222222222222222,0.777777777777778,4.66145673976972,0.109999999999957
"N2624","MONTHLY","bets",18,1.38220622033412,0.777777777777778,1,6.24869807183737,0.109999999999957
"N2624","MONTHLY","ets",18,1.27416473251111,0.388888888888889,0.833333333333333,5.16393862778328,0.120000000000005
"N2625","MONTHLY","bets",18,1.61800387850524,0.277777777777778,0.555555555555556,7.55960828097157,0.109999999999957
"N2625","MONTHLY","ets",18,1.65007339749728,0.277777777777778,0.444444444444444,8.93548918433181,0.120000000000005
"N2626","MONTHLY","bets",18,0.659714478168164,1,1,5.83456316435519,0.110000000000014
"N2626","MONTHLY","ets",18,0.194193969886329,1,1,2.99393798179278,0.129999999999995
"N2627","MONTHLY","bets",18,0.52775282918234,1,1,6.36359161888018,0.110000000000014
"N2627","MONTHLY","ets",18,0.175053471533103,1,1,3.1707856165744,0.110000000000014
"N2628","MONTHLY","bets",18,2.1931646874872,0.166666666666667,0.555555555555556,13.5645470361947,0.120000000000005
"N2628","MONTHLY","ets",18,2.07226832033408,0.166666666666667,0.333333333333333,18.4623553884416,0.109999999999957
"N2629","MONTHLY","bets",18,1.20983073032193,1,1,5.88779829171015,0.0999999999999659
"N2629","MONTHLY","ets",18,1.36655220416496,0.166666666666667,0.666666666666667,5.43214652236128,0.150000000000034
"N2630","MONTHLY","bets",18,2.1262077347884,0.833333333333333,1,8.71391161884411,0.110000000000014
"N2630","MONTHLY","ets",18,2.11514976235543,0.777777777777778,1,7.83385220136777,0.129999999999995
"N2631","MONTHLY","bets",18,1.93900069255837,0.833333333333333,1,10.0383735705036,0.110000000000014
"N2631","MONTHLY","ets",18,2.04202269368118,0.833333333333333,1,8.56802880554089,0.109999999999957
"N2632","MONTHLY","bets",18,2.47526835648491,0.111111111111111,0.222222222222222,19.8823277801669,0.0999999999999659
"N2632","MONTHLY","ets",18,2.0650103132215,0.166666666666667,0.277777777777778,14.8475800709442,0.150000000000034
"N2633","MONTHLY","bets",18,1.77874171434234,0.888888888888889,1,7.26135872995625,0.110000000000014
"N2633","MONTHLY","ets",18,1.82134166226803,0.888888888888889,1,7.30156518814011,0.129999999999995
"N2634","MONTHLY","bets",18,1.9038710495049,0.833333333333333,1,8.77383687859292,0.0999999999999659
"N2634","MONTHLY","ets",18,1.89740958409886,0.111111111111111,0.333333333333333,14.5608727844928,0.129999999999995
"N2635","MONTHLY","bets",18,1.67318130779964,0.277777777777778,0.944444444444444,4.7798435483906,0.110000000000014
"N2635","MONTHLY","ets",18,1.70188403009398,0.222222222222222,0.944444444444444,4.78499305896883,0.110000000000014
"N2636","MONTHLY","bets",18,2.64001601535394,0.166666666666667,0.277777777777778,29.0294866134387,0.120000000000005
"N2636","MONTHLY","ets",18,2.65863372487401,0.166666666666667,0.277777777777778,26.912137810804,0.139999999999986
"N2637","MONTHLY","bets",18,4.60956773898991,0.0555555555555556,0.111111111111111,80.6879865896492,0.129999999999995
"N2637","MONTHLY","ets",18,4.70400362496166,0,0,84.0509182969871,0.120000000000005
"N2638","MONTHLY","bets",18,3.91577582581693,0.0555555555555556,0.111111111111111,59.7062505122629,0.160000000000025
"N2638","MONTHLY","ets",18,4.09405639506058,0,0.0555555555555556,62.5988738930687,0.159999999999968
"N2639","MONTHLY","bets",18,1.38532203092402,0.777777777777778,1,6.46722404920136,0.110000000000014
"N2639","MONTHLY","ets",18,1.4718826181531,0.611111111111111,0.833333333333333,5.54854519026923,0.139999999999986
"N2640","MONTHLY","bets",18,0.962992125972655,1,1,6.89157047387987,0.110000000000014
"N2640","MONTHLY","ets",18,1.0321323659371,0.944444444444444,1,4.22145744040396,0.110000000000014
"N2641","MONTHLY","bets",18,0.736744709011348,1,1,4.27982529113573,0.0900000000000318
"N2641","MONTHLY","ets",18,0.778926777839772,1,1,3.90912420118251,0.089999999999975
"N2642","MONTHLY","bets",18,0.490995619090563,0.833333333333333,1,2.10290858850928,0.0900000000000318
"N2642","MONTHLY","ets",18,0.452550064126478,0.555555555555556,0.944444444444444,1.54472207505047,0.129999999999995
"N2643","MONTHLY","bets",18,0.2905831890528,1,1,4.86253227198089,0.100000000000023
"N2643","MONTHLY","ets",18,0.343724912765891,1,1,3.50854971572938,0.109999999999957
"N2644","MONTHLY","bets",18,1.60423365480725,0.666666666666667,0.944444444444444,7.03709830693251,0.110000000000014
"N2644","MONTHLY","ets",18,1.80471602039124,0,0.555555555555556,8.31115340720078,0.120000000000005
"N2645","MONTHLY","bets",18,0.652014657236513,1,1,5.10771698771347,0.0900000000000318
"N2645","MONTHLY","ets",18,0.747281753337978,0.722222222222222,0.944444444444444,2.95022661277126,0.110000000000014
"N2646","MONTHLY","bets",18,1.66449338053703,0.444444444444444,1,5.07540792294186,0.109999999999957
"N2646","MONTHLY","ets",18,1.70599626687281,0.5,1,5.0746243636595,0.110000000000014
"N2647","MONTHLY","bets",18,1.53379517133638,1,1,8.27231313830001,0.100000000000023
"N2647","MONTHLY","ets",18,1.6337137911557,0.611111111111111,1,5.06298868668946,0.110000000000014
"N2648","MONTHLY","bets",18,1.52574129889749,0.722222222222222,1,5.36672159705004,0.089999999999975
"N2648","MONTHLY","ets",18,1.53355387552234,0.722222222222222,1,5.42118638406527,0.110000000000014
"N2649","MONTHLY","bets",18,2.82684769623847,0,0.111111111111111,46.0009563798183,0.0900000000000318
"N2649","MONTHLY","ets",18,3.01152889177498,0,0.111111111111111,60.9718168167659,0.129999999999995
"N2650","MONTHLY","bets",18,0.879424681757783,1,1,14.984138835095,0.0799999999999841
"N2650","MONTHLY","ets",18,0.998311217468623,0.944444444444444,1,5.29705939024118,0.0799999999999841
"N2651","MONTHLY","bets",18,0.618486772247815,0.888888888888889,1,3.65994173317042,0.0900000000000318
"N2651","MONTHLY","ets",18,0.622233326358338,0.833333333333333,1,3.33144389191456,0.139999999999986
"N2652","MONTHLY","bets",18,0.785689381073342,1,1,6.74825595943457,0.0900000000000318
"N2652","MONTHLY","ets",18,0.920059209490498,0.833333333333333,0.944444444444444,6.60646428199738,0.089999999999975
"N2653","MONTHLY","bets",18,0.178409819651051,1,1,6.7655163291999,0.089999999999975
"N2653","MONTHLY","ets",18,0.13967545569577,1,1,6.82393358390756,0.110000000000014
"N2654","MONTHLY","bets",18,0.595949333231827,0.944444444444444,1,5.65796974001253,0.0799999999999841
"N2654","MONTHLY","ets",18,0.558035055474244,0.944444444444444,1,6.16245288078713,0.110000000000014
"N2655","MONTHLY","bets",18,1.23936508829437,0.888888888888889,1,6.77142987141891,0.0900000000000318
"N2655","MONTHLY","ets",18,1.12857187801257,1,1,6.04957955497335,0.109999999999957
"N2656","MONTHLY","bets",18,0.659509316475465,0.944444444444444,1,4.51010031457947,0.089999999999975
"N2656","MONTHLY","ets",18,0.338752181206995,0.944444444444444,1,2.65201224215902,0.0900000000000318
"N2657","MONTHLY","bets",18,0.178594304680737,1,1,5.18758197538791,0.0999999999999659
"N2657","MONTHLY","ets",18,0.206771651391049,1,1,3.83252026657068,0.0900000000000318
"N2658","MONTHLY","bets",18,1.32609811929781,0.5,0.833333333333333,6.64477544197198,0.089999999999975
"N2658","MONTHLY","ets",18,1.37383946888668,0.5,0.777777777777778,7.14372412360893,0.0900000000000318
"N2659","MONTHLY","bets",18,0.776959998341718,0.888888888888889,1,6.05030207914463,0.110000000000014
"N2659","MONTHLY","ets",18,0.806435562090731,0.888888888888889,1,5.9241097257242,0.110000000000014
"N2660","MONTHLY","bets",18,0.231426192427059,0.944444444444444,1,2.94761716433447,0.110000000000014
"N2660","MONTHLY","ets",18,0.22315977848932,0.944444444444444,1,2.6740991211598,0.189999999999998
"N2661","MONTHLY","bets",18,2.68297069025661,0.0555555555555556,0.444444444444444,37.1938819057279,0.089999999999975
"N2661","MONTHLY","ets",18,1.71437819240207,0.111111111111111,0.388888888888889,32.3494210221484,0.129999999999995
"N2662","MONTHLY","bets",18,1.34494726054717,0.277777777777778,0.444444444444444,27.8594173566082,0.0800000000000409
"N2662","MONTHLY","ets",18,1.39986145224061,0.166666666666667,0.277777777777778,30.3058221103544,0.129999999999995
"N2663","MONTHLY","bets",18,0.497400998474606,0.611111111111111,1,1.88173674743262,0.089999999999975
"N2663","MONTHLY","ets",18,0.473788855310896,0.388888888888889,0.888888888888889,1.82661123342446,0.129999999999995
"N2664","MONTHLY","bets",18,0.47547868292638,1,1,3.69825490793429,0.110000000000014
"N2664","MONTHLY","ets",18,0.485221746444259,1,1,3.44976822336513,0.110000000000014
"N2665","MONTHLY","bets",18,3.97813330171042,0.166666666666667,0.277777777777778,77.3470480056455,0.120000000000005
"N2665","MONTHLY","ets",18,3.99155256583718,0.166666666666667,0.222222222222222,86.0138085071892,0.109999999999957
"N2666","MONTHLY","bets",18,0.544208837249078,1,1,3.7814745143013,0.0999999999999659
"N2666","MONTHLY","ets",18,0.411733854345092,0.777777777777778,1,2.05265827615733,0.110000000000014
"N2667","MONTHLY","bets",18,0.336069156151709,0.777777777777778,0.944444444444444,2.01090474325753,0.139999999999986
"N2667","MONTHLY","ets",18,0.320937863776743,0.777777777777778,0.944444444444444,1.66807672603595,0.180000000000007
"N2668","MONTHLY","bets",18,2.23030690682386,0.333333333333333,1,6.1938514674011,0.110000000000014
"N2668","MONTHLY","ets",18,2.18916518703491,0.444444444444444,1,6.30063119448426,0.259999999999991
"N2669","MONTHLY","bets",18,0.32479047590743,0.833333333333333,0.944444444444444,1.90291177510769,0.110000000000014
"N2669","MONTHLY","ets",18,0.303663832039016,0.833333333333333,0.944444444444444,1.71879368227948,0.150000000000034
"N2670","MONTHLY","bets",18,0.582030577706211,0.833333333333333,1,2.33832156841218,0.110000000000014
"N2670","MONTHLY","ets",18,0.664030758035985,0.555555555555556,0.833333333333333,3.77109277172718,0.169999999999959
"N2671","MONTHLY","bets",18,0.883397500396542,0.888888888888889,0.944444444444444,3.92376853153495,0.120000000000005
"N2671","MONTHLY","ets",18,1.04692727375188,0.777777777777778,0.944444444444444,3.65545044110314,0.160000000000025
"N2672","MONTHLY","bets",18,1.49363712204469,0.555555555555556,1,5.19899821133125,0.110000000000014
"N2672","MONTHLY","ets",18,1.50527550145489,0.555555555555556,1,5.0143302169065,0.159999999999968
"N2673","MONTHLY","bets",18,0.839206439816755,0.944444444444444,0.944444444444444,4.25200514072066,0.110000000000014
"N2673","MONTHLY","ets",18,0.806769750771851,0.944444444444444,0.944444444444444,3.78762877732767,0.170000000000016
"N2674","MONTHLY","bets",18,0.91614780179069,0.888888888888889,1,3.80547565282355,0.139999999999986
"N2674","MONTHLY","ets",18,1.60669355585392,0.111111111111111,0.388888888888889,7.66634275143073,0.139999999999986
"N2675","MONTHLY","bets",18,0.500388622214188,1,1,3.47359782675174,0.110000000000014
"N2675","MONTHLY","ets",18,0.963143577860917,0.944444444444444,1,3.96417465555154,0.180000000000007
"N2676","MONTHLY","bets",18,0.772297503024643,0.944444444444444,1,3.01423228265422,0.120000000000005
"N2676","MONTHLY","ets",18,0.751216768009765,0.944444444444444,1,2.78628373462384,0.159999999999968
"N2677","MONTHLY","bets",18,0.404027120051994,1,1,3.95338373251338,0.129999999999995
"N2677","MONTHLY","ets",18,0.436463154976278,0.888888888888889,1,2.99319911591385,0.139999999999986
"N2678","MONTHLY","bets",18,0.319160936656562,1,1,3.44096859911253,0.110000000000014
"N2678","MONTHLY","ets",18,0.353362021387063,1,1,2.860484419248,0.159999999999968
"N2679","MONTHLY","bets",18,0.726431976908308,0.833333333333333,1,5.52910558692409,0.120000000000005
"N2679","MONTHLY","ets",18,0.762068993348866,0.777777777777778,0.944444444444444,6.3682196522018,0.139999999999986
"N2680","MONTHLY","bets",18,0.777574102880442,1,1,4.4030973528774,0.110000000000014
"N2680","MONTHLY","ets",18,0.587090871850002,1,1,3.28080560257931,0.149999999999977
"N2681","MONTHLY","bets",18,0.259361789513147,1,1,4.17011096614443,0.129999999999995
"N2681","MONTHLY","ets",18,0.21688681853045,1,1,3.45384712283506,0.140000000000043
"N2682","MONTHLY","bets",18,0.289226593893735,1,1,3.28743728145477,0.110000000000014
"N2682","MONTHLY","ets",18,0.310176702676524,1,1,2.95572378387137,0.159999999999968
"N2683","MONTHLY","bets",18,0.0953458843789465,1,1,2.87394114116529,0.170000000000016
"N2683","MONTHLY","ets",18,0.085291597538646,1,1,3.56395303833672,0.159999999999968
"N2684","MONTHLY","bets",18,0.378197632036277,1,1,3.08240486276069,0.200000000000045
"N2684","MONTHLY","ets",18,0.479802386240283,1,1,3.051754352706,0.159999999999968
"N2685","MONTHLY","bets",18,0.25737096191621,1,1,4.30715885635933,0.120000000000005
"N2685","MONTHLY","ets",18,0.387843937848386,1,1,2.75981760359061,0.170000000000016
"N2686","MONTHLY","bets",18,0.56410133050998,1,1,3.25673436715946,0.139999999999986
"N2686","MONTHLY","ets",18,0.611149317613132,1,1,2.84478398300386,0.170000000000016
"N2687","MONTHLY","bets",18,0.432906040669034,1,1,4.31943172615801,0.139999999999986
"N2687","MONTHLY","ets",18,0.315173401896691,1,1,3.60152696199131,0.160000000000025
"N2688","MONTHLY","bets",18,0.332705996112303,1,1,3.76680808664098,0.139999999999986
"N2688","MONTHLY","ets",18,0.331896334210401,1,1,3.66051013535377,0.160000000000025
"N2689","MONTHLY","bets",18,0.246163943286447,1,1,1.62068537589683,0.120000000000005
"N2689","MONTHLY","ets",18,0.177961484966257,1,1,1.53261250109851,0.169999999999959
"N2690","MONTHLY","bets",18,0.112609347698501,1,1,4.59640990656291,0.129999999999995
"N2690","MONTHLY","ets",18,0.695628638285487,1,1,3.77121190775169,0.150000000000034
"N2691","MONTHLY","bets",18,0.650504270512715,0.666666666666667,1,2.85986422094632,0.110000000000014
"N2691","MONTHLY","ets",18,0.725188392960383,0.611111111111111,1,2.9747680409405,0.149999999999977
"N2692","MONTHLY","bets",18,0.499583651371647,0.944444444444444,1,2.17937789617785,0.109999999999957
"N2692","MONTHLY","ets",18,0.479297873409567,0.777777777777778,1,1.68637685955329,0.160000000000025
"N2693","MONTHLY","bets",18,0.328785994613308,1,1,1.70117139392072,0.110000000000014
"N2693","MONTHLY","ets",18,0.338910784017363,1,1,1.32764805432948,0.149999999999977
"N2694","MONTHLY","bets",18,0.179072295636026,1,1,1.11988599932906,0.120000000000005
"N2694","MONTHLY","ets",18,0.176873338093804,1,1,0.910096059002497,0.160000000000025
"N2695","MONTHLY","bets",18,0.266450413468601,1,1,2.4600046395017,0.129999999999995
"N2695","MONTHLY","ets",18,0.377037750196389,1,1,1.59413286841975,0.139999999999986
"N2696","MONTHLY","bets",18,1.11417761062468,1,1,18.4351793919586,0.180000000000007
"N2696","MONTHLY","ets",18,1.14254015613427,1,1,18.244290341189,0.129999999999995
"N2697","MONTHLY","bets",18,0.550613622627811,0.611111111111111,0.944444444444444,2.38037002319025,0.110000000000014
"N2697","MONTHLY","ets",18,0.415272540227507,0.333333333333333,0.888888888888889,1.41018430037404,0.159999999999968
"N2698","MONTHLY","bets",18,0.189402950503427,1,1,1.89278692509066,0.129999999999995
"N2698","MONTHLY","ets",18,0.208136980158831,1,1,1.54356699302863,0.160000000000025
"N2699","MONTHLY","bets",18,0.43484314613019,1,1,2.67488543179069,0.319999999999993
"N2699","MONTHLY","ets",18,0.515606267260107,0.777777777777778,1,1.71402011427175,0.139999999999986
"N2700","MONTHLY","bets",18,0.29402925977151,1,1,3.82636243090639,0.109999999999957
"N2700","MONTHLY","ets",18,0.246459909188889,1,1,3.05450819781252,0.160000000000025
"N2701","MONTHLY","bets",18,0.592355658455435,0.888888888888889,1,2.4492539681164,0.149999999999977
"N2701","MONTHLY","ets",18,0.497820007036341,0.944444444444444,1,2.15467959573275,0.160000000000025
"N2702","MONTHLY","bets",18,0.675953504575227,1,1,3.79172507078553,0.129999999999995
"N2702","MONTHLY","ets",18,0.666046618282713,0.944444444444444,1,3.3880002260877,0.160000000000025
"N2703","MONTHLY","bets",18,0.103435360461031,1,1,4.6334650447722,0.110000000000014
"N2703","MONTHLY","ets",18,0.451152474032048,1,1,7.05265925827484,0.139999999999986
"N2704","MONTHLY","bets",18,0.816449871064547,1,1,3.45159038954742,0.110000000000014
"N2704","MONTHLY","ets",18,1.03408184208359,0.5,1,3.19884380531132,0.149999999999977
"N2705","MONTHLY","bets",18,0.643129210644452,0.944444444444444,1,4.14412593140277,0.129999999999995
"N2705","MONTHLY","ets",18,1.03383889490734,0.777777777777778,1,4.39134334285862,0.180000000000007
"N2706","MONTHLY","bets",18,0.372768791761554,1,1,3.83647892168437,0.150000000000034
"N2706","MONTHLY","ets",18,0.409261745666798,1,1,3.08605998025275,0.169999999999959
"N2707","MONTHLY","bets",18,0.625695600919393,1,1,5.56616183634043,0.140000000000043
"N2707","MONTHLY","ets",18,0.661713014632442,0.888888888888889,1,6.0143841419304,0.149999999999977
"N2708","MONTHLY","bets",18,0.373125510319416,1,1,3.59477182338202,0.139999999999986
"N2708","MONTHLY","ets",18,0.636616583164972,1,1,3.9784000044538,0.160000000000025
"N2709","MONTHLY","bets",18,0.0891291064366452,1,1,2.99810687697361,0.129999999999995
"N2709","MONTHLY","ets",18,0.0940885984672824,1,1,2.72371750660564,0.149999999999977
"N2710","MONTHLY","bets",18,0.340673096644827,1,1,3.69429566899734,0.129999999999995
"N2710","MONTHLY","ets",18,0.669192099740553,0.777777777777778,1,2.84960196797966,0.120000000000005
"N2711","MONTHLY","bets",18,0.369035270607309,1,1,4.69790376414199,0.140000000000043
"N2711","MONTHLY","ets",18,0.429919559014967,1,1,3.98720441716643,0.159999999999968
"N2712","MONTHLY","bets",18,1.2225721220333,0.833333333333333,1,5.53489649047886,0.129999999999995
"N2712","MONTHLY","ets",18,1.118483008138,0.666666666666667,1,3.8742829715534,0.160000000000025
"N2713","MONTHLY","bets",18,0.151803084614398,1,1,4.80435852639539,0.139999999999986
"N2713","MONTHLY","ets",18,0.625647310924566,1,1,4.05578335672516,0.180000000000007
"N2714","MONTHLY","bets",18,0.634924603698921,0.722222222222222,1,2.97978215772528,0.129999999999995
"N2714","MONTHLY","ets",18,0.670341229972332,0.611111111111111,1,2.56901107822023,0.160000000000025
"N2715","MONTHLY","bets",18,0.559417466587994,0.944444444444444,1,2.37423657675461,0.129999999999995
"N2715","MONTHLY","ets",18,0.494222796482156,0.833333333333333,1,1.83319362089592,0.170000000000016
"N2716","MONTHLY","bets",18,0.178114747229223,1,1,1.25178385676748,0.120000000000005
"N2716","MONTHLY","ets",18,0.151402671074812,1,1,1.0418855304962,0.169999999999959
"N2717","MONTHLY","bets",18,0.98204787024793,0.777777777777778,1,4.53541016976504,0.129999999999995
"N2717","MONTHLY","ets",18,0.986538747753542,0.777777777777778,1,4.46437977914694,0.120000000000005
"N2718","MONTHLY","bets",18,0.494974216809816,0.944444444444444,1,2.87623192680304,0.139999999999986
"N2718","MONTHLY","ets",18,0.521330675744807,0.944444444444444,1,2.6469964896154,0.139999999999986
"N2719","MONTHLY","bets",18,0.507128954838056,1,1,3.03034820199585,0.159999999999968
"N2719","MONTHLY","ets",18,0.530012621714007,0.944444444444444,1,2.78764620848741,0.170000000000016
"N2720","MONTHLY","bets",18,0.905852423078752,0.666666666666667,1,3.18967169064021,0.129999999999995
"N2720","MONTHLY","ets",18,0.945830033173838,0.555555555555556,1,2.95579988241991,0.170000000000016
"N2721","MONTHLY","bets",18,0.258551201080605,0.833333333333333,1,1.67639310518652,0.120000000000005
"N2721","MONTHLY","ets",18,0.21196967180646,0.833333333333333,1,1.30691274865892,0.159999999999968
"N2722","MONTHLY","bets",18,0.533498204983189,0.944444444444444,0.944444444444444,3.92974115942638,0.139999999999986
"N2722","MONTHLY","ets",18,0.536246964925608,0.888888888888889,0.944444444444444,3.73606968215264,0.160000000000025
"N2723","MONTHLY","bets",18,0.272262937014534,0.833333333333333,0.944444444444444,1.77214611446901,0.129999999999995
"N2723","MONTHLY","ets",18,0.170071114709087,0.833333333333333,1,1.16917329201025,0.139999999999986
"N2724","MONTHLY","bets",18,0.402390028875074,0.888888888888889,0.944444444444444,3.06667985324308,0.109999999999957
"N2724","MONTHLY","ets",18,0.404172949673493,0.888888888888889,0.944444444444444,2.66886262158524,0.170000000000016
"N2725","MONTHLY","bets",18,0.927028342186129,0.722222222222222,1,3.90263466755522,0.110000000000014
"N2725","MONTHLY","ets",18,0.666753101064924,0.666666666666667,0.944444444444444,2.86203629427291,0.160000000000025
"N2726","MONTHLY","bets",18,0.564180619684555,0.611111111111111,1,2.29053142024251,0.21999999999997
"N2726","MONTHLY","ets",18,0.771911209420162,0.388888888888889,0.888888888888889,2.6616288524537,0.160000000000025
"N2727","MONTHLY","bets",18,1.2433871040787,0.166666666666667,0.666666666666667,4.87616210132369,0.129999999999995
"N2727","MONTHLY","ets",18,1.44422238156978,0,0.333333333333333,12.5634885436578,0.170000000000016
"N2728","MONTHLY","bets",18,0.165349067932757,0.888888888888889,0.944444444444444,1.4597272673589,0.120000000000005
"N2728","MONTHLY","ets",18,0.172599171045791,0.888888888888889,0.888888888888889,1.39795714510374,0.139999999999986
"N2729","MONTHLY","bets",18,0.378972785559698,0.944444444444444,1,2.93498926926224,0.120000000000005
"N2729","MONTHLY","ets",18,0.427819062301749,0.833333333333333,1,2.41426187761755,0.160000000000025
"N2730","MONTHLY","bets",18,0.425543329282637,0.666666666666667,0.944444444444444,1.99618458125656,0.170000000000016
"N2730","MONTHLY","ets",18,0.332119069599349,0.722222222222222,0.944444444444444,1.72337776501656,0.169999999999959
"N2731","MONTHLY","bets",18,0.605279534282794,0.888888888888889,0.944444444444444,4.5224046946335,0.110000000000014
"N2731","MONTHLY","ets",18,0.458528783385018,0.944444444444444,0.944444444444444,3.50751726116417,0.180000000000007
"N2732","MONTHLY","bets",18,0.457649912214264,0.666666666666667,0.777777777777778,3.51431890700379,0.120000000000005
"N2732","MONTHLY","ets",18,0.475688711304157,0.555555555555556,0.722222222222222,4.74893381927608,0.129999999999995
"N2733","MONTHLY","bets",18,0.158131834366593,0.944444444444444,0.944444444444444,1.57820813629767,0.129999999999995
"N2733","MONTHLY","ets",18,0.17039449463382,0.888888888888889,1,1.05048110523013,0.139999999999986
"N2734","MONTHLY","bets",18,0.429019640030661,1,1,3.81280452335844,0.109999999999957
"N2734","MONTHLY","ets",18,0.402927133808843,1,1,3.24430075933503,0.140000000000043
"N2735","MONTHLY","bets",18,0.317123843761739,1,1,7.60785446746183,0.129999999999995
"N2735","MONTHLY","ets",18,0.511400883049448,1,1,6.46123933547979,0.109999999999957
"N2736","MONTHLY","bets",18,1.54395870515487,0.777777777777778,0.888888888888889,8.75356338832023,0.120000000000005
"N2736","MONTHLY","ets",18,1.53672947774639,0.555555555555556,0.944444444444444,7.04128734427934,0.140000000000043
"N2737","MONTHLY","bets",18,1.33288299016914,0.722222222222222,0.888888888888889,7.05726238961515,0.129999999999995
"N2737","MONTHLY","ets",18,1.14129536244073,0.722222222222222,1,5.22636420598818,0.149999999999977
"N2738","MONTHLY","bets",18,1.27856482237569,0.777777777777778,0.888888888888889,8.71166556289997,0.189999999999998
"N2738","MONTHLY","ets",18,0.615300148507058,0.944444444444444,1,5.60439082154028,0.160000000000025
"N2739","MONTHLY","bets",18,1.26944627020636,0.833333333333333,0.944444444444444,8.48022106176479,0.25
"N2739","MONTHLY","ets",18,0.724321033561845,0.944444444444444,1,6.23466607378917,0.149999999999977
"N2740","MONTHLY","bets",18,0.332002780989215,0.833333333333333,1,2.22019533451241,0.110000000000014
"N2740","MONTHLY","ets",18,0.383461791406318,0.777777777777778,1,1.8354531503094,0.139999999999986
"N2741","MONTHLY","bets",18,1.94352825766982,0.722222222222222,0.944444444444444,10.1554924624886,0.0999999999999659
"N2741","MONTHLY","ets",18,1.59687451992959,0.666666666666667,0.944444444444444,6.85792547500631,0.129999999999995
"N2742","MONTHLY","bets",18,0.798245773020299,0.944444444444444,1,6.2015979885789,0.120000000000005
"N2742","MONTHLY","ets",18,0.885831455174047,0.888888888888889,0.944444444444444,6.03708299219035,0.160000000000025
"N2743","MONTHLY","bets",18,1.51877336278137,0.5,0.555555555555556,13.9625693541173,0.129999999999995
"N2743","MONTHLY","ets",18,1.52860184713812,0.333333333333333,0.5,17.1702276618365,0.120000000000005
"N2744","MONTHLY","bets",18,2.73198994009667,1,1,12.4052605158944,0.129999999999995
"N2744","MONTHLY","ets",18,2.47406321842527,1,1,10.892160033562,0.139999999999986
"N2745","MONTHLY","bets",18,2.37090073777257,0.666666666666667,0.888888888888889,10.208329379576,0.110000000000014
"N2745","MONTHLY","ets",18,1.82001169131883,0.555555555555556,0.833333333333333,9.96473850364797,0.170000000000016
"N2746","MONTHLY","bets",18,0.409328353687083,0.888888888888889,1,2.52254563035823,0.120000000000005
"N2746","MONTHLY","ets",18,0.391195656938567,0.666666666666667,1,1.97807298013425,0.159999999999968
"N2747","MONTHLY","bets",18,1.25721186559176,0.666666666666667,0.888888888888889,8.07591179863457,0.139999999999986
"N2747","MONTHLY","ets",18,1.22224770277935,0.666666666666667,0.888888888888889,7.30260519385831,0.140000000000043
"N2748","MONTHLY","bets",18,6.79872682589983,0,0,144.990660454839,0.110000000000014
"N2748","MONTHLY","ets",18,4.89626438273697,0,0,133.14659770188,0.120000000000005
"N2749","MONTHLY","bets",18,0.101356454996064,1,1,4.64604855031447,0.0699999999999932
"N2749","MONTHLY","ets",18,0.0910168954988651,1,1,4.08328861726915,0.100000000000023
"N2750","MONTHLY","bets",18,0.0994775888096456,1,1,5.29422039153315,0.089999999999975
"N2750","MONTHLY","ets",18,0.0870317856381936,1,1,4.87040185086799,0.0600000000000023
"N2751","MONTHLY","bets",18,0.307492516932152,1,1,5.46698960216082,0.0900000000000318
"N2751","MONTHLY","ets",18,0.324509350159901,1,1,5.02735103894295,0.0799999999999841
"N2752","MONTHLY","bets",18,0.949075923067433,0.888888888888889,0.944444444444444,13.7897395332493,0.0900000000000318
"N2752","MONTHLY","ets",18,1.66292809747443,0.833333333333333,0.833333333333333,28.0860424204842,0.0799999999999841
"N2753","MONTHLY","bets",18,0.347376498954252,0.722222222222222,1,1.45567756624439,0.110000000000014
"N2753","MONTHLY","ets",18,0.275891052945438,0.666666666666667,1,1.05791632375073,0.120000000000005
"N2754","MONTHLY","bets",18,0.548893489142312,1,1,7.23864905332457,0.0999999999999659
"N2754","MONTHLY","ets",18,0.489695657926404,1,1,7.05413834262064,0.120000000000005
"N2755","MONTHLY","bets",18,0.850960961630512,1,1,4.84408693851988,0.100000000000023
"N2755","MONTHLY","ets",18,0.76000040889465,0.722222222222222,1,2.57264234299561,0.089999999999975
"N2756","MONTHLY","bets",18,0.290777555521303,1,1,5.71783451144965,0.089999999999975
"N2756","MONTHLY","ets",18,0.258542150364325,1,1,2.44593843485473,0.110000000000014
"N2757","MONTHLY","bets",18,0.281065029030093,0.944444444444444,1,2.06306306511491,0.089999999999975
"N2757","MONTHLY","ets",18,0.293018025396415,0.611111111111111,0.888888888888889,1.32692040687923,0.129999999999995
"N2758","MONTHLY","bets",18,0.867891718778006,1,1,6.1064283009004,0.0799999999999841
"N2758","MONTHLY","ets",18,0.648801766011145,1,1,4.74925578901179,0.089999999999975
"N2759","MONTHLY","bets",18,1.07669067388904,1,1,5.92339151977404,0.100000000000023
"N2759","MONTHLY","ets",18,0.845181984363233,1,1,4.45689952881058,0.120000000000005
"N2760","MONTHLY","bets",18,0.314828576059186,0.888888888888889,1,5.82045356636039,0.0999999999999659
"N2760","MONTHLY","ets",18,0.233338750723319,0.944444444444444,1,3.12492532091723,0.110000000000014
"N2761","MONTHLY","bets",18,0.424443427682742,1,1,5.03156389968067,0.0900000000000318
"N2761","MONTHLY","ets",18,0.422905181942414,1,1,4.11926746609301,0.109999999999957
"N2762","MONTHLY","bets",18,0.246865624532969,1,1,4.54210555188617,0.110000000000014
"N2762","MONTHLY","ets",18,0.238291927193896,1,1,3.1801891143085,0.139999999999986
"N2763","MONTHLY","bets",18,1.22890792672546,1,1,5.86369534228353,0.20999999999998
"N2763","MONTHLY","ets",18,0.933150162501562,1,1,4.54993351385668,0.110000000000014
"N2764","MONTHLY","bets",18,0.559592161441065,1,1,5.47588701913025,0.0999999999999659
"N2764","MONTHLY","ets",18,0.536247213295305,1,1,4.66046400604467,0.110000000000014
"N2765","MONTHLY","bets",18,0.447566279582408,1,1,4.81197278284581,0.0900000000000318
"N2765","MONTHLY","ets",18,0.454279118689099,1,1,4.10332158089627,0.109999999999957
"N2766","MONTHLY","bets",18,1.21810113282687,1,1,6.22566691314308,0.0900000000000318
"N2766","MONTHLY","ets",18,0.859795652200755,0.777777777777778,1,3.30607205392502,0.110000000000014
"N2767","MONTHLY","bets",18,0.417117709075228,1,1,5.21982681630153,0.0999999999999659
"N2767","MONTHLY","ets",18,0.368735175251661,1,1,4.58027190614931,0.0900000000000318
"N2768","MONTHLY","bets",18,1.11202541088167,1,1,6.00875593034122,0.129999999999995
"N2768","MONTHLY","ets",18,1.11309675221958,1,1,5.51410309461665,0.139999999999986
"N2769","MONTHLY","bets",18,1.04529641427993,1,1,4.63462836322257,0.110000000000014
"N2769","MONTHLY","ets",18,1.10123689815099,0.777777777777778,1,3.7375004994121,0.120000000000005
"N2770","MONTHLY","bets",18,0.297767355401325,1,1,4.60143721000637,0.120000000000005
"N2770","MONTHLY","ets",18,0.309723356068349,1,1,4.52084914564011,0.110000000000014
"N2771","MONTHLY","bets",18,0.267535114620379,1,1,4.3257108895159,0.129999999999995
"N2771","MONTHLY","ets",18,0.313769200331769,1,1,2.37736477209192,0.0999999999999659
"N2772","MONTHLY","bets",18,0.724136169778296,0.833333333333333,1,5.23349637267336,0.089999999999975
"N2772","MONTHLY","ets",18,0.818728074907524,0.833333333333333,1,5.0661334192561,0.129999999999995
"N2773","MONTHLY","bets",18,0.285585321722687,0.888888888888889,1,1.62878986041342,0.120000000000005
"N2773","MONTHLY","ets",18,0.321368550845125,0.777777777777778,1,1.2661545892464,0.180000000000007
"N2774","MONTHLY","bets",18,0.909410884435099,0.444444444444444,0.944444444444444,2.56598584347307,0.139999999999986
"N2774","MONTHLY","ets",18,0.979224454297633,0.166666666666667,0.5,4.43219252246154,0.160000000000025
"N2775","MONTHLY","bets",18,1.31449488111028,0.333333333333333,0.888888888888889,4.52345932662942,0.129999999999995
"N2775","MONTHLY","ets",18,1.92863629650926,0.0555555555555556,0.444444444444444,7.77043689954501,0.139999999999986
"N2776","MONTHLY","bets",18,0.434318541062512,1,1,2.25743716550181,0.120000000000005
"N2776","MONTHLY","ets",18,0.513487527158242,0.888888888888889,1,1.94837990039149,0.160000000000025
"N2777","MONTHLY","bets",18,0.126793764567314,1,1,0.819793999389364,0.110000000000014
"N2777","MONTHLY","ets",18,0.144024911251696,0.888888888888889,1,0.777711624447024,0.170000000000016
"N2778","MONTHLY","bets",18,0.914550201435251,0.777777777777778,0.944444444444444,9.75653410781218,0.109999999999957
"N2778","MONTHLY","ets",18,0.941080303201171,0.722222222222222,0.944444444444444,9.01562170683289,0.110000000000014
"N2779","MONTHLY","bets",18,0.862172795681736,0.777777777777778,0.944444444444444,6.21297900279162,0.100000000000023
"N2779","MONTHLY","ets",18,0.860708019741912,0.777777777777778,0.944444444444444,6.67338650480623,0.089999999999975
"N2780","MONTHLY","bets",18,0.513548778611558,0.944444444444444,1,3.09939900138921,0.110000000000014
"N2780","MONTHLY","ets",18,0.534722899372355,0.888888888888889,1,3.08059853928595,0.110000000000014
"N2781","MONTHLY","bets",18,0.794715865964834,0.777777777777778,0.944444444444444,4.67016895135319,0.110000000000014
"N2781","MONTHLY","ets",18,0.758230452674897,0.833333333333333,0.944444444444444,4.40698067465043,0.120000000000005
"N2782","MONTHLY","bets",18,0.829034140275781,0.777777777777778,1,4.18406139601476,0.110000000000014
"N2782","MONTHLY","ets",18,0.814903926059019,0.722222222222222,1,3.42612981197919,0.089999999999975
"N2783","MONTHLY","bets",18,0.648495287160639,0.888888888888889,1,4.03961504827988,0.140000000000043
"N2783","MONTHLY","ets",18,0.678549847260647,0.833333333333333,1,3.96140383985961,0.109999999999957
"N2784","MONTHLY","bets",18,0.593390672733466,0.888888888888889,1,3.83299702529462,0.110000000000014
"N2784","MONTHLY","ets",18,0.561131403820875,0.888888888888889,0.944444444444444,3.18820362281224,0.110000000000014
"N2785","MONTHLY","bets",18,0.75252532375725,0.777777777777778,1,3.79706737591563,0.120000000000005
"N2785","MONTHLY","ets",18,0.738457188294976,0.722222222222222,1,3.3986701853231,0.129999999999995
"N2786","MONTHLY","bets",18,0.974805255768817,0.722222222222222,0.833333333333333,7.03518781302809,0.110000000000014
"N2786","MONTHLY","ets",18,0.936627368042373,0.666666666666667,0.777777777777778,8.60431771491865,0.159999999999968
"N2787","MONTHLY","bets",18,0.744927102106126,0.833333333333333,0.944444444444444,4.64633885582744,0.0999999999999659
"N2787","MONTHLY","ets",18,0.791913402344219,0.833333333333333,0.944444444444444,5.22453605568397,0.110000000000014
"N2788","MONTHLY","bets",18,0.86367938090142,0.722222222222222,0.944444444444444,5.06911562160114,0.110000000000014
"N2788","MONTHLY","ets",18,0.765782897571543,0.777777777777778,0.944444444444444,4.40051040104631,0.139999999999986
"N2789","MONTHLY","bets",18,0.671403720134894,0.944444444444444,1,4.04049766265669,0.110000000000014
"N2789","MONTHLY","ets",18,0.64155026452,0.888888888888889,1,3.70522159212269,0.159999999999968
"N2790","MONTHLY","bets",18,1.17336013696638,0.444444444444444,0.833333333333333,6.43773407682086,0.110000000000014
"N2790","MONTHLY","ets",18,1.15832293797331,0.444444444444444,0.722222222222222,6.92752797730487,0.110000000000014
"N2791","MONTHLY","bets",18,0.700535602775295,0.888888888888889,1,3.76229956567508,0.100000000000023
"N2791","MONTHLY","ets",18,0.714963455013338,0.722222222222222,1,3.53692691194759,0.149999999999977
"N2792","MONTHLY","bets",18,0.478624865802626,0.944444444444444,1,3.75222594724061,0.0900000000000318
"N2792","MONTHLY","ets",18,0.525181755486538,0.888888888888889,0.944444444444444,3.69802333975395,0.139999999999986
"N2793","MONTHLY","bets",18,0.578075169982127,1,1,4.71945942690955,0.110000000000014
"N2793","MONTHLY","ets",18,0.552315427169685,0.944444444444444,1,3.88595510796889,0.120000000000005
"N2794","MONTHLY","bets",18,0.753517073728315,0.944444444444444,1,5.07779154358016,0.110000000000014
"N2794","MONTHLY","ets",18,0.819610825314065,0.888888888888889,1,4.68822076889812,0.159999999999968
"N2795","MONTHLY","bets",18,0.608753041980882,0.944444444444444,1,4.10093103923237,0.109999999999957
"N2795","MONTHLY","ets",18,0.536341484150901,0.888888888888889,0.944444444444444,3.73249873629051,0.110000000000014
"N2796","MONTHLY","bets",18,0.589708071993679,0.944444444444444,1,3.91531051885969,0.100000000000023
"N2796","MONTHLY","ets",18,0.64999533465718,0.944444444444444,1,3.60379890114852,0.120000000000005
"N2797","MONTHLY","bets",18,0.503163721329042,0.944444444444444,1,4.46282803661613,0.110000000000014
"N2797","MONTHLY","ets",18,0.515901868191828,0.944444444444444,1,4.01417370892097,0.169999999999959
"N2798","MONTHLY","bets",18,0.929882104742725,0.666666666666667,0.944444444444444,6.07968432740455,0.109999999999957
"N2798","MONTHLY","ets",18,0.786281376253151,0.833333333333333,0.944444444444444,5.80517684648241,0.129999999999995
"N2799","MONTHLY","bets",18,0.853300431106755,0.666666666666667,0.944444444444444,6.64652620270747,0.169999999999959
"N2799","MONTHLY","ets",18,0.955915415334139,0.666666666666667,0.888888888888889,7.00752710809524,0.129999999999995
"N2800","MONTHLY","bets",18,0.573706586854728,1,1,4.39111324799481,0.110000000000014
"N2800","MONTHLY","ets",18,0.517506795660153,1,1,3.9264989902965,0.110000000000014
"N2801","MONTHLY","bets",18,0.416746468297568,1,1,3.42347320327594,0.100000000000023
"N2801","MONTHLY","ets",18,0.726923866181449,0.833333333333333,1,2.68651724085021,0.109999999999957
"N2802","MONTHLY","bets",18,0.259410424539067,1,1,3.73745279700644,0.0999999999999659
"N2802","MONTHLY","ets",18,0.130817773608713,1,1,1.76519427304245,0.110000000000014
"N2803","MONTHLY","bets",18,0.265367894817554,1,1,3.2249202864234,0.089999999999975
"N2803","MONTHLY","ets",18,0.653992772039304,1,1,2.97021793162873,0.120000000000005
"N2804","MONTHLY","bets",18,0.162456514728543,1,1,3.32973571146216,0.100000000000023
"N2804","MONTHLY","ets",18,0.380462575427404,0.944444444444444,1,2.6584851393637,0.110000000000014
"N2805","MONTHLY","bets",18,0.238713679433994,1,1,4.80264519305017,0.089999999999975
"N2805","MONTHLY","ets",18,0.267784164930621,1,1,2.0474019682327,0.100000000000023
"N2806","MONTHLY","bets",18,0.865694227691485,0.944444444444444,1,4.57733297375152,0.089999999999975
"N2806","MONTHLY","ets",18,0.517669134810433,0.944444444444444,0.944444444444444,6.26719822924648,0.100000000000023
"N2807","MONTHLY","bets",18,0.910734383302477,1,1,4.04502676251968,0.0799999999999841
"N2807","MONTHLY","ets",18,0.637329563998413,0.944444444444444,1,2.8907639468276,0.129999999999995
"N2808","MONTHLY","bets",18,0.613052512692954,1,1,4.33731781029513,0.0999999999999659
"N2808","MONTHLY","ets",18,1.10830523637296,1,1,4.69257258327146,0.110000000000014
"N2809","MONTHLY","bets",18,0.134384955322656,1,1,2.18284868993243,0.089999999999975
"N2809","MONTHLY","ets",18,0.152533431916623,1,1,1.09509783440598,0.120000000000005
"N2810","MONTHLY","bets",18,0.201499335628736,1,1,5.04926919134323,0.0799999999999841
"N2810","MONTHLY","ets",18,0.332141696682581,1,1,3.33151455495746,0.110000000000014
"N2811","MONTHLY","bets",18,1.8270770598453,0.277777777777778,1,4.99329438475929,0.0799999999999841
"N2811","MONTHLY","ets",18,1.96780410837331,0.166666666666667,0.277777777777778,16.644963350437,0.120000000000005
"N2812","MONTHLY","bets",18,0.0444070411145826,1,1,4.02439116592265,0.089999999999975
"N2812","MONTHLY","ets",18,0.139745449874432,1,1,3.17853444890425,0.0800000000000409
"N2813","MONTHLY","bets",18,0.214263477439372,0.555555555555556,0.833333333333333,1.69612777605962,0.089999999999975
"N2813","MONTHLY","ets",18,0.342672605557124,0.333333333333333,0.444444444444444,4.71616890371784,0.110000000000014
"N2814","MONTHLY","bets",18,0.232025770039334,1,1,2.1094945547367,0.110000000000014
"N2814","MONTHLY","ets",18,0.424840939136889,0.444444444444444,0.722222222222222,2.51015866835396,0.129999999999995
"N2815","MONTHLY","bets",18,0.2160163910743,0.944444444444444,1,2.27876422228982,0.089999999999975
"N2815","MONTHLY","ets",18,0.17900145314079,0.777777777777778,0.944444444444444,1.18656354030068,0.110000000000014
"N2816","MONTHLY","bets",18,0.0276996103409471,1,1,2.4330117179032,0.100000000000023
"N2816","MONTHLY","ets",18,0.446510970812522,0.5,0.944444444444444,1.29605118674307,0.110000000000014
"N2817","MONTHLY","bets",18,0.142698134790165,1,1,4.53696883709411,0.089999999999975
"N2817","MONTHLY","ets",18,0.362811774142433,1,1,3.46564403978035,0.129999999999995
"N2818","MONTHLY","bets",18,0.28940561346065,1,1,2.88269997355715,0.0900000000000318
"N2818","MONTHLY","ets",18,0.307111679194033,0.888888888888889,1,1.37655757901221,0.129999999999995
"N2819","MONTHLY","bets",18,0.114509077065031,1,1,3.03659296017545,0.0799999999999841
"N2819","MONTHLY","ets",18,0.349684129527053,1,1,2.28432404932471,0.120000000000005
"N2820","MONTHLY","bets",18,0.172959028747768,0.944444444444444,1,2.11399683243334,0.0900000000000318
"N2820","MONTHLY","ets",18,0.21917543370438,0.777777777777778,1,1.16248389717928,0.129999999999995
"N2821","MONTHLY","bets",18,0.290437754249094,1,1,2.06814304949872,0.089999999999975
"N2821","MONTHLY","ets",18,0.460452432058939,0.444444444444444,0.777777777777778,2.24109064412515,0.129999999999995
"N2822","MONTHLY","bets",18,1.65903513068475,0,0.833333333333333,4.19085734703732,0.0900000000000318
"N2822","MONTHLY","ets",18,1.16971681632449,0,0.444444444444444,5.97533521060701,0.129999999999995
"N2823","MONTHLY","bets",18,0.763667991621886,1,1,3.73989891508737,0.100000000000023
"N2823","MONTHLY","ets",18,0.814695211741323,1,1,3.80570626973146,0.0999999999999659
"N2824","MONTHLY","bets",18,0.105385449487006,1,1,3.45684417131566,0.089999999999975
"N2824","MONTHLY","ets",18,0.23652230753043,1,1,1.95487103350796,0.139999999999986
"N2825","MONTHLY","bets",18,0.443963608114406,0.944444444444444,1,2.79248768573335,0.109999999999957
"N2825","MONTHLY","ets",18,0.372157476711361,0.944444444444444,1,2.22328706633211,0.120000000000005
"N2826","MONTHLY","bets",18,0.329301192496863,0.833333333333333,1,1.48453905728128,0.109999999999957
"N2826","MONTHLY","ets",18,0.383480542414714,0.277777777777778,0.555555555555556,5.63277752571048,0.120000000000005
"N2827","MONTHLY","bets",18,0.215525993881429,1,1,1.91098524265425,0.110000000000014
"N2827","MONTHLY","ets",18,0.154045762076216,0.722222222222222,0.944444444444444,0.817326686332246,0.129999999999995
"N2828","MONTHLY","bets",18,0.455593962995228,1,1,4.37796251092608,0.0900000000000318
"N2828","MONTHLY","ets",18,0.606526714084915,0.777777777777778,0.944444444444444,2.69630131666561,0.129999999999995
"N2829","MONTHLY","bets",18,0.0710014600986379,1,1,1.85341266544839,0.089999999999975
"N2829","MONTHLY","ets",18,0.178644048925338,0.888888888888889,1,0.885656427715386,0.129999999999995
